combination_instance_id,rule_id,standard,traffic_action,source_kind,source_key,source_model_path,load_case_id,stage,permanent_category,factor
ec_uls_persistent__lm1_000120,ec_uls_persistent,EN 1990 / EN 1991-2,lm1,permanent_component,precast_girder_structural_dead,permanent_components/precast_girder_structural_dead/precast_girder_structural_dead.std,201,precast_girder,structural_dead,1.3500000000000001
ec_uls_persistent__lm1_000120,ec_uls_persistent,EN 1990 / EN 1991-2,lm1,permanent_component,deck_construction_structural_dead,permanent_components/deck_construction_structural_dead/deck_construction_structural_dead.std,202,deck_construction,structural_dead,1.3500000000000001
ec_uls_persistent__lm1_000120,ec_uls_persistent,EN 1990 / EN 1991-2,lm1,permanent_component,superimposed_surfacing,permanent_components/superimposed_surfacing/superimposed_surfacing.std,203,superimposed,surfacing,1.3500000000000001
ec_uls_persistent__lm1_000120,ec_uls_persistent,EN 1990 / EN 1991-2,lm1,permanent_component,superimposed_other_superimposed,permanent_components/superimposed_other_superimposed/superimposed_other_superimposed.std,204,superimposed,other_superimposed,1.3500000000000001
ec_uls_persistent__lm1_000120,ec_uls_persistent,EN 1990 / EN 1991-2,lm1,traffic_case,lm1_000120,traffic/lm1/lm1_000120/lm1_000120.std,120,superimposed,,1.3500000000000001
ec_uls_persistent__lm1_000216,ec_uls_persistent,EN 1990 / EN 1991-2,lm1,permanent_component,precast_girder_structural_dead,permanent_components/precast_girder_structural_dead/precast_girder_structural_dead.std,201,precast_girder,structural_dead,1.3500000000000001
ec_uls_persistent__lm1_000216,ec_uls_persistent,EN 1990 / EN 1991-2,lm1,permanent_component,deck_construction_structural_dead,permanent_components/deck_construction_structural_dead/deck_construction_structural_dead.std,202,deck_construction,structural_dead,1.3500000000000001
ec_uls_persistent__lm1_000216,ec_uls_persistent,EN 1990 / EN 1991-2,lm1,permanent_component,superimposed_surfacing,permanent_components/superimposed_surfacing/superimposed_surfacing.std,203,superimposed,surfacing,1.3500000000000001
ec_uls_persistent__lm1_000216,ec_uls_persistent,EN 1990 / EN 1991-2,lm1,permanent_component,superimposed_other_superimposed,permanent_components/superimposed_other_superimposed/superimposed_other_superimposed.std,204,superimposed,other_superimposed,1.3500000000000001
ec_uls_persistent__lm1_000216,ec_uls_persistent,EN 1990 / EN 1991-2,lm1,traffic_case,lm1_000216,traffic/lm1/lm1_000216/lm1_000216.std,216,superimposed,,1.3500000000000001
ec_uls_persistent__lm1_000328,ec_uls_persistent,EN 1990 / EN 1991-2,lm1,permanent_component,precast_girder_structural_dead,permanent_components/precast_girder_structural_dead/precast_girder_structural_dead.std,201,precast_girder,structural_dead,1.3500000000000001
ec_uls_persistent__lm1_000328,ec_uls_persistent,EN 1990 / EN 1991-2,lm1,permanent_component,deck_construction_structural_dead,permanent_components/deck_construction_structural_dead/deck_construction_structural_dead.std,202,deck_construction,structural_dead,1.3500000000000001
ec_uls_persistent__lm1_000328,ec_uls_persistent,EN 1990 / EN 1991-2,lm1,permanent_component,superimposed_surfacing,permanent_components/superimposed_surfacing/superimposed_surfacing.std,203,superimposed,surfacing,1.3500000000000001
ec_uls_persistent__lm1_000328,ec_uls_persistent,EN 1990 / EN 1991-2,lm1,permanent_component,superimposed_other_superimposed,permanent_components/superimposed_other_superimposed/superimposed_other_superimposed.std,204,superimposed,other_superimposed,1.3500000000000001
ec_uls_persistent__lm1_000328,ec_uls_persistent,EN 1990 / EN 1991-2,lm1,traffic_case,lm1_000328,traffic/lm1/lm1_000328/lm1_000328.std,328,superimposed,,1.3500000000000001
ec_uls_persistent__lm1_000369,ec_uls_persistent,EN 1990 / EN 1991-2,lm1,permanent_component,precast_girder_structural_dead,permanent_components/precast_girder_structural_dead/precast_girder_structural_dead.std,201,precast_girder,structural_dead,1.3500000000000001
ec_uls_persistent__lm1_000369,ec_uls_persistent,EN 1990 / EN 1991-2,lm1,permanent_component,deck_construction_structural_dead,permanent_components/deck_construction_structural_dead/deck_construction_structural_dead.std,202,deck_construction,structural_dead,1.3500000000000001
ec_uls_persistent__lm1_000369,ec_uls_persistent,EN 1990 / EN 1991-2,lm1,permanent_component,superimposed_surfacing,permanent_components/superimposed_surfacing/superimposed_surfacing.std,203,superimposed,surfacing,1.3500000000000001
ec_uls_persistent__lm1_000369,ec_uls_persistent,EN 1990 / EN 1991-2,lm1,permanent_component,superimposed_other_superimposed,permanent_components/superimposed_other_superimposed/superimposed_other_superimposed.std,204,superimposed,other_superimposed,1.3500000000000001
ec_uls_persistent__lm1_000369,ec_uls_persistent,EN 1990 / EN 1991-2,lm1,traffic_case,lm1_000369,traffic/lm1/lm1_000369/lm1_000369.std,369,superimposed,,1.3500000000000001
ec_uls_persistent__lm1_000376,ec_uls_persistent,EN 1990 / EN 1991-2,lm1,permanent_component,precast_girder_structural_dead,permanent_components/precast_girder_structural_dead/precast_girder_structural_dead.std,201,precast_girder,structural_dead,1.3500000000000001
ec_uls_persistent__lm1_000376,ec_uls_persistent,EN 1990 / EN 1991-2,lm1,permanent_component,deck_construction_structural_dead,permanent_components/deck_construction_structural_dead/deck_construction_structural_dead.std,202,deck_construction,structural_dead,1.3500000000000001
ec_uls_persistent__lm1_000376,ec_uls_persistent,EN 1990 / EN 1991-2,lm1,permanent_component,superimposed_surfacing,permanent_components/superimposed_surfacing/superimposed_surfacing.std,203,superimposed,surfacing,1.3500000000000001
ec_uls_persistent__lm1_000376,ec_uls_persistent,EN 1990 / EN 1991-2,lm1,permanent_component,superimposed_other_superimposed,permanent_components/superimposed_other_superimposed/superimposed_other_superimposed.std,204,superimposed,other_superimposed,1.3500000000000001
ec_uls_persistent__lm1_000376,ec_uls_persistent,EN 1990 / EN 1991-2,lm1,traffic_case,lm1_000376,traffic/lm1/lm1_000376/lm1_000376.std,376,superimposed,,1.3500000000000001
ec_uls_persistent__lm1_000384,ec_uls_persistent,EN 1990 / EN 1991-2,lm1,permanent_component,precast_girder_structural_dead,permanent_components/precast_girder_structural_dead/precast_girder_structural_dead.std,201,precast_girder,structural_dead,1.3500000000000001
ec_uls_persistent__lm1_000384,ec_uls_persistent,EN 1990 / EN 1991-2,lm1,permanent_component,deck_construction_structural_dead,permanent_components/deck_construction_structural_dead/deck_construction_structural_dead.std,202,deck_construction,structural_dead,1.3500000000000001
ec_uls_persistent__lm1_000384,ec_uls_persistent,EN 1990 / EN 1991-2,lm1,permanent_component,superimposed_surfacing,permanent_components/superimposed_surfacing/superimposed_surfacing.std,203,superimposed,surfacing,1.3500000000000001
ec_uls_persistent__lm1_000384,ec_uls_persistent,EN 1990 / EN 1991-2,lm1,permanent_component,superimposed_other_superimposed,permanent_components/superimposed_other_superimposed/superimposed_other_superimposed.std,204,superimposed,other_superimposed,1.3500000000000001
ec_uls_persistent__lm1_000384,ec_uls_persistent,EN 1990 / EN 1991-2,lm1,traffic_case,lm1_000384,traffic/lm1/lm1_000384/lm1_000384.std,384,superimposed,,1.3500000000000001
ec_uls_persistent__lm1_000455,ec_uls_persistent,EN 1990 / EN 1991-2,lm1,permanent_component,precast_girder_structural_dead,permanent_components/precast_girder_structural_dead/precast_girder_structural_dead.std,201,precast_girder,structural_dead,1.3500000000000001
ec_uls_persistent__lm1_000455,ec_uls_persistent,EN 1990 / EN 1991-2,lm1,permanent_component,deck_construction_structural_dead,permanent_components/deck_construction_structural_dead/deck_construction_structural_dead.std,202,deck_construction,structural_dead,1.3500000000000001
ec_uls_persistent__lm1_000455,ec_uls_persistent,EN 1990 / EN 1991-2,lm1,permanent_component,superimposed_surfacing,permanent_components/superimposed_surfacing/superimposed_surfacing.std,203,superimposed,surfacing,1.3500000000000001
ec_uls_persistent__lm1_000455,ec_uls_persistent,EN 1990 / EN 1991-2,lm1,permanent_component,superimposed_other_superimposed,permanent_components/superimposed_other_superimposed/superimposed_other_superimposed.std,204,superimposed,other_superimposed,1.3500000000000001
ec_uls_persistent__lm1_000455,ec_uls_persistent,EN 1990 / EN 1991-2,lm1,traffic_case,lm1_000455,traffic/lm1/lm1_000455/lm1_000455.std,455,superimposed,,1.3500000000000001
ec_uls_persistent__lm1_000457,ec_uls_persistent,EN 1990 / EN 1991-2,lm1,permanent_component,precast_girder_structural_dead,permanent_components/precast_girder_structural_dead/precast_girder_structural_dead.std,201,precast_girder,structural_dead,1.3500000000000001
ec_uls_persistent__lm1_000457,ec_uls_persistent,EN 1990 / EN 1991-2,lm1,permanent_component,deck_construction_structural_dead,permanent_components/deck_construction_structural_dead/deck_construction_structural_dead.std,202,deck_construction,structural_dead,1.3500000000000001
ec_uls_persistent__lm1_000457,ec_uls_persistent,EN 1990 / EN 1991-2,lm1,permanent_component,superimposed_surfacing,permanent_components/superimposed_surfacing/superimposed_surfacing.std,203,superimposed,surfacing,1.3500000000000001
ec_uls_persistent__lm1_000457,ec_uls_persistent,EN 1990 / EN 1991-2,lm1,permanent_component,superimposed_other_superimposed,permanent_components/superimposed_other_superimposed/superimposed_other_superimposed.std,204,superimposed,other_superimposed,1.3500000000000001
ec_uls_persistent__lm1_000457,ec_uls_persistent,EN 1990 / EN 1991-2,lm1,traffic_case,lm1_000457,traffic/lm1/lm1_000457/lm1_000457.std,457,superimposed,,1.3500000000000001
ec_uls_persistent__lm1_000584,ec_uls_persistent,EN 1990 / EN 1991-2,lm1,permanent_component,precast_girder_structural_dead,permanent_components/precast_girder_structural_dead/precast_girder_structural_dead.std,201,precast_girder,structural_dead,1.3500000000000001
ec_uls_persistent__lm1_000584,ec_uls_persistent,EN 1990 / EN 1991-2,lm1,permanent_component,deck_construction_structural_dead,permanent_components/deck_construction_structural_dead/deck_construction_structural_dead.std,202,deck_construction,structural_dead,1.3500000000000001
ec_uls_persistent__lm1_000584,ec_uls_persistent,EN 1990 / EN 1991-2,lm1,permanent_component,superimposed_surfacing,permanent_components/superimposed_surfacing/superimposed_surfacing.std,203,superimposed,surfacing,1.3500000000000001
ec_uls_persistent__lm1_000584,ec_uls_persistent,EN 1990 / EN 1991-2,lm1,permanent_component,superimposed_other_superimposed,permanent_components/superimposed_other_superimposed/superimposed_other_superimposed.std,204,superimposed,other_superimposed,1.3500000000000001
ec_uls_persistent__lm1_000584,ec_uls_persistent,EN 1990 / EN 1991-2,lm1,traffic_case,lm1_000584,traffic/lm1/lm1_000584/lm1_000584.std,584,superimposed,,1.3500000000000001
ec_uls_persistent__lm1_000592,ec_uls_persistent,EN 1990 / EN 1991-2,lm1,permanent_component,precast_girder_structural_dead,permanent_components/precast_girder_structural_dead/precast_girder_structural_dead.std,201,precast_girder,structural_dead,1.3500000000000001
ec_uls_persistent__lm1_000592,ec_uls_persistent,EN 1990 / EN 1991-2,lm1,permanent_component,deck_construction_structural_dead,permanent_components/deck_construction_structural_dead/deck_construction_structural_dead.std,202,deck_construction,structural_dead,1.3500000000000001
ec_uls_persistent__lm1_000592,ec_uls_persistent,EN 1990 / EN 1991-2,lm1,permanent_component,superimposed_surfacing,permanent_components/superimposed_surfacing/superimposed_surfacing.std,203,superimposed,surfacing,1.3500000000000001
ec_uls_persistent__lm1_000592,ec_uls_persistent,EN 1990 / EN 1991-2,lm1,permanent_component,superimposed_other_superimposed,permanent_components/superimposed_other_superimposed/superimposed_other_superimposed.std,204,superimposed,other_superimposed,1.3500000000000001
ec_uls_persistent__lm1_000592,ec_uls_persistent,EN 1990 / EN 1991-2,lm1,traffic_case,lm1_000592,traffic/lm1/lm1_000592/lm1_000592.std,592,superimposed,,1.3500000000000001
ec_uls_persistent__lm1_000625,ec_uls_persistent,EN 1990 / EN 1991-2,lm1,permanent_component,precast_girder_structural_dead,permanent_components/precast_girder_structural_dead/precast_girder_structural_dead.std,201,precast_girder,structural_dead,1.3500000000000001
ec_uls_persistent__lm1_000625,ec_uls_persistent,EN 1990 / EN 1991-2,lm1,permanent_component,deck_construction_structural_dead,permanent_components/deck_construction_structural_dead/deck_construction_structural_dead.std,202,deck_construction,structural_dead,1.3500000000000001
ec_uls_persistent__lm1_000625,ec_uls_persistent,EN 1990 / EN 1991-2,lm1,permanent_component,superimposed_surfacing,permanent_components/superimposed_surfacing/superimposed_surfacing.std,203,superimposed,surfacing,1.3500000000000001
ec_uls_persistent__lm1_000625,ec_uls_persistent,EN 1990 / EN 1991-2,lm1,permanent_component,superimposed_other_superimposed,permanent_components/superimposed_other_superimposed/superimposed_other_superimposed.std,204,superimposed,other_superimposed,1.3500000000000001
ec_uls_persistent__lm1_000625,ec_uls_persistent,EN 1990 / EN 1991-2,lm1,traffic_case,lm1_000625,traffic/lm1/lm1_000625/lm1_000625.std,625,superimposed,,1.3500000000000001
ec_uls_persistent__lm1_000632,ec_uls_persistent,EN 1990 / EN 1991-2,lm1,permanent_component,precast_girder_structural_dead,permanent_components/precast_girder_structural_dead/precast_girder_structural_dead.std,201,precast_girder,structural_dead,1.3500000000000001
ec_uls_persistent__lm1_000632,ec_uls_persistent,EN 1990 / EN 1991-2,lm1,permanent_component,deck_construction_structural_dead,permanent_components/deck_construction_structural_dead/deck_construction_structural_dead.std,202,deck_construction,structural_dead,1.3500000000000001
ec_uls_persistent__lm1_000632,ec_uls_persistent,EN 1990 / EN 1991-2,lm1,permanent_component,superimposed_surfacing,permanent_components/superimposed_surfacing/superimposed_surfacing.std,203,superimposed,surfacing,1.3500000000000001
ec_uls_persistent__lm1_000632,ec_uls_persistent,EN 1990 / EN 1991-2,lm1,permanent_component,superimposed_other_superimposed,permanent_components/superimposed_other_superimposed/superimposed_other_superimposed.std,204,superimposed,other_superimposed,1.3500000000000001
ec_uls_persistent__lm1_000632,ec_uls_persistent,EN 1990 / EN 1991-2,lm1,traffic_case,lm1_000632,traffic/lm1/lm1_000632/lm1_000632.std,632,superimposed,,1.3500000000000001
ec_uls_persistent__lm1_000640,ec_uls_persistent,EN 1990 / EN 1991-2,lm1,permanent_component,precast_girder_structural_dead,permanent_components/precast_girder_structural_dead/precast_girder_structural_dead.std,201,precast_girder,structural_dead,1.3500000000000001
ec_uls_persistent__lm1_000640,ec_uls_persistent,EN 1990 / EN 1991-2,lm1,permanent_component,deck_construction_structural_dead,permanent_components/deck_construction_structural_dead/deck_construction_structural_dead.std,202,deck_construction,structural_dead,1.3500000000000001
ec_uls_persistent__lm1_000640,ec_uls_persistent,EN 1990 / EN 1991-2,lm1,permanent_component,superimposed_surfacing,permanent_components/superimposed_surfacing/superimposed_surfacing.std,203,superimposed,surfacing,1.3500000000000001
ec_uls_persistent__lm1_000640,ec_uls_persistent,EN 1990 / EN 1991-2,lm1,permanent_component,superimposed_other_superimposed,permanent_components/superimposed_other_superimposed/superimposed_other_superimposed.std,204,superimposed,other_superimposed,1.3500000000000001
ec_uls_persistent__lm1_000640,ec_uls_persistent,EN 1990 / EN 1991-2,lm1,traffic_case,lm1_000640,traffic/lm1/lm1_000640/lm1_000640.std,640,superimposed,,1.3500000000000001
ec_uls_persistent__lm1_000711,ec_uls_persistent,EN 1990 / EN 1991-2,lm1,permanent_component,precast_girder_structural_dead,permanent_components/precast_girder_structural_dead/precast_girder_structural_dead.std,201,precast_girder,structural_dead,1.3500000000000001
ec_uls_persistent__lm1_000711,ec_uls_persistent,EN 1990 / EN 1991-2,lm1,permanent_component,deck_construction_structural_dead,permanent_components/deck_construction_structural_dead/deck_construction_structural_dead.std,202,deck_construction,structural_dead,1.3500000000000001
ec_uls_persistent__lm1_000711,ec_uls_persistent,EN 1990 / EN 1991-2,lm1,permanent_component,superimposed_surfacing,permanent_components/superimposed_surfacing/superimposed_surfacing.std,203,superimposed,surfacing,1.3500000000000001
ec_uls_persistent__lm1_000711,ec_uls_persistent,EN 1990 / EN 1991-2,lm1,permanent_component,superimposed_other_superimposed,permanent_components/superimposed_other_superimposed/superimposed_other_superimposed.std,204,superimposed,other_superimposed,1.3500000000000001
ec_uls_persistent__lm1_000711,ec_uls_persistent,EN 1990 / EN 1991-2,lm1,traffic_case,lm1_000711,traffic/lm1/lm1_000711/lm1_000711.std,711,superimposed,,1.3500000000000001
ec_uls_persistent__lm1_000713,ec_uls_persistent,EN 1990 / EN 1991-2,lm1,permanent_component,precast_girder_structural_dead,permanent_components/precast_girder_structural_dead/precast_girder_structural_dead.std,201,precast_girder,structural_dead,1.3500000000000001
ec_uls_persistent__lm1_000713,ec_uls_persistent,EN 1990 / EN 1991-2,lm1,permanent_component,deck_construction_structural_dead,permanent_components/deck_construction_structural_dead/deck_construction_structural_dead.std,202,deck_construction,structural_dead,1.3500000000000001
ec_uls_persistent__lm1_000713,ec_uls_persistent,EN 1990 / EN 1991-2,lm1,permanent_component,superimposed_surfacing,permanent_components/superimposed_surfacing/superimposed_surfacing.std,203,superimposed,surfacing,1.3500000000000001
ec_uls_persistent__lm1_000713,ec_uls_persistent,EN 1990 / EN 1991-2,lm1,permanent_component,superimposed_other_superimposed,permanent_components/superimposed_other_superimposed/superimposed_other_superimposed.std,204,superimposed,other_superimposed,1.3500000000000001
ec_uls_persistent__lm1_000713,ec_uls_persistent,EN 1990 / EN 1991-2,lm1,traffic_case,lm1_000713,traffic/lm1/lm1_000713/lm1_000713.std,713,superimposed,,1.3500000000000001
ec_uls_persistent__lm1_000888,ec_uls_persistent,EN 1990 / EN 1991-2,lm1,permanent_component,precast_girder_structural_dead,permanent_components/precast_girder_structural_dead/precast_girder_structural_dead.std,201,precast_girder,structural_dead,1.3500000000000001
ec_uls_persistent__lm1_000888,ec_uls_persistent,EN 1990 / EN 1991-2,lm1,permanent_component,deck_construction_structural_dead,permanent_components/deck_construction_structural_dead/deck_construction_structural_dead.std,202,deck_construction,structural_dead,1.3500000000000001
ec_uls_persistent__lm1_000888,ec_uls_persistent,EN 1990 / EN 1991-2,lm1,permanent_component,superimposed_surfacing,permanent_components/superimposed_surfacing/superimposed_surfacing.std,203,superimposed,surfacing,1.3500000000000001
ec_uls_persistent__lm1_000888,ec_uls_persistent,EN 1990 / EN 1991-2,lm1,permanent_component,superimposed_other_superimposed,permanent_components/superimposed_other_superimposed/superimposed_other_superimposed.std,204,superimposed,other_superimposed,1.3500000000000001
ec_uls_persistent__lm1_000888,ec_uls_persistent,EN 1990 / EN 1991-2,lm1,traffic_case,lm1_000888,traffic/lm1/lm1_000888/lm1_000888.std,888,superimposed,,1.3500000000000001
ec_uls_persistent__lm1_000973,ec_uls_persistent,EN 1990 / EN 1991-2,lm1,permanent_component,precast_girder_structural_dead,permanent_components/precast_girder_structural_dead/precast_girder_structural_dead.std,201,precast_girder,structural_dead,1.3500000000000001
ec_uls_persistent__lm1_000973,ec_uls_persistent,EN 1990 / EN 1991-2,lm1,permanent_component,deck_construction_structural_dead,permanent_components/deck_construction_structural_dead/deck_construction_structural_dead.std,202,deck_construction,structural_dead,1.3500000000000001
ec_uls_persistent__lm1_000973,ec_uls_persistent,EN 1990 / EN 1991-2,lm1,permanent_component,superimposed_surfacing,permanent_components/superimposed_surfacing/superimposed_surfacing.std,203,superimposed,surfacing,1.3500000000000001
ec_uls_persistent__lm1_000973,ec_uls_persistent,EN 1990 / EN 1991-2,lm1,permanent_component,superimposed_other_superimposed,permanent_components/superimposed_other_superimposed/superimposed_other_superimposed.std,204,superimposed,other_superimposed,1.3500000000000001
ec_uls_persistent__lm1_000973,ec_uls_persistent,EN 1990 / EN 1991-2,lm1,traffic_case,lm1_000973,traffic/lm1/lm1_000973/lm1_000973.std,973,superimposed,,1.3500000000000001
ec_uls_persistent__lm1_000984,ec_uls_persistent,EN 1990 / EN 1991-2,lm1,permanent_component,precast_girder_structural_dead,permanent_components/precast_girder_structural_dead/precast_girder_structural_dead.std,201,precast_girder,structural_dead,1.3500000000000001
ec_uls_persistent__lm1_000984,ec_uls_persistent,EN 1990 / EN 1991-2,lm1,permanent_component,deck_construction_structural_dead,permanent_components/deck_construction_structural_dead/deck_construction_structural_dead.std,202,deck_construction,structural_dead,1.3500000000000001
ec_uls_persistent__lm1_000984,ec_uls_persistent,EN 1990 / EN 1991-2,lm1,permanent_component,superimposed_surfacing,permanent_components/superimposed_surfacing/superimposed_surfacing.std,203,superimposed,surfacing,1.3500000000000001
ec_uls_persistent__lm1_000984,ec_uls_persistent,EN 1990 / EN 1991-2,lm1,permanent_component,superimposed_other_superimposed,permanent_components/superimposed_other_superimposed/superimposed_other_superimposed.std,204,superimposed,other_superimposed,1.3500000000000001
ec_uls_persistent__lm1_000984,ec_uls_persistent,EN 1990 / EN 1991-2,lm1,traffic_case,lm1_000984,traffic/lm1/lm1_000984/lm1_000984.std,984,superimposed,,1.3500000000000001
ec_sls_characteristic__lm1_000120,ec_sls_characteristic,EN 1990 / EN 1991-2,lm1,permanent_component,precast_girder_structural_dead,permanent_components/precast_girder_structural_dead/precast_girder_structural_dead.std,201,precast_girder,structural_dead,1
ec_sls_characteristic__lm1_000120,ec_sls_characteristic,EN 1990 / EN 1991-2,lm1,permanent_component,deck_construction_structural_dead,permanent_components/deck_construction_structural_dead/deck_construction_structural_dead.std,202,deck_construction,structural_dead,1
ec_sls_characteristic__lm1_000120,ec_sls_characteristic,EN 1990 / EN 1991-2,lm1,permanent_component,superimposed_surfacing,permanent_components/superimposed_surfacing/superimposed_surfacing.std,203,superimposed,surfacing,1
ec_sls_characteristic__lm1_000120,ec_sls_characteristic,EN 1990 / EN 1991-2,lm1,permanent_component,superimposed_other_superimposed,permanent_components/superimposed_other_superimposed/superimposed_other_superimposed.std,204,superimposed,other_superimposed,1
ec_sls_characteristic__lm1_000120,ec_sls_characteristic,EN 1990 / EN 1991-2,lm1,traffic_case,lm1_000120,traffic/lm1/lm1_000120/lm1_000120.std,120,superimposed,,1
ec_sls_characteristic__lm1_000216,ec_sls_characteristic,EN 1990 / EN 1991-2,lm1,permanent_component,precast_girder_structural_dead,permanent_components/precast_girder_structural_dead/precast_girder_structural_dead.std,201,precast_girder,structural_dead,1
ec_sls_characteristic__lm1_000216,ec_sls_characteristic,EN 1990 / EN 1991-2,lm1,permanent_component,deck_construction_structural_dead,permanent_components/deck_construction_structural_dead/deck_construction_structural_dead.std,202,deck_construction,structural_dead,1
ec_sls_characteristic__lm1_000216,ec_sls_characteristic,EN 1990 / EN 1991-2,lm1,permanent_component,superimposed_surfacing,permanent_components/superimposed_surfacing/superimposed_surfacing.std,203,superimposed,surfacing,1
ec_sls_characteristic__lm1_000216,ec_sls_characteristic,EN 1990 / EN 1991-2,lm1,permanent_component,superimposed_other_superimposed,permanent_components/superimposed_other_superimposed/superimposed_other_superimposed.std,204,superimposed,other_superimposed,1
ec_sls_characteristic__lm1_000216,ec_sls_characteristic,EN 1990 / EN 1991-2,lm1,traffic_case,lm1_000216,traffic/lm1/lm1_000216/lm1_000216.std,216,superimposed,,1
ec_sls_characteristic__lm1_000328,ec_sls_characteristic,EN 1990 / EN 1991-2,lm1,permanent_component,precast_girder_structural_dead,permanent_components/precast_girder_structural_dead/precast_girder_structural_dead.std,201,precast_girder,structural_dead,1
ec_sls_characteristic__lm1_000328,ec_sls_characteristic,EN 1990 / EN 1991-2,lm1,permanent_component,deck_construction_structural_dead,permanent_components/deck_construction_structural_dead/deck_construction_structural_dead.std,202,deck_construction,structural_dead,1
ec_sls_characteristic__lm1_000328,ec_sls_characteristic,EN 1990 / EN 1991-2,lm1,permanent_component,superimposed_surfacing,permanent_components/superimposed_surfacing/superimposed_surfacing.std,203,superimposed,surfacing,1
ec_sls_characteristic__lm1_000328,ec_sls_characteristic,EN 1990 / EN 1991-2,lm1,permanent_component,superimposed_other_superimposed,permanent_components/superimposed_other_superimposed/superimposed_other_superimposed.std,204,superimposed,other_superimposed,1
ec_sls_characteristic__lm1_000328,ec_sls_characteristic,EN 1990 / EN 1991-2,lm1,traffic_case,lm1_000328,traffic/lm1/lm1_000328/lm1_000328.std,328,superimposed,,1
ec_sls_characteristic__lm1_000369,ec_sls_characteristic,EN 1990 / EN 1991-2,lm1,permanent_component,precast_girder_structural_dead,permanent_components/precast_girder_structural_dead/precast_girder_structural_dead.std,201,precast_girder,structural_dead,1
ec_sls_characteristic__lm1_000369,ec_sls_characteristic,EN 1990 / EN 1991-2,lm1,permanent_component,deck_construction_structural_dead,permanent_components/deck_construction_structural_dead/deck_construction_structural_dead.std,202,deck_construction,structural_dead,1
ec_sls_characteristic__lm1_000369,ec_sls_characteristic,EN 1990 / EN 1991-2,lm1,permanent_component,superimposed_surfacing,permanent_components/superimposed_surfacing/superimposed_surfacing.std,203,superimposed,surfacing,1
ec_sls_characteristic__lm1_000369,ec_sls_characteristic,EN 1990 / EN 1991-2,lm1,permanent_component,superimposed_other_superimposed,permanent_components/superimposed_other_superimposed/superimposed_other_superimposed.std,204,superimposed,other_superimposed,1
ec_sls_characteristic__lm1_000369,ec_sls_characteristic,EN 1990 / EN 1991-2,lm1,traffic_case,lm1_000369,traffic/lm1/lm1_000369/lm1_000369.std,369,superimposed,,1
ec_sls_characteristic__lm1_000376,ec_sls_characteristic,EN 1990 / EN 1991-2,lm1,permanent_component,precast_girder_structural_dead,permanent_components/precast_girder_structural_dead/precast_girder_structural_dead.std,201,precast_girder,structural_dead,1
ec_sls_characteristic__lm1_000376,ec_sls_characteristic,EN 1990 / EN 1991-2,lm1,permanent_component,deck_construction_structural_dead,permanent_components/deck_construction_structural_dead/deck_construction_structural_dead.std,202,deck_construction,structural_dead,1
ec_sls_characteristic__lm1_000376,ec_sls_characteristic,EN 1990 / EN 1991-2,lm1,permanent_component,superimposed_surfacing,permanent_components/superimposed_surfacing/superimposed_surfacing.std,203,superimposed,surfacing,1
ec_sls_characteristic__lm1_000376,ec_sls_characteristic,EN 1990 / EN 1991-2,lm1,permanent_component,superimposed_other_superimposed,permanent_components/superimposed_other_superimposed/superimposed_other_superimposed.std,204,superimposed,other_superimposed,1
ec_sls_characteristic__lm1_000376,ec_sls_characteristic,EN 1990 / EN 1991-2,lm1,traffic_case,lm1_000376,traffic/lm1/lm1_000376/lm1_000376.std,376,superimposed,,1
ec_sls_characteristic__lm1_000384,ec_sls_characteristic,EN 1990 / EN 1991-2,lm1,permanent_component,precast_girder_structural_dead,permanent_components/precast_girder_structural_dead/precast_girder_structural_dead.std,201,precast_girder,structural_dead,1
ec_sls_characteristic__lm1_000384,ec_sls_characteristic,EN 1990 / EN 1991-2,lm1,permanent_component,deck_construction_structural_dead,permanent_components/deck_construction_structural_dead/deck_construction_structural_dead.std,202,deck_construction,structural_dead,1
ec_sls_characteristic__lm1_000384,ec_sls_characteristic,EN 1990 / EN 1991-2,lm1,permanent_component,superimposed_surfacing,permanent_components/superimposed_surfacing/superimposed_surfacing.std,203,superimposed,surfacing,1
ec_sls_characteristic__lm1_000384,ec_sls_characteristic,EN 1990 / EN 1991-2,lm1,permanent_component,superimposed_other_superimposed,permanent_components/superimposed_other_superimposed/superimposed_other_superimposed.std,204,superimposed,other_superimposed,1
ec_sls_characteristic__lm1_000384,ec_sls_characteristic,EN 1990 / EN 1991-2,lm1,traffic_case,lm1_000384,traffic/lm1/lm1_000384/lm1_000384.std,384,superimposed,,1
ec_sls_characteristic__lm1_000455,ec_sls_characteristic,EN 1990 / EN 1991-2,lm1,permanent_component,precast_girder_structural_dead,permanent_components/precast_girder_structural_dead/precast_girder_structural_dead.std,201,precast_girder,structural_dead,1
ec_sls_characteristic__lm1_000455,ec_sls_characteristic,EN 1990 / EN 1991-2,lm1,permanent_component,deck_construction_structural_dead,permanent_components/deck_construction_structural_dead/deck_construction_structural_dead.std,202,deck_construction,structural_dead,1
ec_sls_characteristic__lm1_000455,ec_sls_characteristic,EN 1990 / EN 1991-2,lm1,permanent_component,superimposed_surfacing,permanent_components/superimposed_surfacing/superimposed_surfacing.std,203,superimposed,surfacing,1
ec_sls_characteristic__lm1_000455,ec_sls_characteristic,EN 1990 / EN 1991-2,lm1,permanent_component,superimposed_other_superimposed,permanent_components/superimposed_other_superimposed/superimposed_other_superimposed.std,204,superimposed,other_superimposed,1
ec_sls_characteristic__lm1_000455,ec_sls_characteristic,EN 1990 / EN 1991-2,lm1,traffic_case,lm1_000455,traffic/lm1/lm1_000455/lm1_000455.std,455,superimposed,,1
ec_sls_characteristic__lm1_000457,ec_sls_characteristic,EN 1990 / EN 1991-2,lm1,permanent_component,precast_girder_structural_dead,permanent_components/precast_girder_structural_dead/precast_girder_structural_dead.std,201,precast_girder,structural_dead,1
ec_sls_characteristic__lm1_000457,ec_sls_characteristic,EN 1990 / EN 1991-2,lm1,permanent_component,deck_construction_structural_dead,permanent_components/deck_construction_structural_dead/deck_construction_structural_dead.std,202,deck_construction,structural_dead,1
ec_sls_characteristic__lm1_000457,ec_sls_characteristic,EN 1990 / EN 1991-2,lm1,permanent_component,superimposed_surfacing,permanent_components/superimposed_surfacing/superimposed_surfacing.std,203,superimposed,surfacing,1
ec_sls_characteristic__lm1_000457,ec_sls_characteristic,EN 1990 / EN 1991-2,lm1,permanent_component,superimposed_other_superimposed,permanent_components/superimposed_other_superimposed/superimposed_other_superimposed.std,204,superimposed,other_superimposed,1
ec_sls_characteristic__lm1_000457,ec_sls_characteristic,EN 1990 / EN 1991-2,lm1,traffic_case,lm1_000457,traffic/lm1/lm1_000457/lm1_000457.std,457,superimposed,,1
ec_sls_characteristic__lm1_000584,ec_sls_characteristic,EN 1990 / EN 1991-2,lm1,permanent_component,precast_girder_structural_dead,permanent_components/precast_girder_structural_dead/precast_girder_structural_dead.std,201,precast_girder,structural_dead,1
ec_sls_characteristic__lm1_000584,ec_sls_characteristic,EN 1990 / EN 1991-2,lm1,permanent_component,deck_construction_structural_dead,permanent_components/deck_construction_structural_dead/deck_construction_structural_dead.std,202,deck_construction,structural_dead,1
ec_sls_characteristic__lm1_000584,ec_sls_characteristic,EN 1990 / EN 1991-2,lm1,permanent_component,superimposed_surfacing,permanent_components/superimposed_surfacing/superimposed_surfacing.std,203,superimposed,surfacing,1
ec_sls_characteristic__lm1_000584,ec_sls_characteristic,EN 1990 / EN 1991-2,lm1,permanent_component,superimposed_other_superimposed,permanent_components/superimposed_other_superimposed/superimposed_other_superimposed.std,204,superimposed,other_superimposed,1
ec_sls_characteristic__lm1_000584,ec_sls_characteristic,EN 1990 / EN 1991-2,lm1,traffic_case,lm1_000584,traffic/lm1/lm1_000584/lm1_000584.std,584,superimposed,,1
ec_sls_characteristic__lm1_000592,ec_sls_characteristic,EN 1990 / EN 1991-2,lm1,permanent_component,precast_girder_structural_dead,permanent_components/precast_girder_structural_dead/precast_girder_structural_dead.std,201,precast_girder,structural_dead,1
ec_sls_characteristic__lm1_000592,ec_sls_characteristic,EN 1990 / EN 1991-2,lm1,permanent_component,deck_construction_structural_dead,permanent_components/deck_construction_structural_dead/deck_construction_structural_dead.std,202,deck_construction,structural_dead,1
ec_sls_characteristic__lm1_000592,ec_sls_characteristic,EN 1990 / EN 1991-2,lm1,permanent_component,superimposed_surfacing,permanent_components/superimposed_surfacing/superimposed_surfacing.std,203,superimposed,surfacing,1
ec_sls_characteristic__lm1_000592,ec_sls_characteristic,EN 1990 / EN 1991-2,lm1,permanent_component,superimposed_other_superimposed,permanent_components/superimposed_other_superimposed/superimposed_other_superimposed.std,204,superimposed,other_superimposed,1
ec_sls_characteristic__lm1_000592,ec_sls_characteristic,EN 1990 / EN 1991-2,lm1,traffic_case,lm1_000592,traffic/lm1/lm1_000592/lm1_000592.std,592,superimposed,,1
ec_sls_characteristic__lm1_000625,ec_sls_characteristic,EN 1990 / EN 1991-2,lm1,permanent_component,precast_girder_structural_dead,permanent_components/precast_girder_structural_dead/precast_girder_structural_dead.std,201,precast_girder,structural_dead,1
ec_sls_characteristic__lm1_000625,ec_sls_characteristic,EN 1990 / EN 1991-2,lm1,permanent_component,deck_construction_structural_dead,permanent_components/deck_construction_structural_dead/deck_construction_structural_dead.std,202,deck_construction,structural_dead,1
ec_sls_characteristic__lm1_000625,ec_sls_characteristic,EN 1990 / EN 1991-2,lm1,permanent_component,superimposed_surfacing,permanent_components/superimposed_surfacing/superimposed_surfacing.std,203,superimposed,surfacing,1
ec_sls_characteristic__lm1_000625,ec_sls_characteristic,EN 1990 / EN 1991-2,lm1,permanent_component,superimposed_other_superimposed,permanent_components/superimposed_other_superimposed/superimposed_other_superimposed.std,204,superimposed,other_superimposed,1
ec_sls_characteristic__lm1_000625,ec_sls_characteristic,EN 1990 / EN 1991-2,lm1,traffic_case,lm1_000625,traffic/lm1/lm1_000625/lm1_000625.std,625,superimposed,,1
ec_sls_characteristic__lm1_000632,ec_sls_characteristic,EN 1990 / EN 1991-2,lm1,permanent_component,precast_girder_structural_dead,permanent_components/precast_girder_structural_dead/precast_girder_structural_dead.std,201,precast_girder,structural_dead,1
ec_sls_characteristic__lm1_000632,ec_sls_characteristic,EN 1990 / EN 1991-2,lm1,permanent_component,deck_construction_structural_dead,permanent_components/deck_construction_structural_dead/deck_construction_structural_dead.std,202,deck_construction,structural_dead,1
ec_sls_characteristic__lm1_000632,ec_sls_characteristic,EN 1990 / EN 1991-2,lm1,permanent_component,superimposed_surfacing,permanent_components/superimposed_surfacing/superimposed_surfacing.std,203,superimposed,surfacing,1
ec_sls_characteristic__lm1_000632,ec_sls_characteristic,EN 1990 / EN 1991-2,lm1,permanent_component,superimposed_other_superimposed,permanent_components/superimposed_other_superimposed/superimposed_other_superimposed.std,204,superimposed,other_superimposed,1
ec_sls_characteristic__lm1_000632,ec_sls_characteristic,EN 1990 / EN 1991-2,lm1,traffic_case,lm1_000632,traffic/lm1/lm1_000632/lm1_000632.std,632,superimposed,,1
ec_sls_characteristic__lm1_000640,ec_sls_characteristic,EN 1990 / EN 1991-2,lm1,permanent_component,precast_girder_structural_dead,permanent_components/precast_girder_structural_dead/precast_girder_structural_dead.std,201,precast_girder,structural_dead,1
ec_sls_characteristic__lm1_000640,ec_sls_characteristic,EN 1990 / EN 1991-2,lm1,permanent_component,deck_construction_structural_dead,permanent_components/deck_construction_structural_dead/deck_construction_structural_dead.std,202,deck_construction,structural_dead,1
ec_sls_characteristic__lm1_000640,ec_sls_characteristic,EN 1990 / EN 1991-2,lm1,permanent_component,superimposed_surfacing,permanent_components/superimposed_surfacing/superimposed_surfacing.std,203,superimposed,surfacing,1
ec_sls_characteristic__lm1_000640,ec_sls_characteristic,EN 1990 / EN 1991-2,lm1,permanent_component,superimposed_other_superimposed,permanent_components/superimposed_other_superimposed/superimposed_other_superimposed.std,204,superimposed,other_superimposed,1
ec_sls_characteristic__lm1_000640,ec_sls_characteristic,EN 1990 / EN 1991-2,lm1,traffic_case,lm1_000640,traffic/lm1/lm1_000640/lm1_000640.std,640,superimposed,,1
ec_sls_characteristic__lm1_000711,ec_sls_characteristic,EN 1990 / EN 1991-2,lm1,permanent_component,precast_girder_structural_dead,permanent_components/precast_girder_structural_dead/precast_girder_structural_dead.std,201,precast_girder,structural_dead,1
ec_sls_characteristic__lm1_000711,ec_sls_characteristic,EN 1990 / EN 1991-2,lm1,permanent_component,deck_construction_structural_dead,permanent_components/deck_construction_structural_dead/deck_construction_structural_dead.std,202,deck_construction,structural_dead,1
ec_sls_characteristic__lm1_000711,ec_sls_characteristic,EN 1990 / EN 1991-2,lm1,permanent_component,superimposed_surfacing,permanent_components/superimposed_surfacing/superimposed_surfacing.std,203,superimposed,surfacing,1
ec_sls_characteristic__lm1_000711,ec_sls_characteristic,EN 1990 / EN 1991-2,lm1,permanent_component,superimposed_other_superimposed,permanent_components/superimposed_other_superimposed/superimposed_other_superimposed.std,204,superimposed,other_superimposed,1
ec_sls_characteristic__lm1_000711,ec_sls_characteristic,EN 1990 / EN 1991-2,lm1,traffic_case,lm1_000711,traffic/lm1/lm1_000711/lm1_000711.std,711,superimposed,,1
ec_sls_characteristic__lm1_000713,ec_sls_characteristic,EN 1990 / EN 1991-2,lm1,permanent_component,precast_girder_structural_dead,permanent_components/precast_girder_structural_dead/precast_girder_structural_dead.std,201,precast_girder,structural_dead,1
ec_sls_characteristic__lm1_000713,ec_sls_characteristic,EN 1990 / EN 1991-2,lm1,permanent_component,deck_construction_structural_dead,permanent_components/deck_construction_structural_dead/deck_construction_structural_dead.std,202,deck_construction,structural_dead,1
ec_sls_characteristic__lm1_000713,ec_sls_characteristic,EN 1990 / EN 1991-2,lm1,permanent_component,superimposed_surfacing,permanent_components/superimposed_surfacing/superimposed_surfacing.std,203,superimposed,surfacing,1
ec_sls_characteristic__lm1_000713,ec_sls_characteristic,EN 1990 / EN 1991-2,lm1,permanent_component,superimposed_other_superimposed,permanent_components/superimposed_other_superimposed/superimposed_other_superimposed.std,204,superimposed,other_superimposed,1
ec_sls_characteristic__lm1_000713,ec_sls_characteristic,EN 1990 / EN 1991-2,lm1,traffic_case,lm1_000713,traffic/lm1/lm1_000713/lm1_000713.std,713,superimposed,,1
ec_sls_characteristic__lm1_000888,ec_sls_characteristic,EN 1990 / EN 1991-2,lm1,permanent_component,precast_girder_structural_dead,permanent_components/precast_girder_structural_dead/precast_girder_structural_dead.std,201,precast_girder,structural_dead,1
ec_sls_characteristic__lm1_000888,ec_sls_characteristic,EN 1990 / EN 1991-2,lm1,permanent_component,deck_construction_structural_dead,permanent_components/deck_construction_structural_dead/deck_construction_structural_dead.std,202,deck_construction,structural_dead,1
ec_sls_characteristic__lm1_000888,ec_sls_characteristic,EN 1990 / EN 1991-2,lm1,permanent_component,superimposed_surfacing,permanent_components/superimposed_surfacing/superimposed_surfacing.std,203,superimposed,surfacing,1
ec_sls_characteristic__lm1_000888,ec_sls_characteristic,EN 1990 / EN 1991-2,lm1,permanent_component,superimposed_other_superimposed,permanent_components/superimposed_other_superimposed/superimposed_other_superimposed.std,204,superimposed,other_superimposed,1
ec_sls_characteristic__lm1_000888,ec_sls_characteristic,EN 1990 / EN 1991-2,lm1,traffic_case,lm1_000888,traffic/lm1/lm1_000888/lm1_000888.std,888,superimposed,,1
ec_sls_characteristic__lm1_000973,ec_sls_characteristic,EN 1990 / EN 1991-2,lm1,permanent_component,precast_girder_structural_dead,permanent_components/precast_girder_structural_dead/precast_girder_structural_dead.std,201,precast_girder,structural_dead,1
ec_sls_characteristic__lm1_000973,ec_sls_characteristic,EN 1990 / EN 1991-2,lm1,permanent_component,deck_construction_structural_dead,permanent_components/deck_construction_structural_dead/deck_construction_structural_dead.std,202,deck_construction,structural_dead,1
ec_sls_characteristic__lm1_000973,ec_sls_characteristic,EN 1990 / EN 1991-2,lm1,permanent_component,superimposed_surfacing,permanent_components/superimposed_surfacing/superimposed_surfacing.std,203,superimposed,surfacing,1
ec_sls_characteristic__lm1_000973,ec_sls_characteristic,EN 1990 / EN 1991-2,lm1,permanent_component,superimposed_other_superimposed,permanent_components/superimposed_other_superimposed/superimposed_other_superimposed.std,204,superimposed,other_superimposed,1
ec_sls_characteristic__lm1_000973,ec_sls_characteristic,EN 1990 / EN 1991-2,lm1,traffic_case,lm1_000973,traffic/lm1/lm1_000973/lm1_000973.std,973,superimposed,,1
ec_sls_characteristic__lm1_000984,ec_sls_characteristic,EN 1990 / EN 1991-2,lm1,permanent_component,precast_girder_structural_dead,permanent_components/precast_girder_structural_dead/precast_girder_structural_dead.std,201,precast_girder,structural_dead,1
ec_sls_characteristic__lm1_000984,ec_sls_characteristic,EN 1990 / EN 1991-2,lm1,permanent_component,deck_construction_structural_dead,permanent_components/deck_construction_structural_dead/deck_construction_structural_dead.std,202,deck_construction,structural_dead,1
ec_sls_characteristic__lm1_000984,ec_sls_characteristic,EN 1990 / EN 1991-2,lm1,permanent_component,superimposed_surfacing,permanent_components/superimposed_surfacing/superimposed_surfacing.std,203,superimposed,surfacing,1
ec_sls_characteristic__lm1_000984,ec_sls_characteristic,EN 1990 / EN 1991-2,lm1,permanent_component,superimposed_other_superimposed,permanent_components/superimposed_other_superimposed/superimposed_other_superimposed.std,204,superimposed,other_superimposed,1
ec_sls_characteristic__lm1_000984,ec_sls_characteristic,EN 1990 / EN 1991-2,lm1,traffic_case,lm1_000984,traffic/lm1/lm1_000984/lm1_000984.std,984,superimposed,,1
ec_sls_frequent__lm1_000120,ec_sls_frequent,EN 1990 / EN 1991-2,lm1,permanent_component,precast_girder_structural_dead,permanent_components/precast_girder_structural_dead/precast_girder_structural_dead.std,201,precast_girder,structural_dead,1
ec_sls_frequent__lm1_000120,ec_sls_frequent,EN 1990 / EN 1991-2,lm1,permanent_component,deck_construction_structural_dead,permanent_components/deck_construction_structural_dead/deck_construction_structural_dead.std,202,deck_construction,structural_dead,1
ec_sls_frequent__lm1_000120,ec_sls_frequent,EN 1990 / EN 1991-2,lm1,permanent_component,superimposed_surfacing,permanent_components/superimposed_surfacing/superimposed_surfacing.std,203,superimposed,surfacing,1
ec_sls_frequent__lm1_000120,ec_sls_frequent,EN 1990 / EN 1991-2,lm1,permanent_component,superimposed_other_superimposed,permanent_components/superimposed_other_superimposed/superimposed_other_superimposed.std,204,superimposed,other_superimposed,1
ec_sls_frequent__lm1_000120,ec_sls_frequent,EN 1990 / EN 1991-2,lm1,traffic_case,lm1_000120,traffic/lm1/lm1_000120/lm1_000120.std,120,superimposed,,0.75
ec_sls_frequent__lm1_000216,ec_sls_frequent,EN 1990 / EN 1991-2,lm1,permanent_component,precast_girder_structural_dead,permanent_components/precast_girder_structural_dead/precast_girder_structural_dead.std,201,precast_girder,structural_dead,1
ec_sls_frequent__lm1_000216,ec_sls_frequent,EN 1990 / EN 1991-2,lm1,permanent_component,deck_construction_structural_dead,permanent_components/deck_construction_structural_dead/deck_construction_structural_dead.std,202,deck_construction,structural_dead,1
ec_sls_frequent__lm1_000216,ec_sls_frequent,EN 1990 / EN 1991-2,lm1,permanent_component,superimposed_surfacing,permanent_components/superimposed_surfacing/superimposed_surfacing.std,203,superimposed,surfacing,1
ec_sls_frequent__lm1_000216,ec_sls_frequent,EN 1990 / EN 1991-2,lm1,permanent_component,superimposed_other_superimposed,permanent_components/superimposed_other_superimposed/superimposed_other_superimposed.std,204,superimposed,other_superimposed,1
ec_sls_frequent__lm1_000216,ec_sls_frequent,EN 1990 / EN 1991-2,lm1,traffic_case,lm1_000216,traffic/lm1/lm1_000216/lm1_000216.std,216,superimposed,,0.75
ec_sls_frequent__lm1_000328,ec_sls_frequent,EN 1990 / EN 1991-2,lm1,permanent_component,precast_girder_structural_dead,permanent_components/precast_girder_structural_dead/precast_girder_structural_dead.std,201,precast_girder,structural_dead,1
ec_sls_frequent__lm1_000328,ec_sls_frequent,EN 1990 / EN 1991-2,lm1,permanent_component,deck_construction_structural_dead,permanent_components/deck_construction_structural_dead/deck_construction_structural_dead.std,202,deck_construction,structural_dead,1
ec_sls_frequent__lm1_000328,ec_sls_frequent,EN 1990 / EN 1991-2,lm1,permanent_component,superimposed_surfacing,permanent_components/superimposed_surfacing/superimposed_surfacing.std,203,superimposed,surfacing,1
ec_sls_frequent__lm1_000328,ec_sls_frequent,EN 1990 / EN 1991-2,lm1,permanent_component,superimposed_other_superimposed,permanent_components/superimposed_other_superimposed/superimposed_other_superimposed.std,204,superimposed,other_superimposed,1
ec_sls_frequent__lm1_000328,ec_sls_frequent,EN 1990 / EN 1991-2,lm1,traffic_case,lm1_000328,traffic/lm1/lm1_000328/lm1_000328.std,328,superimposed,,0.75
ec_sls_frequent__lm1_000369,ec_sls_frequent,EN 1990 / EN 1991-2,lm1,permanent_component,precast_girder_structural_dead,permanent_components/precast_girder_structural_dead/precast_girder_structural_dead.std,201,precast_girder,structural_dead,1
ec_sls_frequent__lm1_000369,ec_sls_frequent,EN 1990 / EN 1991-2,lm1,permanent_component,deck_construction_structural_dead,permanent_components/deck_construction_structural_dead/deck_construction_structural_dead.std,202,deck_construction,structural_dead,1
ec_sls_frequent__lm1_000369,ec_sls_frequent,EN 1990 / EN 1991-2,lm1,permanent_component,superimposed_surfacing,permanent_components/superimposed_surfacing/superimposed_surfacing.std,203,superimposed,surfacing,1
ec_sls_frequent__lm1_000369,ec_sls_frequent,EN 1990 / EN 1991-2,lm1,permanent_component,superimposed_other_superimposed,permanent_components/superimposed_other_superimposed/superimposed_other_superimposed.std,204,superimposed,other_superimposed,1
ec_sls_frequent__lm1_000369,ec_sls_frequent,EN 1990 / EN 1991-2,lm1,traffic_case,lm1_000369,traffic/lm1/lm1_000369/lm1_000369.std,369,superimposed,,0.75
ec_sls_frequent__lm1_000376,ec_sls_frequent,EN 1990 / EN 1991-2,lm1,permanent_component,precast_girder_structural_dead,permanent_components/precast_girder_structural_dead/precast_girder_structural_dead.std,201,precast_girder,structural_dead,1
ec_sls_frequent__lm1_000376,ec_sls_frequent,EN 1990 / EN 1991-2,lm1,permanent_component,deck_construction_structural_dead,permanent_components/deck_construction_structural_dead/deck_construction_structural_dead.std,202,deck_construction,structural_dead,1
ec_sls_frequent__lm1_000376,ec_sls_frequent,EN 1990 / EN 1991-2,lm1,permanent_component,superimposed_surfacing,permanent_components/superimposed_surfacing/superimposed_surfacing.std,203,superimposed,surfacing,1
ec_sls_frequent__lm1_000376,ec_sls_frequent,EN 1990 / EN 1991-2,lm1,permanent_component,superimposed_other_superimposed,permanent_components/superimposed_other_superimposed/superimposed_other_superimposed.std,204,superimposed,other_superimposed,1
ec_sls_frequent__lm1_000376,ec_sls_frequent,EN 1990 / EN 1991-2,lm1,traffic_case,lm1_000376,traffic/lm1/lm1_000376/lm1_000376.std,376,superimposed,,0.75
ec_sls_frequent__lm1_000384,ec_sls_frequent,EN 1990 / EN 1991-2,lm1,permanent_component,precast_girder_structural_dead,permanent_components/precast_girder_structural_dead/precast_girder_structural_dead.std,201,precast_girder,structural_dead,1
ec_sls_frequent__lm1_000384,ec_sls_frequent,EN 1990 / EN 1991-2,lm1,permanent_component,deck_construction_structural_dead,permanent_components/deck_construction_structural_dead/deck_construction_structural_dead.std,202,deck_construction,structural_dead,1
ec_sls_frequent__lm1_000384,ec_sls_frequent,EN 1990 / EN 1991-2,lm1,permanent_component,superimposed_surfacing,permanent_components/superimposed_surfacing/superimposed_surfacing.std,203,superimposed,surfacing,1
ec_sls_frequent__lm1_000384,ec_sls_frequent,EN 1990 / EN 1991-2,lm1,permanent_component,superimposed_other_superimposed,permanent_components/superimposed_other_superimposed/superimposed_other_superimposed.std,204,superimposed,other_superimposed,1
ec_sls_frequent__lm1_000384,ec_sls_frequent,EN 1990 / EN 1991-2,lm1,traffic_case,lm1_000384,traffic/lm1/lm1_000384/lm1_000384.std,384,superimposed,,0.75
ec_sls_frequent__lm1_000455,ec_sls_frequent,EN 1990 / EN 1991-2,lm1,permanent_component,precast_girder_structural_dead,permanent_components/precast_girder_structural_dead/precast_girder_structural_dead.std,201,precast_girder,structural_dead,1
ec_sls_frequent__lm1_000455,ec_sls_frequent,EN 1990 / EN 1991-2,lm1,permanent_component,deck_construction_structural_dead,permanent_components/deck_construction_structural_dead/deck_construction_structural_dead.std,202,deck_construction,structural_dead,1
ec_sls_frequent__lm1_000455,ec_sls_frequent,EN 1990 / EN 1991-2,lm1,permanent_component,superimposed_surfacing,permanent_components/superimposed_surfacing/superimposed_surfacing.std,203,superimposed,surfacing,1
ec_sls_frequent__lm1_000455,ec_sls_frequent,EN 1990 / EN 1991-2,lm1,permanent_component,superimposed_other_superimposed,permanent_components/superimposed_other_superimposed/superimposed_other_superimposed.std,204,superimposed,other_superimposed,1
ec_sls_frequent__lm1_000455,ec_sls_frequent,EN 1990 / EN 1991-2,lm1,traffic_case,lm1_000455,traffic/lm1/lm1_000455/lm1_000455.std,455,superimposed,,0.75
ec_sls_frequent__lm1_000457,ec_sls_frequent,EN 1990 / EN 1991-2,lm1,permanent_component,precast_girder_structural_dead,permanent_components/precast_girder_structural_dead/precast_girder_structural_dead.std,201,precast_girder,structural_dead,1
ec_sls_frequent__lm1_000457,ec_sls_frequent,EN 1990 / EN 1991-2,lm1,permanent_component,deck_construction_structural_dead,permanent_components/deck_construction_structural_dead/deck_construction_structural_dead.std,202,deck_construction,structural_dead,1
ec_sls_frequent__lm1_000457,ec_sls_frequent,EN 1990 / EN 1991-2,lm1,permanent_component,superimposed_surfacing,permanent_components/superimposed_surfacing/superimposed_surfacing.std,203,superimposed,surfacing,1
ec_sls_frequent__lm1_000457,ec_sls_frequent,EN 1990 / EN 1991-2,lm1,permanent_component,superimposed_other_superimposed,permanent_components/superimposed_other_superimposed/superimposed_other_superimposed.std,204,superimposed,other_superimposed,1
ec_sls_frequent__lm1_000457,ec_sls_frequent,EN 1990 / EN 1991-2,lm1,traffic_case,lm1_000457,traffic/lm1/lm1_000457/lm1_000457.std,457,superimposed,,0.75
ec_sls_frequent__lm1_000584,ec_sls_frequent,EN 1990 / EN 1991-2,lm1,permanent_component,precast_girder_structural_dead,permanent_components/precast_girder_structural_dead/precast_girder_structural_dead.std,201,precast_girder,structural_dead,1
ec_sls_frequent__lm1_000584,ec_sls_frequent,EN 1990 / EN 1991-2,lm1,permanent_component,deck_construction_structural_dead,permanent_components/deck_construction_structural_dead/deck_construction_structural_dead.std,202,deck_construction,structural_dead,1
ec_sls_frequent__lm1_000584,ec_sls_frequent,EN 1990 / EN 1991-2,lm1,permanent_component,superimposed_surfacing,permanent_components/superimposed_surfacing/superimposed_surfacing.std,203,superimposed,surfacing,1
ec_sls_frequent__lm1_000584,ec_sls_frequent,EN 1990 / EN 1991-2,lm1,permanent_component,superimposed_other_superimposed,permanent_components/superimposed_other_superimposed/superimposed_other_superimposed.std,204,superimposed,other_superimposed,1
ec_sls_frequent__lm1_000584,ec_sls_frequent,EN 1990 / EN 1991-2,lm1,traffic_case,lm1_000584,traffic/lm1/lm1_000584/lm1_000584.std,584,superimposed,,0.75
ec_sls_frequent__lm1_000592,ec_sls_frequent,EN 1990 / EN 1991-2,lm1,permanent_component,precast_girder_structural_dead,permanent_components/precast_girder_structural_dead/precast_girder_structural_dead.std,201,precast_girder,structural_dead,1
ec_sls_frequent__lm1_000592,ec_sls_frequent,EN 1990 / EN 1991-2,lm1,permanent_component,deck_construction_structural_dead,permanent_components/deck_construction_structural_dead/deck_construction_structural_dead.std,202,deck_construction,structural_dead,1
ec_sls_frequent__lm1_000592,ec_sls_frequent,EN 1990 / EN 1991-2,lm1,permanent_component,superimposed_surfacing,permanent_components/superimposed_surfacing/superimposed_surfacing.std,203,superimposed,surfacing,1
ec_sls_frequent__lm1_000592,ec_sls_frequent,EN 1990 / EN 1991-2,lm1,permanent_component,superimposed_other_superimposed,permanent_components/superimposed_other_superimposed/superimposed_other_superimposed.std,204,superimposed,other_superimposed,1
ec_sls_frequent__lm1_000592,ec_sls_frequent,EN 1990 / EN 1991-2,lm1,traffic_case,lm1_000592,traffic/lm1/lm1_000592/lm1_000592.std,592,superimposed,,0.75
ec_sls_frequent__lm1_000625,ec_sls_frequent,EN 1990 / EN 1991-2,lm1,permanent_component,precast_girder_structural_dead,permanent_components/precast_girder_structural_dead/precast_girder_structural_dead.std,201,precast_girder,structural_dead,1
ec_sls_frequent__lm1_000625,ec_sls_frequent,EN 1990 / EN 1991-2,lm1,permanent_component,deck_construction_structural_dead,permanent_components/deck_construction_structural_dead/deck_construction_structural_dead.std,202,deck_construction,structural_dead,1
ec_sls_frequent__lm1_000625,ec_sls_frequent,EN 1990 / EN 1991-2,lm1,permanent_component,superimposed_surfacing,permanent_components/superimposed_surfacing/superimposed_surfacing.std,203,superimposed,surfacing,1
ec_sls_frequent__lm1_000625,ec_sls_frequent,EN 1990 / EN 1991-2,lm1,permanent_component,superimposed_other_superimposed,permanent_components/superimposed_other_superimposed/superimposed_other_superimposed.std,204,superimposed,other_superimposed,1
ec_sls_frequent__lm1_000625,ec_sls_frequent,EN 1990 / EN 1991-2,lm1,traffic_case,lm1_000625,traffic/lm1/lm1_000625/lm1_000625.std,625,superimposed,,0.75
ec_sls_frequent__lm1_000632,ec_sls_frequent,EN 1990 / EN 1991-2,lm1,permanent_component,precast_girder_structural_dead,permanent_components/precast_girder_structural_dead/precast_girder_structural_dead.std,201,precast_girder,structural_dead,1
ec_sls_frequent__lm1_000632,ec_sls_frequent,EN 1990 / EN 1991-2,lm1,permanent_component,deck_construction_structural_dead,permanent_components/deck_construction_structural_dead/deck_construction_structural_dead.std,202,deck_construction,structural_dead,1
ec_sls_frequent__lm1_000632,ec_sls_frequent,EN 1990 / EN 1991-2,lm1,permanent_component,superimposed_surfacing,permanent_components/superimposed_surfacing/superimposed_surfacing.std,203,superimposed,surfacing,1
ec_sls_frequent__lm1_000632,ec_sls_frequent,EN 1990 / EN 1991-2,lm1,permanent_component,superimposed_other_superimposed,permanent_components/superimposed_other_superimposed/superimposed_other_superimposed.std,204,superimposed,other_superimposed,1
ec_sls_frequent__lm1_000632,ec_sls_frequent,EN 1990 / EN 1991-2,lm1,traffic_case,lm1_000632,traffic/lm1/lm1_000632/lm1_000632.std,632,superimposed,,0.75
ec_sls_frequent__lm1_000640,ec_sls_frequent,EN 1990 / EN 1991-2,lm1,permanent_component,precast_girder_structural_dead,permanent_components/precast_girder_structural_dead/precast_girder_structural_dead.std,201,precast_girder,structural_dead,1
ec_sls_frequent__lm1_000640,ec_sls_frequent,EN 1990 / EN 1991-2,lm1,permanent_component,deck_construction_structural_dead,permanent_components/deck_construction_structural_dead/deck_construction_structural_dead.std,202,deck_construction,structural_dead,1
ec_sls_frequent__lm1_000640,ec_sls_frequent,EN 1990 / EN 1991-2,lm1,permanent_component,superimposed_surfacing,permanent_components/superimposed_surfacing/superimposed_surfacing.std,203,superimposed,surfacing,1
ec_sls_frequent__lm1_000640,ec_sls_frequent,EN 1990 / EN 1991-2,lm1,permanent_component,superimposed_other_superimposed,permanent_components/superimposed_other_superimposed/superimposed_other_superimposed.std,204,superimposed,other_superimposed,1
ec_sls_frequent__lm1_000640,ec_sls_frequent,EN 1990 / EN 1991-2,lm1,traffic_case,lm1_000640,traffic/lm1/lm1_000640/lm1_000640.std,640,superimposed,,0.75
ec_sls_frequent__lm1_000711,ec_sls_frequent,EN 1990 / EN 1991-2,lm1,permanent_component,precast_girder_structural_dead,permanent_components/precast_girder_structural_dead/precast_girder_structural_dead.std,201,precast_girder,structural_dead,1
ec_sls_frequent__lm1_000711,ec_sls_frequent,EN 1990 / EN 1991-2,lm1,permanent_component,deck_construction_structural_dead,permanent_components/deck_construction_structural_dead/deck_construction_structural_dead.std,202,deck_construction,structural_dead,1
ec_sls_frequent__lm1_000711,ec_sls_frequent,EN 1990 / EN 1991-2,lm1,permanent_component,superimposed_surfacing,permanent_components/superimposed_surfacing/superimposed_surfacing.std,203,superimposed,surfacing,1
ec_sls_frequent__lm1_000711,ec_sls_frequent,EN 1990 / EN 1991-2,lm1,permanent_component,superimposed_other_superimposed,permanent_components/superimposed_other_superimposed/superimposed_other_superimposed.std,204,superimposed,other_superimposed,1
ec_sls_frequent__lm1_000711,ec_sls_frequent,EN 1990 / EN 1991-2,lm1,traffic_case,lm1_000711,traffic/lm1/lm1_000711/lm1_000711.std,711,superimposed,,0.75
ec_sls_frequent__lm1_000713,ec_sls_frequent,EN 1990 / EN 1991-2,lm1,permanent_component,precast_girder_structural_dead,permanent_components/precast_girder_structural_dead/precast_girder_structural_dead.std,201,precast_girder,structural_dead,1
ec_sls_frequent__lm1_000713,ec_sls_frequent,EN 1990 / EN 1991-2,lm1,permanent_component,deck_construction_structural_dead,permanent_components/deck_construction_structural_dead/deck_construction_structural_dead.std,202,deck_construction,structural_dead,1
ec_sls_frequent__lm1_000713,ec_sls_frequent,EN 1990 / EN 1991-2,lm1,permanent_component,superimposed_surfacing,permanent_components/superimposed_surfacing/superimposed_surfacing.std,203,superimposed,surfacing,1
ec_sls_frequent__lm1_000713,ec_sls_frequent,EN 1990 / EN 1991-2,lm1,permanent_component,superimposed_other_superimposed,permanent_components/superimposed_other_superimposed/superimposed_other_superimposed.std,204,superimposed,other_superimposed,1
ec_sls_frequent__lm1_000713,ec_sls_frequent,EN 1990 / EN 1991-2,lm1,traffic_case,lm1_000713,traffic/lm1/lm1_000713/lm1_000713.std,713,superimposed,,0.75
ec_sls_frequent__lm1_000888,ec_sls_frequent,EN 1990 / EN 1991-2,lm1,permanent_component,precast_girder_structural_dead,permanent_components/precast_girder_structural_dead/precast_girder_structural_dead.std,201,precast_girder,structural_dead,1
ec_sls_frequent__lm1_000888,ec_sls_frequent,EN 1990 / EN 1991-2,lm1,permanent_component,deck_construction_structural_dead,permanent_components/deck_construction_structural_dead/deck_construction_structural_dead.std,202,deck_construction,structural_dead,1
ec_sls_frequent__lm1_000888,ec_sls_frequent,EN 1990 / EN 1991-2,lm1,permanent_component,superimposed_surfacing,permanent_components/superimposed_surfacing/superimposed_surfacing.std,203,superimposed,surfacing,1
ec_sls_frequent__lm1_000888,ec_sls_frequent,EN 1990 / EN 1991-2,lm1,permanent_component,superimposed_other_superimposed,permanent_components/superimposed_other_superimposed/superimposed_other_superimposed.std,204,superimposed,other_superimposed,1
ec_sls_frequent__lm1_000888,ec_sls_frequent,EN 1990 / EN 1991-2,lm1,traffic_case,lm1_000888,traffic/lm1/lm1_000888/lm1_000888.std,888,superimposed,,0.75
ec_sls_frequent__lm1_000973,ec_sls_frequent,EN 1990 / EN 1991-2,lm1,permanent_component,precast_girder_structural_dead,permanent_components/precast_girder_structural_dead/precast_girder_structural_dead.std,201,precast_girder,structural_dead,1
ec_sls_frequent__lm1_000973,ec_sls_frequent,EN 1990 / EN 1991-2,lm1,permanent_component,deck_construction_structural_dead,permanent_components/deck_construction_structural_dead/deck_construction_structural_dead.std,202,deck_construction,structural_dead,1
ec_sls_frequent__lm1_000973,ec_sls_frequent,EN 1990 / EN 1991-2,lm1,permanent_component,superimposed_surfacing,permanent_components/superimposed_surfacing/superimposed_surfacing.std,203,superimposed,surfacing,1
ec_sls_frequent__lm1_000973,ec_sls_frequent,EN 1990 / EN 1991-2,lm1,permanent_component,superimposed_other_superimposed,permanent_components/superimposed_other_superimposed/superimposed_other_superimposed.std,204,superimposed,other_superimposed,1
ec_sls_frequent__lm1_000973,ec_sls_frequent,EN 1990 / EN 1991-2,lm1,traffic_case,lm1_000973,traffic/lm1/lm1_000973/lm1_000973.std,973,superimposed,,0.75
ec_sls_frequent__lm1_000984,ec_sls_frequent,EN 1990 / EN 1991-2,lm1,permanent_component,precast_girder_structural_dead,permanent_components/precast_girder_structural_dead/precast_girder_structural_dead.std,201,precast_girder,structural_dead,1
ec_sls_frequent__lm1_000984,ec_sls_frequent,EN 1990 / EN 1991-2,lm1,permanent_component,deck_construction_structural_dead,permanent_components/deck_construction_structural_dead/deck_construction_structural_dead.std,202,deck_construction,structural_dead,1
ec_sls_frequent__lm1_000984,ec_sls_frequent,EN 1990 / EN 1991-2,lm1,permanent_component,superimposed_surfacing,permanent_components/superimposed_surfacing/superimposed_surfacing.std,203,superimposed,surfacing,1
ec_sls_frequent__lm1_000984,ec_sls_frequent,EN 1990 / EN 1991-2,lm1,permanent_component,superimposed_other_superimposed,permanent_components/superimposed_other_superimposed/superimposed_other_superimposed.std,204,superimposed,other_superimposed,1
ec_sls_frequent__lm1_000984,ec_sls_frequent,EN 1990 / EN 1991-2,lm1,traffic_case,lm1_000984,traffic/lm1/lm1_000984/lm1_000984.std,984,superimposed,,0.75
ec_sls_quasi_permanent__lm1_000120,ec_sls_quasi_permanent,EN 1990 / EN 1991-2,lm1,permanent_component,precast_girder_structural_dead,permanent_components/precast_girder_structural_dead/precast_girder_structural_dead.std,201,precast_girder,structural_dead,1
ec_sls_quasi_permanent__lm1_000120,ec_sls_quasi_permanent,EN 1990 / EN 1991-2,lm1,permanent_component,deck_construction_structural_dead,permanent_components/deck_construction_structural_dead/deck_construction_structural_dead.std,202,deck_construction,structural_dead,1
ec_sls_quasi_permanent__lm1_000120,ec_sls_quasi_permanent,EN 1990 / EN 1991-2,lm1,permanent_component,superimposed_surfacing,permanent_components/superimposed_surfacing/superimposed_surfacing.std,203,superimposed,surfacing,1
ec_sls_quasi_permanent__lm1_000120,ec_sls_quasi_permanent,EN 1990 / EN 1991-2,lm1,permanent_component,superimposed_other_superimposed,permanent_components/superimposed_other_superimposed/superimposed_other_superimposed.std,204,superimposed,other_superimposed,1
ec_sls_quasi_permanent__lm1_000120,ec_sls_quasi_permanent,EN 1990 / EN 1991-2,lm1,traffic_case,lm1_000120,traffic/lm1/lm1_000120/lm1_000120.std,120,superimposed,,0
ec_sls_quasi_permanent__lm1_000216,ec_sls_quasi_permanent,EN 1990 / EN 1991-2,lm1,permanent_component,precast_girder_structural_dead,permanent_components/precast_girder_structural_dead/precast_girder_structural_dead.std,201,precast_girder,structural_dead,1
ec_sls_quasi_permanent__lm1_000216,ec_sls_quasi_permanent,EN 1990 / EN 1991-2,lm1,permanent_component,deck_construction_structural_dead,permanent_components/deck_construction_structural_dead/deck_construction_structural_dead.std,202,deck_construction,structural_dead,1
ec_sls_quasi_permanent__lm1_000216,ec_sls_quasi_permanent,EN 1990 / EN 1991-2,lm1,permanent_component,superimposed_surfacing,permanent_components/superimposed_surfacing/superimposed_surfacing.std,203,superimposed,surfacing,1
ec_sls_quasi_permanent__lm1_000216,ec_sls_quasi_permanent,EN 1990 / EN 1991-2,lm1,permanent_component,superimposed_other_superimposed,permanent_components/superimposed_other_superimposed/superimposed_other_superimposed.std,204,superimposed,other_superimposed,1
ec_sls_quasi_permanent__lm1_000216,ec_sls_quasi_permanent,EN 1990 / EN 1991-2,lm1,traffic_case,lm1_000216,traffic/lm1/lm1_000216/lm1_000216.std,216,superimposed,,0
ec_sls_quasi_permanent__lm1_000328,ec_sls_quasi_permanent,EN 1990 / EN 1991-2,lm1,permanent_component,precast_girder_structural_dead,permanent_components/precast_girder_structural_dead/precast_girder_structural_dead.std,201,precast_girder,structural_dead,1
ec_sls_quasi_permanent__lm1_000328,ec_sls_quasi_permanent,EN 1990 / EN 1991-2,lm1,permanent_component,deck_construction_structural_dead,permanent_components/deck_construction_structural_dead/deck_construction_structural_dead.std,202,deck_construction,structural_dead,1
ec_sls_quasi_permanent__lm1_000328,ec_sls_quasi_permanent,EN 1990 / EN 1991-2,lm1,permanent_component,superimposed_surfacing,permanent_components/superimposed_surfacing/superimposed_surfacing.std,203,superimposed,surfacing,1
ec_sls_quasi_permanent__lm1_000328,ec_sls_quasi_permanent,EN 1990 / EN 1991-2,lm1,permanent_component,superimposed_other_superimposed,permanent_components/superimposed_other_superimposed/superimposed_other_superimposed.std,204,superimposed,other_superimposed,1
ec_sls_quasi_permanent__lm1_000328,ec_sls_quasi_permanent,EN 1990 / EN 1991-2,lm1,traffic_case,lm1_000328,traffic/lm1/lm1_000328/lm1_000328.std,328,superimposed,,0
ec_sls_quasi_permanent__lm1_000369,ec_sls_quasi_permanent,EN 1990 / EN 1991-2,lm1,permanent_component,precast_girder_structural_dead,permanent_components/precast_girder_structural_dead/precast_girder_structural_dead.std,201,precast_girder,structural_dead,1
ec_sls_quasi_permanent__lm1_000369,ec_sls_quasi_permanent,EN 1990 / EN 1991-2,lm1,permanent_component,deck_construction_structural_dead,permanent_components/deck_construction_structural_dead/deck_construction_structural_dead.std,202,deck_construction,structural_dead,1
ec_sls_quasi_permanent__lm1_000369,ec_sls_quasi_permanent,EN 1990 / EN 1991-2,lm1,permanent_component,superimposed_surfacing,permanent_components/superimposed_surfacing/superimposed_surfacing.std,203,superimposed,surfacing,1
ec_sls_quasi_permanent__lm1_000369,ec_sls_quasi_permanent,EN 1990 / EN 1991-2,lm1,permanent_component,superimposed_other_superimposed,permanent_components/superimposed_other_superimposed/superimposed_other_superimposed.std,204,superimposed,other_superimposed,1
ec_sls_quasi_permanent__lm1_000369,ec_sls_quasi_permanent,EN 1990 / EN 1991-2,lm1,traffic_case,lm1_000369,traffic/lm1/lm1_000369/lm1_000369.std,369,superimposed,,0
ec_sls_quasi_permanent__lm1_000376,ec_sls_quasi_permanent,EN 1990 / EN 1991-2,lm1,permanent_component,precast_girder_structural_dead,permanent_components/precast_girder_structural_dead/precast_girder_structural_dead.std,201,precast_girder,structural_dead,1
ec_sls_quasi_permanent__lm1_000376,ec_sls_quasi_permanent,EN 1990 / EN 1991-2,lm1,permanent_component,deck_construction_structural_dead,permanent_components/deck_construction_structural_dead/deck_construction_structural_dead.std,202,deck_construction,structural_dead,1
ec_sls_quasi_permanent__lm1_000376,ec_sls_quasi_permanent,EN 1990 / EN 1991-2,lm1,permanent_component,superimposed_surfacing,permanent_components/superimposed_surfacing/superimposed_surfacing.std,203,superimposed,surfacing,1
ec_sls_quasi_permanent__lm1_000376,ec_sls_quasi_permanent,EN 1990 / EN 1991-2,lm1,permanent_component,superimposed_other_superimposed,permanent_components/superimposed_other_superimposed/superimposed_other_superimposed.std,204,superimposed,other_superimposed,1
ec_sls_quasi_permanent__lm1_000376,ec_sls_quasi_permanent,EN 1990 / EN 1991-2,lm1,traffic_case,lm1_000376,traffic/lm1/lm1_000376/lm1_000376.std,376,superimposed,,0
ec_sls_quasi_permanent__lm1_000384,ec_sls_quasi_permanent,EN 1990 / EN 1991-2,lm1,permanent_component,precast_girder_structural_dead,permanent_components/precast_girder_structural_dead/precast_girder_structural_dead.std,201,precast_girder,structural_dead,1
ec_sls_quasi_permanent__lm1_000384,ec_sls_quasi_permanent,EN 1990 / EN 1991-2,lm1,permanent_component,deck_construction_structural_dead,permanent_components/deck_construction_structural_dead/deck_construction_structural_dead.std,202,deck_construction,structural_dead,1
ec_sls_quasi_permanent__lm1_000384,ec_sls_quasi_permanent,EN 1990 / EN 1991-2,lm1,permanent_component,superimposed_surfacing,permanent_components/superimposed_surfacing/superimposed_surfacing.std,203,superimposed,surfacing,1
ec_sls_quasi_permanent__lm1_000384,ec_sls_quasi_permanent,EN 1990 / EN 1991-2,lm1,permanent_component,superimposed_other_superimposed,permanent_components/superimposed_other_superimposed/superimposed_other_superimposed.std,204,superimposed,other_superimposed,1
ec_sls_quasi_permanent__lm1_000384,ec_sls_quasi_permanent,EN 1990 / EN 1991-2,lm1,traffic_case,lm1_000384,traffic/lm1/lm1_000384/lm1_000384.std,384,superimposed,,0
ec_sls_quasi_permanent__lm1_000455,ec_sls_quasi_permanent,EN 1990 / EN 1991-2,lm1,permanent_component,precast_girder_structural_dead,permanent_components/precast_girder_structural_dead/precast_girder_structural_dead.std,201,precast_girder,structural_dead,1
ec_sls_quasi_permanent__lm1_000455,ec_sls_quasi_permanent,EN 1990 / EN 1991-2,lm1,permanent_component,deck_construction_structural_dead,permanent_components/deck_construction_structural_dead/deck_construction_structural_dead.std,202,deck_construction,structural_dead,1
ec_sls_quasi_permanent__lm1_000455,ec_sls_quasi_permanent,EN 1990 / EN 1991-2,lm1,permanent_component,superimposed_surfacing,permanent_components/superimposed_surfacing/superimposed_surfacing.std,203,superimposed,surfacing,1
ec_sls_quasi_permanent__lm1_000455,ec_sls_quasi_permanent,EN 1990 / EN 1991-2,lm1,permanent_component,superimposed_other_superimposed,permanent_components/superimposed_other_superimposed/superimposed_other_superimposed.std,204,superimposed,other_superimposed,1
ec_sls_quasi_permanent__lm1_000455,ec_sls_quasi_permanent,EN 1990 / EN 1991-2,lm1,traffic_case,lm1_000455,traffic/lm1/lm1_000455/lm1_000455.std,455,superimposed,,0
ec_sls_quasi_permanent__lm1_000457,ec_sls_quasi_permanent,EN 1990 / EN 1991-2,lm1,permanent_component,precast_girder_structural_dead,permanent_components/precast_girder_structural_dead/precast_girder_structural_dead.std,201,precast_girder,structural_dead,1
ec_sls_quasi_permanent__lm1_000457,ec_sls_quasi_permanent,EN 1990 / EN 1991-2,lm1,permanent_component,deck_construction_structural_dead,permanent_components/deck_construction_structural_dead/deck_construction_structural_dead.std,202,deck_construction,structural_dead,1
ec_sls_quasi_permanent__lm1_000457,ec_sls_quasi_permanent,EN 1990 / EN 1991-2,lm1,permanent_component,superimposed_surfacing,permanent_components/superimposed_surfacing/superimposed_surfacing.std,203,superimposed,surfacing,1
ec_sls_quasi_permanent__lm1_000457,ec_sls_quasi_permanent,EN 1990 / EN 1991-2,lm1,permanent_component,superimposed_other_superimposed,permanent_components/superimposed_other_superimposed/superimposed_other_superimposed.std,204,superimposed,other_superimposed,1
ec_sls_quasi_permanent__lm1_000457,ec_sls_quasi_permanent,EN 1990 / EN 1991-2,lm1,traffic_case,lm1_000457,traffic/lm1/lm1_000457/lm1_000457.std,457,superimposed,,0
ec_sls_quasi_permanent__lm1_000584,ec_sls_quasi_permanent,EN 1990 / EN 1991-2,lm1,permanent_component,precast_girder_structural_dead,permanent_components/precast_girder_structural_dead/precast_girder_structural_dead.std,201,precast_girder,structural_dead,1
ec_sls_quasi_permanent__lm1_000584,ec_sls_quasi_permanent,EN 1990 / EN 1991-2,lm1,permanent_component,deck_construction_structural_dead,permanent_components/deck_construction_structural_dead/deck_construction_structural_dead.std,202,deck_construction,structural_dead,1
ec_sls_quasi_permanent__lm1_000584,ec_sls_quasi_permanent,EN 1990 / EN 1991-2,lm1,permanent_component,superimposed_surfacing,permanent_components/superimposed_surfacing/superimposed_surfacing.std,203,superimposed,surfacing,1
ec_sls_quasi_permanent__lm1_000584,ec_sls_quasi_permanent,EN 1990 / EN 1991-2,lm1,permanent_component,superimposed_other_superimposed,permanent_components/superimposed_other_superimposed/superimposed_other_superimposed.std,204,superimposed,other_superimposed,1
ec_sls_quasi_permanent__lm1_000584,ec_sls_quasi_permanent,EN 1990 / EN 1991-2,lm1,traffic_case,lm1_000584,traffic/lm1/lm1_000584/lm1_000584.std,584,superimposed,,0
ec_sls_quasi_permanent__lm1_000592,ec_sls_quasi_permanent,EN 1990 / EN 1991-2,lm1,permanent_component,precast_girder_structural_dead,permanent_components/precast_girder_structural_dead/precast_girder_structural_dead.std,201,precast_girder,structural_dead,1
ec_sls_quasi_permanent__lm1_000592,ec_sls_quasi_permanent,EN 1990 / EN 1991-2,lm1,permanent_component,deck_construction_structural_dead,permanent_components/deck_construction_structural_dead/deck_construction_structural_dead.std,202,deck_construction,structural_dead,1
ec_sls_quasi_permanent__lm1_000592,ec_sls_quasi_permanent,EN 1990 / EN 1991-2,lm1,permanent_component,superimposed_surfacing,permanent_components/superimposed_surfacing/superimposed_surfacing.std,203,superimposed,surfacing,1
ec_sls_quasi_permanent__lm1_000592,ec_sls_quasi_permanent,EN 1990 / EN 1991-2,lm1,permanent_component,superimposed_other_superimposed,permanent_components/superimposed_other_superimposed/superimposed_other_superimposed.std,204,superimposed,other_superimposed,1
ec_sls_quasi_permanent__lm1_000592,ec_sls_quasi_permanent,EN 1990 / EN 1991-2,lm1,traffic_case,lm1_000592,traffic/lm1/lm1_000592/lm1_000592.std,592,superimposed,,0
ec_sls_quasi_permanent__lm1_000625,ec_sls_quasi_permanent,EN 1990 / EN 1991-2,lm1,permanent_component,precast_girder_structural_dead,permanent_components/precast_girder_structural_dead/precast_girder_structural_dead.std,201,precast_girder,structural_dead,1
ec_sls_quasi_permanent__lm1_000625,ec_sls_quasi_permanent,EN 1990 / EN 1991-2,lm1,permanent_component,deck_construction_structural_dead,permanent_components/deck_construction_structural_dead/deck_construction_structural_dead.std,202,deck_construction,structural_dead,1
ec_sls_quasi_permanent__lm1_000625,ec_sls_quasi_permanent,EN 1990 / EN 1991-2,lm1,permanent_component,superimposed_surfacing,permanent_components/superimposed_surfacing/superimposed_surfacing.std,203,superimposed,surfacing,1
ec_sls_quasi_permanent__lm1_000625,ec_sls_quasi_permanent,EN 1990 / EN 1991-2,lm1,permanent_component,superimposed_other_superimposed,permanent_components/superimposed_other_superimposed/superimposed_other_superimposed.std,204,superimposed,other_superimposed,1
ec_sls_quasi_permanent__lm1_000625,ec_sls_quasi_permanent,EN 1990 / EN 1991-2,lm1,traffic_case,lm1_000625,traffic/lm1/lm1_000625/lm1_000625.std,625,superimposed,,0
ec_sls_quasi_permanent__lm1_000632,ec_sls_quasi_permanent,EN 1990 / EN 1991-2,lm1,permanent_component,precast_girder_structural_dead,permanent_components/precast_girder_structural_dead/precast_girder_structural_dead.std,201,precast_girder,structural_dead,1
ec_sls_quasi_permanent__lm1_000632,ec_sls_quasi_permanent,EN 1990 / EN 1991-2,lm1,permanent_component,deck_construction_structural_dead,permanent_components/deck_construction_structural_dead/deck_construction_structural_dead.std,202,deck_construction,structural_dead,1
ec_sls_quasi_permanent__lm1_000632,ec_sls_quasi_permanent,EN 1990 / EN 1991-2,lm1,permanent_component,superimposed_surfacing,permanent_components/superimposed_surfacing/superimposed_surfacing.std,203,superimposed,surfacing,1
ec_sls_quasi_permanent__lm1_000632,ec_sls_quasi_permanent,EN 1990 / EN 1991-2,lm1,permanent_component,superimposed_other_superimposed,permanent_components/superimposed_other_superimposed/superimposed_other_superimposed.std,204,superimposed,other_superimposed,1
ec_sls_quasi_permanent__lm1_000632,ec_sls_quasi_permanent,EN 1990 / EN 1991-2,lm1,traffic_case,lm1_000632,traffic/lm1/lm1_000632/lm1_000632.std,632,superimposed,,0
ec_sls_quasi_permanent__lm1_000640,ec_sls_quasi_permanent,EN 1990 / EN 1991-2,lm1,permanent_component,precast_girder_structural_dead,permanent_components/precast_girder_structural_dead/precast_girder_structural_dead.std,201,precast_girder,structural_dead,1
ec_sls_quasi_permanent__lm1_000640,ec_sls_quasi_permanent,EN 1990 / EN 1991-2,lm1,permanent_component,deck_construction_structural_dead,permanent_components/deck_construction_structural_dead/deck_construction_structural_dead.std,202,deck_construction,structural_dead,1
ec_sls_quasi_permanent__lm1_000640,ec_sls_quasi_permanent,EN 1990 / EN 1991-2,lm1,permanent_component,superimposed_surfacing,permanent_components/superimposed_surfacing/superimposed_surfacing.std,203,superimposed,surfacing,1
ec_sls_quasi_permanent__lm1_000640,ec_sls_quasi_permanent,EN 1990 / EN 1991-2,lm1,permanent_component,superimposed_other_superimposed,permanent_components/superimposed_other_superimposed/superimposed_other_superimposed.std,204,superimposed,other_superimposed,1
ec_sls_quasi_permanent__lm1_000640,ec_sls_quasi_permanent,EN 1990 / EN 1991-2,lm1,traffic_case,lm1_000640,traffic/lm1/lm1_000640/lm1_000640.std,640,superimposed,,0
ec_sls_quasi_permanent__lm1_000711,ec_sls_quasi_permanent,EN 1990 / EN 1991-2,lm1,permanent_component,precast_girder_structural_dead,permanent_components/precast_girder_structural_dead/precast_girder_structural_dead.std,201,precast_girder,structural_dead,1
ec_sls_quasi_permanent__lm1_000711,ec_sls_quasi_permanent,EN 1990 / EN 1991-2,lm1,permanent_component,deck_construction_structural_dead,permanent_components/deck_construction_structural_dead/deck_construction_structural_dead.std,202,deck_construction,structural_dead,1
ec_sls_quasi_permanent__lm1_000711,ec_sls_quasi_permanent,EN 1990 / EN 1991-2,lm1,permanent_component,superimposed_surfacing,permanent_components/superimposed_surfacing/superimposed_surfacing.std,203,superimposed,surfacing,1
ec_sls_quasi_permanent__lm1_000711,ec_sls_quasi_permanent,EN 1990 / EN 1991-2,lm1,permanent_component,superimposed_other_superimposed,permanent_components/superimposed_other_superimposed/superimposed_other_superimposed.std,204,superimposed,other_superimposed,1
ec_sls_quasi_permanent__lm1_000711,ec_sls_quasi_permanent,EN 1990 / EN 1991-2,lm1,traffic_case,lm1_000711,traffic/lm1/lm1_000711/lm1_000711.std,711,superimposed,,0
ec_sls_quasi_permanent__lm1_000713,ec_sls_quasi_permanent,EN 1990 / EN 1991-2,lm1,permanent_component,precast_girder_structural_dead,permanent_components/precast_girder_structural_dead/precast_girder_structural_dead.std,201,precast_girder,structural_dead,1
ec_sls_quasi_permanent__lm1_000713,ec_sls_quasi_permanent,EN 1990 / EN 1991-2,lm1,permanent_component,deck_construction_structural_dead,permanent_components/deck_construction_structural_dead/deck_construction_structural_dead.std,202,deck_construction,structural_dead,1
ec_sls_quasi_permanent__lm1_000713,ec_sls_quasi_permanent,EN 1990 / EN 1991-2,lm1,permanent_component,superimposed_surfacing,permanent_components/superimposed_surfacing/superimposed_surfacing.std,203,superimposed,surfacing,1
ec_sls_quasi_permanent__lm1_000713,ec_sls_quasi_permanent,EN 1990 / EN 1991-2,lm1,permanent_component,superimposed_other_superimposed,permanent_components/superimposed_other_superimposed/superimposed_other_superimposed.std,204,superimposed,other_superimposed,1
ec_sls_quasi_permanent__lm1_000713,ec_sls_quasi_permanent,EN 1990 / EN 1991-2,lm1,traffic_case,lm1_000713,traffic/lm1/lm1_000713/lm1_000713.std,713,superimposed,,0
ec_sls_quasi_permanent__lm1_000888,ec_sls_quasi_permanent,EN 1990 / EN 1991-2,lm1,permanent_component,precast_girder_structural_dead,permanent_components/precast_girder_structural_dead/precast_girder_structural_dead.std,201,precast_girder,structural_dead,1
ec_sls_quasi_permanent__lm1_000888,ec_sls_quasi_permanent,EN 1990 / EN 1991-2,lm1,permanent_component,deck_construction_structural_dead,permanent_components/deck_construction_structural_dead/deck_construction_structural_dead.std,202,deck_construction,structural_dead,1
ec_sls_quasi_permanent__lm1_000888,ec_sls_quasi_permanent,EN 1990 / EN 1991-2,lm1,permanent_component,superimposed_surfacing,permanent_components/superimposed_surfacing/superimposed_surfacing.std,203,superimposed,surfacing,1
ec_sls_quasi_permanent__lm1_000888,ec_sls_quasi_permanent,EN 1990 / EN 1991-2,lm1,permanent_component,superimposed_other_superimposed,permanent_components/superimposed_other_superimposed/superimposed_other_superimposed.std,204,superimposed,other_superimposed,1
ec_sls_quasi_permanent__lm1_000888,ec_sls_quasi_permanent,EN 1990 / EN 1991-2,lm1,traffic_case,lm1_000888,traffic/lm1/lm1_000888/lm1_000888.std,888,superimposed,,0
ec_sls_quasi_permanent__lm1_000973,ec_sls_quasi_permanent,EN 1990 / EN 1991-2,lm1,permanent_component,precast_girder_structural_dead,permanent_components/precast_girder_structural_dead/precast_girder_structural_dead.std,201,precast_girder,structural_dead,1
ec_sls_quasi_permanent__lm1_000973,ec_sls_quasi_permanent,EN 1990 / EN 1991-2,lm1,permanent_component,deck_construction_structural_dead,permanent_components/deck_construction_structural_dead/deck_construction_structural_dead.std,202,deck_construction,structural_dead,1
ec_sls_quasi_permanent__lm1_000973,ec_sls_quasi_permanent,EN 1990 / EN 1991-2,lm1,permanent_component,superimposed_surfacing,permanent_components/superimposed_surfacing/superimposed_surfacing.std,203,superimposed,surfacing,1
ec_sls_quasi_permanent__lm1_000973,ec_sls_quasi_permanent,EN 1990 / EN 1991-2,lm1,permanent_component,superimposed_other_superimposed,permanent_components/superimposed_other_superimposed/superimposed_other_superimposed.std,204,superimposed,other_superimposed,1
ec_sls_quasi_permanent__lm1_000973,ec_sls_quasi_permanent,EN 1990 / EN 1991-2,lm1,traffic_case,lm1_000973,traffic/lm1/lm1_000973/lm1_000973.std,973,superimposed,,0
ec_sls_quasi_permanent__lm1_000984,ec_sls_quasi_permanent,EN 1990 / EN 1991-2,lm1,permanent_component,precast_girder_structural_dead,permanent_components/precast_girder_structural_dead/precast_girder_structural_dead.std,201,precast_girder,structural_dead,1
ec_sls_quasi_permanent__lm1_000984,ec_sls_quasi_permanent,EN 1990 / EN 1991-2,lm1,permanent_component,deck_construction_structural_dead,permanent_components/deck_construction_structural_dead/deck_construction_structural_dead.std,202,deck_construction,structural_dead,1
ec_sls_quasi_permanent__lm1_000984,ec_sls_quasi_permanent,EN 1990 / EN 1991-2,lm1,permanent_component,superimposed_surfacing,permanent_components/superimposed_surfacing/superimposed_surfacing.std,203,superimposed,surfacing,1
ec_sls_quasi_permanent__lm1_000984,ec_sls_quasi_permanent,EN 1990 / EN 1991-2,lm1,permanent_component,superimposed_other_superimposed,permanent_components/superimposed_other_superimposed/superimposed_other_superimposed.std,204,superimposed,other_superimposed,1
ec_sls_quasi_permanent__lm1_000984,ec_sls_quasi_permanent,EN 1990 / EN 1991-2,lm1,traffic_case,lm1_000984,traffic/lm1/lm1_000984/lm1_000984.std,984,superimposed,,0
bs_combination_1_uls_ha__ha_000008,bs_combination_1_uls_ha,BS 5400:Part 2 / BD 37/01,ha,permanent_component,precast_girder_structural_dead,permanent_components/precast_girder_structural_dead/precast_girder_structural_dead.std,201,precast_girder,structural_dead,1.1499999999999999
bs_combination_1_uls_ha__ha_000008,bs_combination_1_uls_ha,BS 5400:Part 2 / BD 37/01,ha,permanent_component,deck_construction_structural_dead,permanent_components/deck_construction_structural_dead/deck_construction_structural_dead.std,202,deck_construction,structural_dead,1.1499999999999999
bs_combination_1_uls_ha__ha_000008,bs_combination_1_uls_ha,BS 5400:Part 2 / BD 37/01,ha,permanent_component,superimposed_surfacing,permanent_components/superimposed_surfacing/superimposed_surfacing.std,203,superimposed,surfacing,1.75
bs_combination_1_uls_ha__ha_000008,bs_combination_1_uls_ha,BS 5400:Part 2 / BD 37/01,ha,permanent_component,superimposed_other_superimposed,permanent_components/superimposed_other_superimposed/superimposed_other_superimposed.std,204,superimposed,other_superimposed,1.2
bs_combination_1_uls_ha__ha_000008,bs_combination_1_uls_ha,BS 5400:Part 2 / BD 37/01,ha,traffic_case,ha_000008,traffic/ha/ha_000008/ha_000008.std,8,superimposed,,1.5
bs_combination_1_uls_ha__ha_000009,bs_combination_1_uls_ha,BS 5400:Part 2 / BD 37/01,ha,permanent_component,precast_girder_structural_dead,permanent_components/precast_girder_structural_dead/precast_girder_structural_dead.std,201,precast_girder,structural_dead,1.1499999999999999
bs_combination_1_uls_ha__ha_000009,bs_combination_1_uls_ha,BS 5400:Part 2 / BD 37/01,ha,permanent_component,deck_construction_structural_dead,permanent_components/deck_construction_structural_dead/deck_construction_structural_dead.std,202,deck_construction,structural_dead,1.1499999999999999
bs_combination_1_uls_ha__ha_000009,bs_combination_1_uls_ha,BS 5400:Part 2 / BD 37/01,ha,permanent_component,superimposed_surfacing,permanent_components/superimposed_surfacing/superimposed_surfacing.std,203,superimposed,surfacing,1.75
bs_combination_1_uls_ha__ha_000009,bs_combination_1_uls_ha,BS 5400:Part 2 / BD 37/01,ha,permanent_component,superimposed_other_superimposed,permanent_components/superimposed_other_superimposed/superimposed_other_superimposed.std,204,superimposed,other_superimposed,1.2
bs_combination_1_uls_ha__ha_000009,bs_combination_1_uls_ha,BS 5400:Part 2 / BD 37/01,ha,traffic_case,ha_000009,traffic/ha/ha_000009/ha_000009.std,9,superimposed,,1.5
bs_combination_1_uls_ha__ha_000010,bs_combination_1_uls_ha,BS 5400:Part 2 / BD 37/01,ha,permanent_component,precast_girder_structural_dead,permanent_components/precast_girder_structural_dead/precast_girder_structural_dead.std,201,precast_girder,structural_dead,1.1499999999999999
bs_combination_1_uls_ha__ha_000010,bs_combination_1_uls_ha,BS 5400:Part 2 / BD 37/01,ha,permanent_component,deck_construction_structural_dead,permanent_components/deck_construction_structural_dead/deck_construction_structural_dead.std,202,deck_construction,structural_dead,1.1499999999999999
bs_combination_1_uls_ha__ha_000010,bs_combination_1_uls_ha,BS 5400:Part 2 / BD 37/01,ha,permanent_component,superimposed_surfacing,permanent_components/superimposed_surfacing/superimposed_surfacing.std,203,superimposed,surfacing,1.75
bs_combination_1_uls_ha__ha_000010,bs_combination_1_uls_ha,BS 5400:Part 2 / BD 37/01,ha,permanent_component,superimposed_other_superimposed,permanent_components/superimposed_other_superimposed/superimposed_other_superimposed.std,204,superimposed,other_superimposed,1.2
bs_combination_1_uls_ha__ha_000010,bs_combination_1_uls_ha,BS 5400:Part 2 / BD 37/01,ha,traffic_case,ha_000010,traffic/ha/ha_000010/ha_000010.std,10,superimposed,,1.5
bs_combination_1_uls_ha__ha_000025,bs_combination_1_uls_ha,BS 5400:Part 2 / BD 37/01,ha,permanent_component,precast_girder_structural_dead,permanent_components/precast_girder_structural_dead/precast_girder_structural_dead.std,201,precast_girder,structural_dead,1.1499999999999999
bs_combination_1_uls_ha__ha_000025,bs_combination_1_uls_ha,BS 5400:Part 2 / BD 37/01,ha,permanent_component,deck_construction_structural_dead,permanent_components/deck_construction_structural_dead/deck_construction_structural_dead.std,202,deck_construction,structural_dead,1.1499999999999999
bs_combination_1_uls_ha__ha_000025,bs_combination_1_uls_ha,BS 5400:Part 2 / BD 37/01,ha,permanent_component,superimposed_surfacing,permanent_components/superimposed_surfacing/superimposed_surfacing.std,203,superimposed,surfacing,1.75
bs_combination_1_uls_ha__ha_000025,bs_combination_1_uls_ha,BS 5400:Part 2 / BD 37/01,ha,permanent_component,superimposed_other_superimposed,permanent_components/superimposed_other_superimposed/superimposed_other_superimposed.std,204,superimposed,other_superimposed,1.2
bs_combination_1_uls_ha__ha_000025,bs_combination_1_uls_ha,BS 5400:Part 2 / BD 37/01,ha,traffic_case,ha_000025,traffic/ha/ha_000025/ha_000025.std,25,superimposed,,1.5
bs_combination_1_uls_ha__ha_000026,bs_combination_1_uls_ha,BS 5400:Part 2 / BD 37/01,ha,permanent_component,precast_girder_structural_dead,permanent_components/precast_girder_structural_dead/precast_girder_structural_dead.std,201,precast_girder,structural_dead,1.1499999999999999
bs_combination_1_uls_ha__ha_000026,bs_combination_1_uls_ha,BS 5400:Part 2 / BD 37/01,ha,permanent_component,deck_construction_structural_dead,permanent_components/deck_construction_structural_dead/deck_construction_structural_dead.std,202,deck_construction,structural_dead,1.1499999999999999
bs_combination_1_uls_ha__ha_000026,bs_combination_1_uls_ha,BS 5400:Part 2 / BD 37/01,ha,permanent_component,superimposed_surfacing,permanent_components/superimposed_surfacing/superimposed_surfacing.std,203,superimposed,surfacing,1.75
bs_combination_1_uls_ha__ha_000026,bs_combination_1_uls_ha,BS 5400:Part 2 / BD 37/01,ha,permanent_component,superimposed_other_superimposed,permanent_components/superimposed_other_superimposed/superimposed_other_superimposed.std,204,superimposed,other_superimposed,1.2
bs_combination_1_uls_ha__ha_000026,bs_combination_1_uls_ha,BS 5400:Part 2 / BD 37/01,ha,traffic_case,ha_000026,traffic/ha/ha_000026/ha_000026.std,26,superimposed,,1.5
bs_combination_1_uls_ha__ha_000027,bs_combination_1_uls_ha,BS 5400:Part 2 / BD 37/01,ha,permanent_component,precast_girder_structural_dead,permanent_components/precast_girder_structural_dead/precast_girder_structural_dead.std,201,precast_girder,structural_dead,1.1499999999999999
bs_combination_1_uls_ha__ha_000027,bs_combination_1_uls_ha,BS 5400:Part 2 / BD 37/01,ha,permanent_component,deck_construction_structural_dead,permanent_components/deck_construction_structural_dead/deck_construction_structural_dead.std,202,deck_construction,structural_dead,1.1499999999999999
bs_combination_1_uls_ha__ha_000027,bs_combination_1_uls_ha,BS 5400:Part 2 / BD 37/01,ha,permanent_component,superimposed_surfacing,permanent_components/superimposed_surfacing/superimposed_surfacing.std,203,superimposed,surfacing,1.75
bs_combination_1_uls_ha__ha_000027,bs_combination_1_uls_ha,BS 5400:Part 2 / BD 37/01,ha,permanent_component,superimposed_other_superimposed,permanent_components/superimposed_other_superimposed/superimposed_other_superimposed.std,204,superimposed,other_superimposed,1.2
bs_combination_1_uls_ha__ha_000027,bs_combination_1_uls_ha,BS 5400:Part 2 / BD 37/01,ha,traffic_case,ha_000027,traffic/ha/ha_000027/ha_000027.std,27,superimposed,,1.5
bs_combination_1_uls_ha__ha_000035,bs_combination_1_uls_ha,BS 5400:Part 2 / BD 37/01,ha,permanent_component,precast_girder_structural_dead,permanent_components/precast_girder_structural_dead/precast_girder_structural_dead.std,201,precast_girder,structural_dead,1.1499999999999999
bs_combination_1_uls_ha__ha_000035,bs_combination_1_uls_ha,BS 5400:Part 2 / BD 37/01,ha,permanent_component,deck_construction_structural_dead,permanent_components/deck_construction_structural_dead/deck_construction_structural_dead.std,202,deck_construction,structural_dead,1.1499999999999999
bs_combination_1_uls_ha__ha_000035,bs_combination_1_uls_ha,BS 5400:Part 2 / BD 37/01,ha,permanent_component,superimposed_surfacing,permanent_components/superimposed_surfacing/superimposed_surfacing.std,203,superimposed,surfacing,1.75
bs_combination_1_uls_ha__ha_000035,bs_combination_1_uls_ha,BS 5400:Part 2 / BD 37/01,ha,permanent_component,superimposed_other_superimposed,permanent_components/superimposed_other_superimposed/superimposed_other_superimposed.std,204,superimposed,other_superimposed,1.2
bs_combination_1_uls_ha__ha_000035,bs_combination_1_uls_ha,BS 5400:Part 2 / BD 37/01,ha,traffic_case,ha_000035,traffic/ha/ha_000035/ha_000035.std,35,superimposed,,1.5
bs_combination_1_uls_ha__ha_000041,bs_combination_1_uls_ha,BS 5400:Part 2 / BD 37/01,ha,permanent_component,precast_girder_structural_dead,permanent_components/precast_girder_structural_dead/precast_girder_structural_dead.std,201,precast_girder,structural_dead,1.1499999999999999
bs_combination_1_uls_ha__ha_000041,bs_combination_1_uls_ha,BS 5400:Part 2 / BD 37/01,ha,permanent_component,deck_construction_structural_dead,permanent_components/deck_construction_structural_dead/deck_construction_structural_dead.std,202,deck_construction,structural_dead,1.1499999999999999
bs_combination_1_uls_ha__ha_000041,bs_combination_1_uls_ha,BS 5400:Part 2 / BD 37/01,ha,permanent_component,superimposed_surfacing,permanent_components/superimposed_surfacing/superimposed_surfacing.std,203,superimposed,surfacing,1.75
bs_combination_1_uls_ha__ha_000041,bs_combination_1_uls_ha,BS 5400:Part 2 / BD 37/01,ha,permanent_component,superimposed_other_superimposed,permanent_components/superimposed_other_superimposed/superimposed_other_superimposed.std,204,superimposed,other_superimposed,1.2
bs_combination_1_uls_ha__ha_000041,bs_combination_1_uls_ha,BS 5400:Part 2 / BD 37/01,ha,traffic_case,ha_000041,traffic/ha/ha_000041/ha_000041.std,41,superimposed,,1.5
bs_combination_1_uls_ha__ha_000045,bs_combination_1_uls_ha,BS 5400:Part 2 / BD 37/01,ha,permanent_component,precast_girder_structural_dead,permanent_components/precast_girder_structural_dead/precast_girder_structural_dead.std,201,precast_girder,structural_dead,1.1499999999999999
bs_combination_1_uls_ha__ha_000045,bs_combination_1_uls_ha,BS 5400:Part 2 / BD 37/01,ha,permanent_component,deck_construction_structural_dead,permanent_components/deck_construction_structural_dead/deck_construction_structural_dead.std,202,deck_construction,structural_dead,1.1499999999999999
bs_combination_1_uls_ha__ha_000045,bs_combination_1_uls_ha,BS 5400:Part 2 / BD 37/01,ha,permanent_component,superimposed_surfacing,permanent_components/superimposed_surfacing/superimposed_surfacing.std,203,superimposed,surfacing,1.75
bs_combination_1_uls_ha__ha_000045,bs_combination_1_uls_ha,BS 5400:Part 2 / BD 37/01,ha,permanent_component,superimposed_other_superimposed,permanent_components/superimposed_other_superimposed/superimposed_other_superimposed.std,204,superimposed,other_superimposed,1.2
bs_combination_1_uls_ha__ha_000045,bs_combination_1_uls_ha,BS 5400:Part 2 / BD 37/01,ha,traffic_case,ha_000045,traffic/ha/ha_000045/ha_000045.std,45,superimposed,,1.5
bs_combination_1_uls_ha__ha_000137,bs_combination_1_uls_ha,BS 5400:Part 2 / BD 37/01,ha,permanent_component,precast_girder_structural_dead,permanent_components/precast_girder_structural_dead/precast_girder_structural_dead.std,201,precast_girder,structural_dead,1.1499999999999999
bs_combination_1_uls_ha__ha_000137,bs_combination_1_uls_ha,BS 5400:Part 2 / BD 37/01,ha,permanent_component,deck_construction_structural_dead,permanent_components/deck_construction_structural_dead/deck_construction_structural_dead.std,202,deck_construction,structural_dead,1.1499999999999999
bs_combination_1_uls_ha__ha_000137,bs_combination_1_uls_ha,BS 5400:Part 2 / BD 37/01,ha,permanent_component,superimposed_surfacing,permanent_components/superimposed_surfacing/superimposed_surfacing.std,203,superimposed,surfacing,1.75
bs_combination_1_uls_ha__ha_000137,bs_combination_1_uls_ha,BS 5400:Part 2 / BD 37/01,ha,permanent_component,superimposed_other_superimposed,permanent_components/superimposed_other_superimposed/superimposed_other_superimposed.std,204,superimposed,other_superimposed,1.2
bs_combination_1_uls_ha__ha_000137,bs_combination_1_uls_ha,BS 5400:Part 2 / BD 37/01,ha,traffic_case,ha_000137,traffic/ha/ha_000137/ha_000137.std,137,superimposed,,1.5
bs_combination_1_uls_ha__ha_000162,bs_combination_1_uls_ha,BS 5400:Part 2 / BD 37/01,ha,permanent_component,precast_girder_structural_dead,permanent_components/precast_girder_structural_dead/precast_girder_structural_dead.std,201,precast_girder,structural_dead,1.1499999999999999
bs_combination_1_uls_ha__ha_000162,bs_combination_1_uls_ha,BS 5400:Part 2 / BD 37/01,ha,permanent_component,deck_construction_structural_dead,permanent_components/deck_construction_structural_dead/deck_construction_structural_dead.std,202,deck_construction,structural_dead,1.1499999999999999
bs_combination_1_uls_ha__ha_000162,bs_combination_1_uls_ha,BS 5400:Part 2 / BD 37/01,ha,permanent_component,superimposed_surfacing,permanent_components/superimposed_surfacing/superimposed_surfacing.std,203,superimposed,surfacing,1.75
bs_combination_1_uls_ha__ha_000162,bs_combination_1_uls_ha,BS 5400:Part 2 / BD 37/01,ha,permanent_component,superimposed_other_superimposed,permanent_components/superimposed_other_superimposed/superimposed_other_superimposed.std,204,superimposed,other_superimposed,1.2
bs_combination_1_uls_ha__ha_000162,bs_combination_1_uls_ha,BS 5400:Part 2 / BD 37/01,ha,traffic_case,ha_000162,traffic/ha/ha_000162/ha_000162.std,162,superimposed,,1.5
bs_combination_1_uls_ha__ha_000178,bs_combination_1_uls_ha,BS 5400:Part 2 / BD 37/01,ha,permanent_component,precast_girder_structural_dead,permanent_components/precast_girder_structural_dead/precast_girder_structural_dead.std,201,precast_girder,structural_dead,1.1499999999999999
bs_combination_1_uls_ha__ha_000178,bs_combination_1_uls_ha,BS 5400:Part 2 / BD 37/01,ha,permanent_component,deck_construction_structural_dead,permanent_components/deck_construction_structural_dead/deck_construction_structural_dead.std,202,deck_construction,structural_dead,1.1499999999999999
bs_combination_1_uls_ha__ha_000178,bs_combination_1_uls_ha,BS 5400:Part 2 / BD 37/01,ha,permanent_component,superimposed_surfacing,permanent_components/superimposed_surfacing/superimposed_surfacing.std,203,superimposed,surfacing,1.75
bs_combination_1_uls_ha__ha_000178,bs_combination_1_uls_ha,BS 5400:Part 2 / BD 37/01,ha,permanent_component,superimposed_other_superimposed,permanent_components/superimposed_other_superimposed/superimposed_other_superimposed.std,204,superimposed,other_superimposed,1.2
bs_combination_1_uls_ha__ha_000178,bs_combination_1_uls_ha,BS 5400:Part 2 / BD 37/01,ha,traffic_case,ha_000178,traffic/ha/ha_000178/ha_000178.std,178,superimposed,,1.5
bs_combination_1_uls_ha__ha_000179,bs_combination_1_uls_ha,BS 5400:Part 2 / BD 37/01,ha,permanent_component,precast_girder_structural_dead,permanent_components/precast_girder_structural_dead/precast_girder_structural_dead.std,201,precast_girder,structural_dead,1.1499999999999999
bs_combination_1_uls_ha__ha_000179,bs_combination_1_uls_ha,BS 5400:Part 2 / BD 37/01,ha,permanent_component,deck_construction_structural_dead,permanent_components/deck_construction_structural_dead/deck_construction_structural_dead.std,202,deck_construction,structural_dead,1.1499999999999999
bs_combination_1_uls_ha__ha_000179,bs_combination_1_uls_ha,BS 5400:Part 2 / BD 37/01,ha,permanent_component,superimposed_surfacing,permanent_components/superimposed_surfacing/superimposed_surfacing.std,203,superimposed,surfacing,1.75
bs_combination_1_uls_ha__ha_000179,bs_combination_1_uls_ha,BS 5400:Part 2 / BD 37/01,ha,permanent_component,superimposed_other_superimposed,permanent_components/superimposed_other_superimposed/superimposed_other_superimposed.std,204,superimposed,other_superimposed,1.2
bs_combination_1_uls_ha__ha_000179,bs_combination_1_uls_ha,BS 5400:Part 2 / BD 37/01,ha,traffic_case,ha_000179,traffic/ha/ha_000179/ha_000179.std,179,superimposed,,1.5
bs_combination_1_uls_ha__ha_000205,bs_combination_1_uls_ha,BS 5400:Part 2 / BD 37/01,ha,permanent_component,precast_girder_structural_dead,permanent_components/precast_girder_structural_dead/precast_girder_structural_dead.std,201,precast_girder,structural_dead,1.1499999999999999
bs_combination_1_uls_ha__ha_000205,bs_combination_1_uls_ha,BS 5400:Part 2 / BD 37/01,ha,permanent_component,deck_construction_structural_dead,permanent_components/deck_construction_structural_dead/deck_construction_structural_dead.std,202,deck_construction,structural_dead,1.1499999999999999
bs_combination_1_uls_ha__ha_000205,bs_combination_1_uls_ha,BS 5400:Part 2 / BD 37/01,ha,permanent_component,superimposed_surfacing,permanent_components/superimposed_surfacing/superimposed_surfacing.std,203,superimposed,surfacing,1.75
bs_combination_1_uls_ha__ha_000205,bs_combination_1_uls_ha,BS 5400:Part 2 / BD 37/01,ha,permanent_component,superimposed_other_superimposed,permanent_components/superimposed_other_superimposed/superimposed_other_superimposed.std,204,superimposed,other_superimposed,1.2
bs_combination_1_uls_ha__ha_000205,bs_combination_1_uls_ha,BS 5400:Part 2 / BD 37/01,ha,traffic_case,ha_000205,traffic/ha/ha_000205/ha_000205.std,205,superimposed,,1.5
bs_combination_1_sls_ha__ha_000008,bs_combination_1_sls_ha,BS 5400:Part 2 / BD 37/01,ha,permanent_component,precast_girder_structural_dead,permanent_components/precast_girder_structural_dead/precast_girder_structural_dead.std,201,precast_girder,structural_dead,1
bs_combination_1_sls_ha__ha_000008,bs_combination_1_sls_ha,BS 5400:Part 2 / BD 37/01,ha,permanent_component,deck_construction_structural_dead,permanent_components/deck_construction_structural_dead/deck_construction_structural_dead.std,202,deck_construction,structural_dead,1
bs_combination_1_sls_ha__ha_000008,bs_combination_1_sls_ha,BS 5400:Part 2 / BD 37/01,ha,permanent_component,superimposed_surfacing,permanent_components/superimposed_surfacing/superimposed_surfacing.std,203,superimposed,surfacing,1.2
bs_combination_1_sls_ha__ha_000008,bs_combination_1_sls_ha,BS 5400:Part 2 / BD 37/01,ha,permanent_component,superimposed_other_superimposed,permanent_components/superimposed_other_superimposed/superimposed_other_superimposed.std,204,superimposed,other_superimposed,1
bs_combination_1_sls_ha__ha_000008,bs_combination_1_sls_ha,BS 5400:Part 2 / BD 37/01,ha,traffic_case,ha_000008,traffic/ha/ha_000008/ha_000008.std,8,superimposed,,1.2
bs_combination_1_sls_ha__ha_000009,bs_combination_1_sls_ha,BS 5400:Part 2 / BD 37/01,ha,permanent_component,precast_girder_structural_dead,permanent_components/precast_girder_structural_dead/precast_girder_structural_dead.std,201,precast_girder,structural_dead,1
bs_combination_1_sls_ha__ha_000009,bs_combination_1_sls_ha,BS 5400:Part 2 / BD 37/01,ha,permanent_component,deck_construction_structural_dead,permanent_components/deck_construction_structural_dead/deck_construction_structural_dead.std,202,deck_construction,structural_dead,1
bs_combination_1_sls_ha__ha_000009,bs_combination_1_sls_ha,BS 5400:Part 2 / BD 37/01,ha,permanent_component,superimposed_surfacing,permanent_components/superimposed_surfacing/superimposed_surfacing.std,203,superimposed,surfacing,1.2
bs_combination_1_sls_ha__ha_000009,bs_combination_1_sls_ha,BS 5400:Part 2 / BD 37/01,ha,permanent_component,superimposed_other_superimposed,permanent_components/superimposed_other_superimposed/superimposed_other_superimposed.std,204,superimposed,other_superimposed,1
bs_combination_1_sls_ha__ha_000009,bs_combination_1_sls_ha,BS 5400:Part 2 / BD 37/01,ha,traffic_case,ha_000009,traffic/ha/ha_000009/ha_000009.std,9,superimposed,,1.2
bs_combination_1_sls_ha__ha_000010,bs_combination_1_sls_ha,BS 5400:Part 2 / BD 37/01,ha,permanent_component,precast_girder_structural_dead,permanent_components/precast_girder_structural_dead/precast_girder_structural_dead.std,201,precast_girder,structural_dead,1
bs_combination_1_sls_ha__ha_000010,bs_combination_1_sls_ha,BS 5400:Part 2 / BD 37/01,ha,permanent_component,deck_construction_structural_dead,permanent_components/deck_construction_structural_dead/deck_construction_structural_dead.std,202,deck_construction,structural_dead,1
bs_combination_1_sls_ha__ha_000010,bs_combination_1_sls_ha,BS 5400:Part 2 / BD 37/01,ha,permanent_component,superimposed_surfacing,permanent_components/superimposed_surfacing/superimposed_surfacing.std,203,superimposed,surfacing,1.2
bs_combination_1_sls_ha__ha_000010,bs_combination_1_sls_ha,BS 5400:Part 2 / BD 37/01,ha,permanent_component,superimposed_other_superimposed,permanent_components/superimposed_other_superimposed/superimposed_other_superimposed.std,204,superimposed,other_superimposed,1
bs_combination_1_sls_ha__ha_000010,bs_combination_1_sls_ha,BS 5400:Part 2 / BD 37/01,ha,traffic_case,ha_000010,traffic/ha/ha_000010/ha_000010.std,10,superimposed,,1.2
bs_combination_1_sls_ha__ha_000025,bs_combination_1_sls_ha,BS 5400:Part 2 / BD 37/01,ha,permanent_component,precast_girder_structural_dead,permanent_components/precast_girder_structural_dead/precast_girder_structural_dead.std,201,precast_girder,structural_dead,1
bs_combination_1_sls_ha__ha_000025,bs_combination_1_sls_ha,BS 5400:Part 2 / BD 37/01,ha,permanent_component,deck_construction_structural_dead,permanent_components/deck_construction_structural_dead/deck_construction_structural_dead.std,202,deck_construction,structural_dead,1
bs_combination_1_sls_ha__ha_000025,bs_combination_1_sls_ha,BS 5400:Part 2 / BD 37/01,ha,permanent_component,superimposed_surfacing,permanent_components/superimposed_surfacing/superimposed_surfacing.std,203,superimposed,surfacing,1.2
bs_combination_1_sls_ha__ha_000025,bs_combination_1_sls_ha,BS 5400:Part 2 / BD 37/01,ha,permanent_component,superimposed_other_superimposed,permanent_components/superimposed_other_superimposed/superimposed_other_superimposed.std,204,superimposed,other_superimposed,1
bs_combination_1_sls_ha__ha_000025,bs_combination_1_sls_ha,BS 5400:Part 2 / BD 37/01,ha,traffic_case,ha_000025,traffic/ha/ha_000025/ha_000025.std,25,superimposed,,1.2
bs_combination_1_sls_ha__ha_000026,bs_combination_1_sls_ha,BS 5400:Part 2 / BD 37/01,ha,permanent_component,precast_girder_structural_dead,permanent_components/precast_girder_structural_dead/precast_girder_structural_dead.std,201,precast_girder,structural_dead,1
bs_combination_1_sls_ha__ha_000026,bs_combination_1_sls_ha,BS 5400:Part 2 / BD 37/01,ha,permanent_component,deck_construction_structural_dead,permanent_components/deck_construction_structural_dead/deck_construction_structural_dead.std,202,deck_construction,structural_dead,1
bs_combination_1_sls_ha__ha_000026,bs_combination_1_sls_ha,BS 5400:Part 2 / BD 37/01,ha,permanent_component,superimposed_surfacing,permanent_components/superimposed_surfacing/superimposed_surfacing.std,203,superimposed,surfacing,1.2
bs_combination_1_sls_ha__ha_000026,bs_combination_1_sls_ha,BS 5400:Part 2 / BD 37/01,ha,permanent_component,superimposed_other_superimposed,permanent_components/superimposed_other_superimposed/superimposed_other_superimposed.std,204,superimposed,other_superimposed,1
bs_combination_1_sls_ha__ha_000026,bs_combination_1_sls_ha,BS 5400:Part 2 / BD 37/01,ha,traffic_case,ha_000026,traffic/ha/ha_000026/ha_000026.std,26,superimposed,,1.2
bs_combination_1_sls_ha__ha_000027,bs_combination_1_sls_ha,BS 5400:Part 2 / BD 37/01,ha,permanent_component,precast_girder_structural_dead,permanent_components/precast_girder_structural_dead/precast_girder_structural_dead.std,201,precast_girder,structural_dead,1
bs_combination_1_sls_ha__ha_000027,bs_combination_1_sls_ha,BS 5400:Part 2 / BD 37/01,ha,permanent_component,deck_construction_structural_dead,permanent_components/deck_construction_structural_dead/deck_construction_structural_dead.std,202,deck_construction,structural_dead,1
bs_combination_1_sls_ha__ha_000027,bs_combination_1_sls_ha,BS 5400:Part 2 / BD 37/01,ha,permanent_component,superimposed_surfacing,permanent_components/superimposed_surfacing/superimposed_surfacing.std,203,superimposed,surfacing,1.2
bs_combination_1_sls_ha__ha_000027,bs_combination_1_sls_ha,BS 5400:Part 2 / BD 37/01,ha,permanent_component,superimposed_other_superimposed,permanent_components/superimposed_other_superimposed/superimposed_other_superimposed.std,204,superimposed,other_superimposed,1
bs_combination_1_sls_ha__ha_000027,bs_combination_1_sls_ha,BS 5400:Part 2 / BD 37/01,ha,traffic_case,ha_000027,traffic/ha/ha_000027/ha_000027.std,27,superimposed,,1.2
bs_combination_1_sls_ha__ha_000035,bs_combination_1_sls_ha,BS 5400:Part 2 / BD 37/01,ha,permanent_component,precast_girder_structural_dead,permanent_components/precast_girder_structural_dead/precast_girder_structural_dead.std,201,precast_girder,structural_dead,1
bs_combination_1_sls_ha__ha_000035,bs_combination_1_sls_ha,BS 5400:Part 2 / BD 37/01,ha,permanent_component,deck_construction_structural_dead,permanent_components/deck_construction_structural_dead/deck_construction_structural_dead.std,202,deck_construction,structural_dead,1
bs_combination_1_sls_ha__ha_000035,bs_combination_1_sls_ha,BS 5400:Part 2 / BD 37/01,ha,permanent_component,superimposed_surfacing,permanent_components/superimposed_surfacing/superimposed_surfacing.std,203,superimposed,surfacing,1.2
bs_combination_1_sls_ha__ha_000035,bs_combination_1_sls_ha,BS 5400:Part 2 / BD 37/01,ha,permanent_component,superimposed_other_superimposed,permanent_components/superimposed_other_superimposed/superimposed_other_superimposed.std,204,superimposed,other_superimposed,1
bs_combination_1_sls_ha__ha_000035,bs_combination_1_sls_ha,BS 5400:Part 2 / BD 37/01,ha,traffic_case,ha_000035,traffic/ha/ha_000035/ha_000035.std,35,superimposed,,1.2
bs_combination_1_sls_ha__ha_000041,bs_combination_1_sls_ha,BS 5400:Part 2 / BD 37/01,ha,permanent_component,precast_girder_structural_dead,permanent_components/precast_girder_structural_dead/precast_girder_structural_dead.std,201,precast_girder,structural_dead,1
bs_combination_1_sls_ha__ha_000041,bs_combination_1_sls_ha,BS 5400:Part 2 / BD 37/01,ha,permanent_component,deck_construction_structural_dead,permanent_components/deck_construction_structural_dead/deck_construction_structural_dead.std,202,deck_construction,structural_dead,1
bs_combination_1_sls_ha__ha_000041,bs_combination_1_sls_ha,BS 5400:Part 2 / BD 37/01,ha,permanent_component,superimposed_surfacing,permanent_components/superimposed_surfacing/superimposed_surfacing.std,203,superimposed,surfacing,1.2
bs_combination_1_sls_ha__ha_000041,bs_combination_1_sls_ha,BS 5400:Part 2 / BD 37/01,ha,permanent_component,superimposed_other_superimposed,permanent_components/superimposed_other_superimposed/superimposed_other_superimposed.std,204,superimposed,other_superimposed,1
bs_combination_1_sls_ha__ha_000041,bs_combination_1_sls_ha,BS 5400:Part 2 / BD 37/01,ha,traffic_case,ha_000041,traffic/ha/ha_000041/ha_000041.std,41,superimposed,,1.2
bs_combination_1_sls_ha__ha_000045,bs_combination_1_sls_ha,BS 5400:Part 2 / BD 37/01,ha,permanent_component,precast_girder_structural_dead,permanent_components/precast_girder_structural_dead/precast_girder_structural_dead.std,201,precast_girder,structural_dead,1
bs_combination_1_sls_ha__ha_000045,bs_combination_1_sls_ha,BS 5400:Part 2 / BD 37/01,ha,permanent_component,deck_construction_structural_dead,permanent_components/deck_construction_structural_dead/deck_construction_structural_dead.std,202,deck_construction,structural_dead,1
bs_combination_1_sls_ha__ha_000045,bs_combination_1_sls_ha,BS 5400:Part 2 / BD 37/01,ha,permanent_component,superimposed_surfacing,permanent_components/superimposed_surfacing/superimposed_surfacing.std,203,superimposed,surfacing,1.2
bs_combination_1_sls_ha__ha_000045,bs_combination_1_sls_ha,BS 5400:Part 2 / BD 37/01,ha,permanent_component,superimposed_other_superimposed,permanent_components/superimposed_other_superimposed/superimposed_other_superimposed.std,204,superimposed,other_superimposed,1
bs_combination_1_sls_ha__ha_000045,bs_combination_1_sls_ha,BS 5400:Part 2 / BD 37/01,ha,traffic_case,ha_000045,traffic/ha/ha_000045/ha_000045.std,45,superimposed,,1.2
bs_combination_1_sls_ha__ha_000137,bs_combination_1_sls_ha,BS 5400:Part 2 / BD 37/01,ha,permanent_component,precast_girder_structural_dead,permanent_components/precast_girder_structural_dead/precast_girder_structural_dead.std,201,precast_girder,structural_dead,1
bs_combination_1_sls_ha__ha_000137,bs_combination_1_sls_ha,BS 5400:Part 2 / BD 37/01,ha,permanent_component,deck_construction_structural_dead,permanent_components/deck_construction_structural_dead/deck_construction_structural_dead.std,202,deck_construction,structural_dead,1
bs_combination_1_sls_ha__ha_000137,bs_combination_1_sls_ha,BS 5400:Part 2 / BD 37/01,ha,permanent_component,superimposed_surfacing,permanent_components/superimposed_surfacing/superimposed_surfacing.std,203,superimposed,surfacing,1.2
bs_combination_1_sls_ha__ha_000137,bs_combination_1_sls_ha,BS 5400:Part 2 / BD 37/01,ha,permanent_component,superimposed_other_superimposed,permanent_components/superimposed_other_superimposed/superimposed_other_superimposed.std,204,superimposed,other_superimposed,1
bs_combination_1_sls_ha__ha_000137,bs_combination_1_sls_ha,BS 5400:Part 2 / BD 37/01,ha,traffic_case,ha_000137,traffic/ha/ha_000137/ha_000137.std,137,superimposed,,1.2
bs_combination_1_sls_ha__ha_000162,bs_combination_1_sls_ha,BS 5400:Part 2 / BD 37/01,ha,permanent_component,precast_girder_structural_dead,permanent_components/precast_girder_structural_dead/precast_girder_structural_dead.std,201,precast_girder,structural_dead,1
bs_combination_1_sls_ha__ha_000162,bs_combination_1_sls_ha,BS 5400:Part 2 / BD 37/01,ha,permanent_component,deck_construction_structural_dead,permanent_components/deck_construction_structural_dead/deck_construction_structural_dead.std,202,deck_construction,structural_dead,1
bs_combination_1_sls_ha__ha_000162,bs_combination_1_sls_ha,BS 5400:Part 2 / BD 37/01,ha,permanent_component,superimposed_surfacing,permanent_components/superimposed_surfacing/superimposed_surfacing.std,203,superimposed,surfacing,1.2
bs_combination_1_sls_ha__ha_000162,bs_combination_1_sls_ha,BS 5400:Part 2 / BD 37/01,ha,permanent_component,superimposed_other_superimposed,permanent_components/superimposed_other_superimposed/superimposed_other_superimposed.std,204,superimposed,other_superimposed,1
bs_combination_1_sls_ha__ha_000162,bs_combination_1_sls_ha,BS 5400:Part 2 / BD 37/01,ha,traffic_case,ha_000162,traffic/ha/ha_000162/ha_000162.std,162,superimposed,,1.2
bs_combination_1_sls_ha__ha_000178,bs_combination_1_sls_ha,BS 5400:Part 2 / BD 37/01,ha,permanent_component,precast_girder_structural_dead,permanent_components/precast_girder_structural_dead/precast_girder_structural_dead.std,201,precast_girder,structural_dead,1
bs_combination_1_sls_ha__ha_000178,bs_combination_1_sls_ha,BS 5400:Part 2 / BD 37/01,ha,permanent_component,deck_construction_structural_dead,permanent_components/deck_construction_structural_dead/deck_construction_structural_dead.std,202,deck_construction,structural_dead,1
bs_combination_1_sls_ha__ha_000178,bs_combination_1_sls_ha,BS 5400:Part 2 / BD 37/01,ha,permanent_component,superimposed_surfacing,permanent_components/superimposed_surfacing/superimposed_surfacing.std,203,superimposed,surfacing,1.2
bs_combination_1_sls_ha__ha_000178,bs_combination_1_sls_ha,BS 5400:Part 2 / BD 37/01,ha,permanent_component,superimposed_other_superimposed,permanent_components/superimposed_other_superimposed/superimposed_other_superimposed.std,204,superimposed,other_superimposed,1
bs_combination_1_sls_ha__ha_000178,bs_combination_1_sls_ha,BS 5400:Part 2 / BD 37/01,ha,traffic_case,ha_000178,traffic/ha/ha_000178/ha_000178.std,178,superimposed,,1.2
bs_combination_1_sls_ha__ha_000179,bs_combination_1_sls_ha,BS 5400:Part 2 / BD 37/01,ha,permanent_component,precast_girder_structural_dead,permanent_components/precast_girder_structural_dead/precast_girder_structural_dead.std,201,precast_girder,structural_dead,1
bs_combination_1_sls_ha__ha_000179,bs_combination_1_sls_ha,BS 5400:Part 2 / BD 37/01,ha,permanent_component,deck_construction_structural_dead,permanent_components/deck_construction_structural_dead/deck_construction_structural_dead.std,202,deck_construction,structural_dead,1
bs_combination_1_sls_ha__ha_000179,bs_combination_1_sls_ha,BS 5400:Part 2 / BD 37/01,ha,permanent_component,superimposed_surfacing,permanent_components/superimposed_surfacing/superimposed_surfacing.std,203,superimposed,surfacing,1.2
bs_combination_1_sls_ha__ha_000179,bs_combination_1_sls_ha,BS 5400:Part 2 / BD 37/01,ha,permanent_component,superimposed_other_superimposed,permanent_components/superimposed_other_superimposed/superimposed_other_superimposed.std,204,superimposed,other_superimposed,1
bs_combination_1_sls_ha__ha_000179,bs_combination_1_sls_ha,BS 5400:Part 2 / BD 37/01,ha,traffic_case,ha_000179,traffic/ha/ha_000179/ha_000179.std,179,superimposed,,1.2
bs_combination_1_sls_ha__ha_000205,bs_combination_1_sls_ha,BS 5400:Part 2 / BD 37/01,ha,permanent_component,precast_girder_structural_dead,permanent_components/precast_girder_structural_dead/precast_girder_structural_dead.std,201,precast_girder,structural_dead,1
bs_combination_1_sls_ha__ha_000205,bs_combination_1_sls_ha,BS 5400:Part 2 / BD 37/01,ha,permanent_component,deck_construction_structural_dead,permanent_components/deck_construction_structural_dead/deck_construction_structural_dead.std,202,deck_construction,structural_dead,1
bs_combination_1_sls_ha__ha_000205,bs_combination_1_sls_ha,BS 5400:Part 2 / BD 37/01,ha,permanent_component,superimposed_surfacing,permanent_components/superimposed_surfacing/superimposed_surfacing.std,203,superimposed,surfacing,1.2
bs_combination_1_sls_ha__ha_000205,bs_combination_1_sls_ha,BS 5400:Part 2 / BD 37/01,ha,permanent_component,superimposed_other_superimposed,permanent_components/superimposed_other_superimposed/superimposed_other_superimposed.std,204,superimposed,other_superimposed,1
bs_combination_1_sls_ha__ha_000205,bs_combination_1_sls_ha,BS 5400:Part 2 / BD 37/01,ha,traffic_case,ha_000205,traffic/ha/ha_000205/ha_000205.std,205,superimposed,,1.2
bs_combination_2_uls_ha__ha_000008,bs_combination_2_uls_ha,BS 5400:Part 2 / BD 37/01,ha,permanent_component,precast_girder_structural_dead,permanent_components/precast_girder_structural_dead/precast_girder_structural_dead.std,201,precast_girder,structural_dead,1.1499999999999999
bs_combination_2_uls_ha__ha_000008,bs_combination_2_uls_ha,BS 5400:Part 2 / BD 37/01,ha,permanent_component,deck_construction_structural_dead,permanent_components/deck_construction_structural_dead/deck_construction_structural_dead.std,202,deck_construction,structural_dead,1.1499999999999999
bs_combination_2_uls_ha__ha_000008,bs_combination_2_uls_ha,BS 5400:Part 2 / BD 37/01,ha,permanent_component,superimposed_surfacing,permanent_components/superimposed_surfacing/superimposed_surfacing.std,203,superimposed,surfacing,1.75
bs_combination_2_uls_ha__ha_000008,bs_combination_2_uls_ha,BS 5400:Part 2 / BD 37/01,ha,permanent_component,superimposed_other_superimposed,permanent_components/superimposed_other_superimposed/superimposed_other_superimposed.std,204,superimposed,other_superimposed,1.2
bs_combination_2_uls_ha__ha_000008,bs_combination_2_uls_ha,BS 5400:Part 2 / BD 37/01,ha,traffic_case,ha_000008,traffic/ha/ha_000008/ha_000008.std,8,superimposed,,1.25
bs_combination_2_uls_ha__ha_000009,bs_combination_2_uls_ha,BS 5400:Part 2 / BD 37/01,ha,permanent_component,precast_girder_structural_dead,permanent_components/precast_girder_structural_dead/precast_girder_structural_dead.std,201,precast_girder,structural_dead,1.1499999999999999
bs_combination_2_uls_ha__ha_000009,bs_combination_2_uls_ha,BS 5400:Part 2 / BD 37/01,ha,permanent_component,deck_construction_structural_dead,permanent_components/deck_construction_structural_dead/deck_construction_structural_dead.std,202,deck_construction,structural_dead,1.1499999999999999
bs_combination_2_uls_ha__ha_000009,bs_combination_2_uls_ha,BS 5400:Part 2 / BD 37/01,ha,permanent_component,superimposed_surfacing,permanent_components/superimposed_surfacing/superimposed_surfacing.std,203,superimposed,surfacing,1.75
bs_combination_2_uls_ha__ha_000009,bs_combination_2_uls_ha,BS 5400:Part 2 / BD 37/01,ha,permanent_component,superimposed_other_superimposed,permanent_components/superimposed_other_superimposed/superimposed_other_superimposed.std,204,superimposed,other_superimposed,1.2
bs_combination_2_uls_ha__ha_000009,bs_combination_2_uls_ha,BS 5400:Part 2 / BD 37/01,ha,traffic_case,ha_000009,traffic/ha/ha_000009/ha_000009.std,9,superimposed,,1.25
bs_combination_2_uls_ha__ha_000010,bs_combination_2_uls_ha,BS 5400:Part 2 / BD 37/01,ha,permanent_component,precast_girder_structural_dead,permanent_components/precast_girder_structural_dead/precast_girder_structural_dead.std,201,precast_girder,structural_dead,1.1499999999999999
bs_combination_2_uls_ha__ha_000010,bs_combination_2_uls_ha,BS 5400:Part 2 / BD 37/01,ha,permanent_component,deck_construction_structural_dead,permanent_components/deck_construction_structural_dead/deck_construction_structural_dead.std,202,deck_construction,structural_dead,1.1499999999999999
bs_combination_2_uls_ha__ha_000010,bs_combination_2_uls_ha,BS 5400:Part 2 / BD 37/01,ha,permanent_component,superimposed_surfacing,permanent_components/superimposed_surfacing/superimposed_surfacing.std,203,superimposed,surfacing,1.75
bs_combination_2_uls_ha__ha_000010,bs_combination_2_uls_ha,BS 5400:Part 2 / BD 37/01,ha,permanent_component,superimposed_other_superimposed,permanent_components/superimposed_other_superimposed/superimposed_other_superimposed.std,204,superimposed,other_superimposed,1.2
bs_combination_2_uls_ha__ha_000010,bs_combination_2_uls_ha,BS 5400:Part 2 / BD 37/01,ha,traffic_case,ha_000010,traffic/ha/ha_000010/ha_000010.std,10,superimposed,,1.25
bs_combination_2_uls_ha__ha_000025,bs_combination_2_uls_ha,BS 5400:Part 2 / BD 37/01,ha,permanent_component,precast_girder_structural_dead,permanent_components/precast_girder_structural_dead/precast_girder_structural_dead.std,201,precast_girder,structural_dead,1.1499999999999999
bs_combination_2_uls_ha__ha_000025,bs_combination_2_uls_ha,BS 5400:Part 2 / BD 37/01,ha,permanent_component,deck_construction_structural_dead,permanent_components/deck_construction_structural_dead/deck_construction_structural_dead.std,202,deck_construction,structural_dead,1.1499999999999999
bs_combination_2_uls_ha__ha_000025,bs_combination_2_uls_ha,BS 5400:Part 2 / BD 37/01,ha,permanent_component,superimposed_surfacing,permanent_components/superimposed_surfacing/superimposed_surfacing.std,203,superimposed,surfacing,1.75
bs_combination_2_uls_ha__ha_000025,bs_combination_2_uls_ha,BS 5400:Part 2 / BD 37/01,ha,permanent_component,superimposed_other_superimposed,permanent_components/superimposed_other_superimposed/superimposed_other_superimposed.std,204,superimposed,other_superimposed,1.2
bs_combination_2_uls_ha__ha_000025,bs_combination_2_uls_ha,BS 5400:Part 2 / BD 37/01,ha,traffic_case,ha_000025,traffic/ha/ha_000025/ha_000025.std,25,superimposed,,1.25
bs_combination_2_uls_ha__ha_000026,bs_combination_2_uls_ha,BS 5400:Part 2 / BD 37/01,ha,permanent_component,precast_girder_structural_dead,permanent_components/precast_girder_structural_dead/precast_girder_structural_dead.std,201,precast_girder,structural_dead,1.1499999999999999
bs_combination_2_uls_ha__ha_000026,bs_combination_2_uls_ha,BS 5400:Part 2 / BD 37/01,ha,permanent_component,deck_construction_structural_dead,permanent_components/deck_construction_structural_dead/deck_construction_structural_dead.std,202,deck_construction,structural_dead,1.1499999999999999
bs_combination_2_uls_ha__ha_000026,bs_combination_2_uls_ha,BS 5400:Part 2 / BD 37/01,ha,permanent_component,superimposed_surfacing,permanent_components/superimposed_surfacing/superimposed_surfacing.std,203,superimposed,surfacing,1.75
bs_combination_2_uls_ha__ha_000026,bs_combination_2_uls_ha,BS 5400:Part 2 / BD 37/01,ha,permanent_component,superimposed_other_superimposed,permanent_components/superimposed_other_superimposed/superimposed_other_superimposed.std,204,superimposed,other_superimposed,1.2
bs_combination_2_uls_ha__ha_000026,bs_combination_2_uls_ha,BS 5400:Part 2 / BD 37/01,ha,traffic_case,ha_000026,traffic/ha/ha_000026/ha_000026.std,26,superimposed,,1.25
bs_combination_2_uls_ha__ha_000027,bs_combination_2_uls_ha,BS 5400:Part 2 / BD 37/01,ha,permanent_component,precast_girder_structural_dead,permanent_components/precast_girder_structural_dead/precast_girder_structural_dead.std,201,precast_girder,structural_dead,1.1499999999999999
bs_combination_2_uls_ha__ha_000027,bs_combination_2_uls_ha,BS 5400:Part 2 / BD 37/01,ha,permanent_component,deck_construction_structural_dead,permanent_components/deck_construction_structural_dead/deck_construction_structural_dead.std,202,deck_construction,structural_dead,1.1499999999999999
bs_combination_2_uls_ha__ha_000027,bs_combination_2_uls_ha,BS 5400:Part 2 / BD 37/01,ha,permanent_component,superimposed_surfacing,permanent_components/superimposed_surfacing/superimposed_surfacing.std,203,superimposed,surfacing,1.75
bs_combination_2_uls_ha__ha_000027,bs_combination_2_uls_ha,BS 5400:Part 2 / BD 37/01,ha,permanent_component,superimposed_other_superimposed,permanent_components/superimposed_other_superimposed/superimposed_other_superimposed.std,204,superimposed,other_superimposed,1.2
bs_combination_2_uls_ha__ha_000027,bs_combination_2_uls_ha,BS 5400:Part 2 / BD 37/01,ha,traffic_case,ha_000027,traffic/ha/ha_000027/ha_000027.std,27,superimposed,,1.25
bs_combination_2_uls_ha__ha_000035,bs_combination_2_uls_ha,BS 5400:Part 2 / BD 37/01,ha,permanent_component,precast_girder_structural_dead,permanent_components/precast_girder_structural_dead/precast_girder_structural_dead.std,201,precast_girder,structural_dead,1.1499999999999999
bs_combination_2_uls_ha__ha_000035,bs_combination_2_uls_ha,BS 5400:Part 2 / BD 37/01,ha,permanent_component,deck_construction_structural_dead,permanent_components/deck_construction_structural_dead/deck_construction_structural_dead.std,202,deck_construction,structural_dead,1.1499999999999999
bs_combination_2_uls_ha__ha_000035,bs_combination_2_uls_ha,BS 5400:Part 2 / BD 37/01,ha,permanent_component,superimposed_surfacing,permanent_components/superimposed_surfacing/superimposed_surfacing.std,203,superimposed,surfacing,1.75
bs_combination_2_uls_ha__ha_000035,bs_combination_2_uls_ha,BS 5400:Part 2 / BD 37/01,ha,permanent_component,superimposed_other_superimposed,permanent_components/superimposed_other_superimposed/superimposed_other_superimposed.std,204,superimposed,other_superimposed,1.2
bs_combination_2_uls_ha__ha_000035,bs_combination_2_uls_ha,BS 5400:Part 2 / BD 37/01,ha,traffic_case,ha_000035,traffic/ha/ha_000035/ha_000035.std,35,superimposed,,1.25
bs_combination_2_uls_ha__ha_000041,bs_combination_2_uls_ha,BS 5400:Part 2 / BD 37/01,ha,permanent_component,precast_girder_structural_dead,permanent_components/precast_girder_structural_dead/precast_girder_structural_dead.std,201,precast_girder,structural_dead,1.1499999999999999
bs_combination_2_uls_ha__ha_000041,bs_combination_2_uls_ha,BS 5400:Part 2 / BD 37/01,ha,permanent_component,deck_construction_structural_dead,permanent_components/deck_construction_structural_dead/deck_construction_structural_dead.std,202,deck_construction,structural_dead,1.1499999999999999
bs_combination_2_uls_ha__ha_000041,bs_combination_2_uls_ha,BS 5400:Part 2 / BD 37/01,ha,permanent_component,superimposed_surfacing,permanent_components/superimposed_surfacing/superimposed_surfacing.std,203,superimposed,surfacing,1.75
bs_combination_2_uls_ha__ha_000041,bs_combination_2_uls_ha,BS 5400:Part 2 / BD 37/01,ha,permanent_component,superimposed_other_superimposed,permanent_components/superimposed_other_superimposed/superimposed_other_superimposed.std,204,superimposed,other_superimposed,1.2
bs_combination_2_uls_ha__ha_000041,bs_combination_2_uls_ha,BS 5400:Part 2 / BD 37/01,ha,traffic_case,ha_000041,traffic/ha/ha_000041/ha_000041.std,41,superimposed,,1.25
bs_combination_2_uls_ha__ha_000045,bs_combination_2_uls_ha,BS 5400:Part 2 / BD 37/01,ha,permanent_component,precast_girder_structural_dead,permanent_components/precast_girder_structural_dead/precast_girder_structural_dead.std,201,precast_girder,structural_dead,1.1499999999999999
bs_combination_2_uls_ha__ha_000045,bs_combination_2_uls_ha,BS 5400:Part 2 / BD 37/01,ha,permanent_component,deck_construction_structural_dead,permanent_components/deck_construction_structural_dead/deck_construction_structural_dead.std,202,deck_construction,structural_dead,1.1499999999999999
bs_combination_2_uls_ha__ha_000045,bs_combination_2_uls_ha,BS 5400:Part 2 / BD 37/01,ha,permanent_component,superimposed_surfacing,permanent_components/superimposed_surfacing/superimposed_surfacing.std,203,superimposed,surfacing,1.75
bs_combination_2_uls_ha__ha_000045,bs_combination_2_uls_ha,BS 5400:Part 2 / BD 37/01,ha,permanent_component,superimposed_other_superimposed,permanent_components/superimposed_other_superimposed/superimposed_other_superimposed.std,204,superimposed,other_superimposed,1.2
bs_combination_2_uls_ha__ha_000045,bs_combination_2_uls_ha,BS 5400:Part 2 / BD 37/01,ha,traffic_case,ha_000045,traffic/ha/ha_000045/ha_000045.std,45,superimposed,,1.25
bs_combination_2_uls_ha__ha_000137,bs_combination_2_uls_ha,BS 5400:Part 2 / BD 37/01,ha,permanent_component,precast_girder_structural_dead,permanent_components/precast_girder_structural_dead/precast_girder_structural_dead.std,201,precast_girder,structural_dead,1.1499999999999999
bs_combination_2_uls_ha__ha_000137,bs_combination_2_uls_ha,BS 5400:Part 2 / BD 37/01,ha,permanent_component,deck_construction_structural_dead,permanent_components/deck_construction_structural_dead/deck_construction_structural_dead.std,202,deck_construction,structural_dead,1.1499999999999999
bs_combination_2_uls_ha__ha_000137,bs_combination_2_uls_ha,BS 5400:Part 2 / BD 37/01,ha,permanent_component,superimposed_surfacing,permanent_components/superimposed_surfacing/superimposed_surfacing.std,203,superimposed,surfacing,1.75
bs_combination_2_uls_ha__ha_000137,bs_combination_2_uls_ha,BS 5400:Part 2 / BD 37/01,ha,permanent_component,superimposed_other_superimposed,permanent_components/superimposed_other_superimposed/superimposed_other_superimposed.std,204,superimposed,other_superimposed,1.2
bs_combination_2_uls_ha__ha_000137,bs_combination_2_uls_ha,BS 5400:Part 2 / BD 37/01,ha,traffic_case,ha_000137,traffic/ha/ha_000137/ha_000137.std,137,superimposed,,1.25
bs_combination_2_uls_ha__ha_000162,bs_combination_2_uls_ha,BS 5400:Part 2 / BD 37/01,ha,permanent_component,precast_girder_structural_dead,permanent_components/precast_girder_structural_dead/precast_girder_structural_dead.std,201,precast_girder,structural_dead,1.1499999999999999
bs_combination_2_uls_ha__ha_000162,bs_combination_2_uls_ha,BS 5400:Part 2 / BD 37/01,ha,permanent_component,deck_construction_structural_dead,permanent_components/deck_construction_structural_dead/deck_construction_structural_dead.std,202,deck_construction,structural_dead,1.1499999999999999
bs_combination_2_uls_ha__ha_000162,bs_combination_2_uls_ha,BS 5400:Part 2 / BD 37/01,ha,permanent_component,superimposed_surfacing,permanent_components/superimposed_surfacing/superimposed_surfacing.std,203,superimposed,surfacing,1.75
bs_combination_2_uls_ha__ha_000162,bs_combination_2_uls_ha,BS 5400:Part 2 / BD 37/01,ha,permanent_component,superimposed_other_superimposed,permanent_components/superimposed_other_superimposed/superimposed_other_superimposed.std,204,superimposed,other_superimposed,1.2
bs_combination_2_uls_ha__ha_000162,bs_combination_2_uls_ha,BS 5400:Part 2 / BD 37/01,ha,traffic_case,ha_000162,traffic/ha/ha_000162/ha_000162.std,162,superimposed,,1.25
bs_combination_2_uls_ha__ha_000178,bs_combination_2_uls_ha,BS 5400:Part 2 / BD 37/01,ha,permanent_component,precast_girder_structural_dead,permanent_components/precast_girder_structural_dead/precast_girder_structural_dead.std,201,precast_girder,structural_dead,1.1499999999999999
bs_combination_2_uls_ha__ha_000178,bs_combination_2_uls_ha,BS 5400:Part 2 / BD 37/01,ha,permanent_component,deck_construction_structural_dead,permanent_components/deck_construction_structural_dead/deck_construction_structural_dead.std,202,deck_construction,structural_dead,1.1499999999999999
bs_combination_2_uls_ha__ha_000178,bs_combination_2_uls_ha,BS 5400:Part 2 / BD 37/01,ha,permanent_component,superimposed_surfacing,permanent_components/superimposed_surfacing/superimposed_surfacing.std,203,superimposed,surfacing,1.75
bs_combination_2_uls_ha__ha_000178,bs_combination_2_uls_ha,BS 5400:Part 2 / BD 37/01,ha,permanent_component,superimposed_other_superimposed,permanent_components/superimposed_other_superimposed/superimposed_other_superimposed.std,204,superimposed,other_superimposed,1.2
bs_combination_2_uls_ha__ha_000178,bs_combination_2_uls_ha,BS 5400:Part 2 / BD 37/01,ha,traffic_case,ha_000178,traffic/ha/ha_000178/ha_000178.std,178,superimposed,,1.25
bs_combination_2_uls_ha__ha_000179,bs_combination_2_uls_ha,BS 5400:Part 2 / BD 37/01,ha,permanent_component,precast_girder_structural_dead,permanent_components/precast_girder_structural_dead/precast_girder_structural_dead.std,201,precast_girder,structural_dead,1.1499999999999999
bs_combination_2_uls_ha__ha_000179,bs_combination_2_uls_ha,BS 5400:Part 2 / BD 37/01,ha,permanent_component,deck_construction_structural_dead,permanent_components/deck_construction_structural_dead/deck_construction_structural_dead.std,202,deck_construction,structural_dead,1.1499999999999999
bs_combination_2_uls_ha__ha_000179,bs_combination_2_uls_ha,BS 5400:Part 2 / BD 37/01,ha,permanent_component,superimposed_surfacing,permanent_components/superimposed_surfacing/superimposed_surfacing.std,203,superimposed,surfacing,1.75
bs_combination_2_uls_ha__ha_000179,bs_combination_2_uls_ha,BS 5400:Part 2 / BD 37/01,ha,permanent_component,superimposed_other_superimposed,permanent_components/superimposed_other_superimposed/superimposed_other_superimposed.std,204,superimposed,other_superimposed,1.2
bs_combination_2_uls_ha__ha_000179,bs_combination_2_uls_ha,BS 5400:Part 2 / BD 37/01,ha,traffic_case,ha_000179,traffic/ha/ha_000179/ha_000179.std,179,superimposed,,1.25
bs_combination_2_uls_ha__ha_000205,bs_combination_2_uls_ha,BS 5400:Part 2 / BD 37/01,ha,permanent_component,precast_girder_structural_dead,permanent_components/precast_girder_structural_dead/precast_girder_structural_dead.std,201,precast_girder,structural_dead,1.1499999999999999
bs_combination_2_uls_ha__ha_000205,bs_combination_2_uls_ha,BS 5400:Part 2 / BD 37/01,ha,permanent_component,deck_construction_structural_dead,permanent_components/deck_construction_structural_dead/deck_construction_structural_dead.std,202,deck_construction,structural_dead,1.1499999999999999
bs_combination_2_uls_ha__ha_000205,bs_combination_2_uls_ha,BS 5400:Part 2 / BD 37/01,ha,permanent_component,superimposed_surfacing,permanent_components/superimposed_surfacing/superimposed_surfacing.std,203,superimposed,surfacing,1.75
bs_combination_2_uls_ha__ha_000205,bs_combination_2_uls_ha,BS 5400:Part 2 / BD 37/01,ha,permanent_component,superimposed_other_superimposed,permanent_components/superimposed_other_superimposed/superimposed_other_superimposed.std,204,superimposed,other_superimposed,1.2
bs_combination_2_uls_ha__ha_000205,bs_combination_2_uls_ha,BS 5400:Part 2 / BD 37/01,ha,traffic_case,ha_000205,traffic/ha/ha_000205/ha_000205.std,205,superimposed,,1.25
bs_combination_2_sls_ha__ha_000008,bs_combination_2_sls_ha,BS 5400:Part 2 / BD 37/01,ha,permanent_component,precast_girder_structural_dead,permanent_components/precast_girder_structural_dead/precast_girder_structural_dead.std,201,precast_girder,structural_dead,1
bs_combination_2_sls_ha__ha_000008,bs_combination_2_sls_ha,BS 5400:Part 2 / BD 37/01,ha,permanent_component,deck_construction_structural_dead,permanent_components/deck_construction_structural_dead/deck_construction_structural_dead.std,202,deck_construction,structural_dead,1
bs_combination_2_sls_ha__ha_000008,bs_combination_2_sls_ha,BS 5400:Part 2 / BD 37/01,ha,permanent_component,superimposed_surfacing,permanent_components/superimposed_surfacing/superimposed_surfacing.std,203,superimposed,surfacing,1.2
bs_combination_2_sls_ha__ha_000008,bs_combination_2_sls_ha,BS 5400:Part 2 / BD 37/01,ha,permanent_component,superimposed_other_superimposed,permanent_components/superimposed_other_superimposed/superimposed_other_superimposed.std,204,superimposed,other_superimposed,1
bs_combination_2_sls_ha__ha_000008,bs_combination_2_sls_ha,BS 5400:Part 2 / BD 37/01,ha,traffic_case,ha_000008,traffic/ha/ha_000008/ha_000008.std,8,superimposed,,1
bs_combination_2_sls_ha__ha_000009,bs_combination_2_sls_ha,BS 5400:Part 2 / BD 37/01,ha,permanent_component,precast_girder_structural_dead,permanent_components/precast_girder_structural_dead/precast_girder_structural_dead.std,201,precast_girder,structural_dead,1
bs_combination_2_sls_ha__ha_000009,bs_combination_2_sls_ha,BS 5400:Part 2 / BD 37/01,ha,permanent_component,deck_construction_structural_dead,permanent_components/deck_construction_structural_dead/deck_construction_structural_dead.std,202,deck_construction,structural_dead,1
bs_combination_2_sls_ha__ha_000009,bs_combination_2_sls_ha,BS 5400:Part 2 / BD 37/01,ha,permanent_component,superimposed_surfacing,permanent_components/superimposed_surfacing/superimposed_surfacing.std,203,superimposed,surfacing,1.2
bs_combination_2_sls_ha__ha_000009,bs_combination_2_sls_ha,BS 5400:Part 2 / BD 37/01,ha,permanent_component,superimposed_other_superimposed,permanent_components/superimposed_other_superimposed/superimposed_other_superimposed.std,204,superimposed,other_superimposed,1
bs_combination_2_sls_ha__ha_000009,bs_combination_2_sls_ha,BS 5400:Part 2 / BD 37/01,ha,traffic_case,ha_000009,traffic/ha/ha_000009/ha_000009.std,9,superimposed,,1
bs_combination_2_sls_ha__ha_000010,bs_combination_2_sls_ha,BS 5400:Part 2 / BD 37/01,ha,permanent_component,precast_girder_structural_dead,permanent_components/precast_girder_structural_dead/precast_girder_structural_dead.std,201,precast_girder,structural_dead,1
bs_combination_2_sls_ha__ha_000010,bs_combination_2_sls_ha,BS 5400:Part 2 / BD 37/01,ha,permanent_component,deck_construction_structural_dead,permanent_components/deck_construction_structural_dead/deck_construction_structural_dead.std,202,deck_construction,structural_dead,1
bs_combination_2_sls_ha__ha_000010,bs_combination_2_sls_ha,BS 5400:Part 2 / BD 37/01,ha,permanent_component,superimposed_surfacing,permanent_components/superimposed_surfacing/superimposed_surfacing.std,203,superimposed,surfacing,1.2
bs_combination_2_sls_ha__ha_000010,bs_combination_2_sls_ha,BS 5400:Part 2 / BD 37/01,ha,permanent_component,superimposed_other_superimposed,permanent_components/superimposed_other_superimposed/superimposed_other_superimposed.std,204,superimposed,other_superimposed,1
bs_combination_2_sls_ha__ha_000010,bs_combination_2_sls_ha,BS 5400:Part 2 / BD 37/01,ha,traffic_case,ha_000010,traffic/ha/ha_000010/ha_000010.std,10,superimposed,,1
bs_combination_2_sls_ha__ha_000025,bs_combination_2_sls_ha,BS 5400:Part 2 / BD 37/01,ha,permanent_component,precast_girder_structural_dead,permanent_components/precast_girder_structural_dead/precast_girder_structural_dead.std,201,precast_girder,structural_dead,1
bs_combination_2_sls_ha__ha_000025,bs_combination_2_sls_ha,BS 5400:Part 2 / BD 37/01,ha,permanent_component,deck_construction_structural_dead,permanent_components/deck_construction_structural_dead/deck_construction_structural_dead.std,202,deck_construction,structural_dead,1
bs_combination_2_sls_ha__ha_000025,bs_combination_2_sls_ha,BS 5400:Part 2 / BD 37/01,ha,permanent_component,superimposed_surfacing,permanent_components/superimposed_surfacing/superimposed_surfacing.std,203,superimposed,surfacing,1.2
bs_combination_2_sls_ha__ha_000025,bs_combination_2_sls_ha,BS 5400:Part 2 / BD 37/01,ha,permanent_component,superimposed_other_superimposed,permanent_components/superimposed_other_superimposed/superimposed_other_superimposed.std,204,superimposed,other_superimposed,1
bs_combination_2_sls_ha__ha_000025,bs_combination_2_sls_ha,BS 5400:Part 2 / BD 37/01,ha,traffic_case,ha_000025,traffic/ha/ha_000025/ha_000025.std,25,superimposed,,1
bs_combination_2_sls_ha__ha_000026,bs_combination_2_sls_ha,BS 5400:Part 2 / BD 37/01,ha,permanent_component,precast_girder_structural_dead,permanent_components/precast_girder_structural_dead/precast_girder_structural_dead.std,201,precast_girder,structural_dead,1
bs_combination_2_sls_ha__ha_000026,bs_combination_2_sls_ha,BS 5400:Part 2 / BD 37/01,ha,permanent_component,deck_construction_structural_dead,permanent_components/deck_construction_structural_dead/deck_construction_structural_dead.std,202,deck_construction,structural_dead,1
bs_combination_2_sls_ha__ha_000026,bs_combination_2_sls_ha,BS 5400:Part 2 / BD 37/01,ha,permanent_component,superimposed_surfacing,permanent_components/superimposed_surfacing/superimposed_surfacing.std,203,superimposed,surfacing,1.2
bs_combination_2_sls_ha__ha_000026,bs_combination_2_sls_ha,BS 5400:Part 2 / BD 37/01,ha,permanent_component,superimposed_other_superimposed,permanent_components/superimposed_other_superimposed/superimposed_other_superimposed.std,204,superimposed,other_superimposed,1
bs_combination_2_sls_ha__ha_000026,bs_combination_2_sls_ha,BS 5400:Part 2 / BD 37/01,ha,traffic_case,ha_000026,traffic/ha/ha_000026/ha_000026.std,26,superimposed,,1
bs_combination_2_sls_ha__ha_000027,bs_combination_2_sls_ha,BS 5400:Part 2 / BD 37/01,ha,permanent_component,precast_girder_structural_dead,permanent_components/precast_girder_structural_dead/precast_girder_structural_dead.std,201,precast_girder,structural_dead,1
bs_combination_2_sls_ha__ha_000027,bs_combination_2_sls_ha,BS 5400:Part 2 / BD 37/01,ha,permanent_component,deck_construction_structural_dead,permanent_components/deck_construction_structural_dead/deck_construction_structural_dead.std,202,deck_construction,structural_dead,1
bs_combination_2_sls_ha__ha_000027,bs_combination_2_sls_ha,BS 5400:Part 2 / BD 37/01,ha,permanent_component,superimposed_surfacing,permanent_components/superimposed_surfacing/superimposed_surfacing.std,203,superimposed,surfacing,1.2
bs_combination_2_sls_ha__ha_000027,bs_combination_2_sls_ha,BS 5400:Part 2 / BD 37/01,ha,permanent_component,superimposed_other_superimposed,permanent_components/superimposed_other_superimposed/superimposed_other_superimposed.std,204,superimposed,other_superimposed,1
bs_combination_2_sls_ha__ha_000027,bs_combination_2_sls_ha,BS 5400:Part 2 / BD 37/01,ha,traffic_case,ha_000027,traffic/ha/ha_000027/ha_000027.std,27,superimposed,,1
bs_combination_2_sls_ha__ha_000035,bs_combination_2_sls_ha,BS 5400:Part 2 / BD 37/01,ha,permanent_component,precast_girder_structural_dead,permanent_components/precast_girder_structural_dead/precast_girder_structural_dead.std,201,precast_girder,structural_dead,1
bs_combination_2_sls_ha__ha_000035,bs_combination_2_sls_ha,BS 5400:Part 2 / BD 37/01,ha,permanent_component,deck_construction_structural_dead,permanent_components/deck_construction_structural_dead/deck_construction_structural_dead.std,202,deck_construction,structural_dead,1
bs_combination_2_sls_ha__ha_000035,bs_combination_2_sls_ha,BS 5400:Part 2 / BD 37/01,ha,permanent_component,superimposed_surfacing,permanent_components/superimposed_surfacing/superimposed_surfacing.std,203,superimposed,surfacing,1.2
bs_combination_2_sls_ha__ha_000035,bs_combination_2_sls_ha,BS 5400:Part 2 / BD 37/01,ha,permanent_component,superimposed_other_superimposed,permanent_components/superimposed_other_superimposed/superimposed_other_superimposed.std,204,superimposed,other_superimposed,1
bs_combination_2_sls_ha__ha_000035,bs_combination_2_sls_ha,BS 5400:Part 2 / BD 37/01,ha,traffic_case,ha_000035,traffic/ha/ha_000035/ha_000035.std,35,superimposed,,1
bs_combination_2_sls_ha__ha_000041,bs_combination_2_sls_ha,BS 5400:Part 2 / BD 37/01,ha,permanent_component,precast_girder_structural_dead,permanent_components/precast_girder_structural_dead/precast_girder_structural_dead.std,201,precast_girder,structural_dead,1
bs_combination_2_sls_ha__ha_000041,bs_combination_2_sls_ha,BS 5400:Part 2 / BD 37/01,ha,permanent_component,deck_construction_structural_dead,permanent_components/deck_construction_structural_dead/deck_construction_structural_dead.std,202,deck_construction,structural_dead,1
bs_combination_2_sls_ha__ha_000041,bs_combination_2_sls_ha,BS 5400:Part 2 / BD 37/01,ha,permanent_component,superimposed_surfacing,permanent_components/superimposed_surfacing/superimposed_surfacing.std,203,superimposed,surfacing,1.2
bs_combination_2_sls_ha__ha_000041,bs_combination_2_sls_ha,BS 5400:Part 2 / BD 37/01,ha,permanent_component,superimposed_other_superimposed,permanent_components/superimposed_other_superimposed/superimposed_other_superimposed.std,204,superimposed,other_superimposed,1
bs_combination_2_sls_ha__ha_000041,bs_combination_2_sls_ha,BS 5400:Part 2 / BD 37/01,ha,traffic_case,ha_000041,traffic/ha/ha_000041/ha_000041.std,41,superimposed,,1
bs_combination_2_sls_ha__ha_000045,bs_combination_2_sls_ha,BS 5400:Part 2 / BD 37/01,ha,permanent_component,precast_girder_structural_dead,permanent_components/precast_girder_structural_dead/precast_girder_structural_dead.std,201,precast_girder,structural_dead,1
bs_combination_2_sls_ha__ha_000045,bs_combination_2_sls_ha,BS 5400:Part 2 / BD 37/01,ha,permanent_component,deck_construction_structural_dead,permanent_components/deck_construction_structural_dead/deck_construction_structural_dead.std,202,deck_construction,structural_dead,1
bs_combination_2_sls_ha__ha_000045,bs_combination_2_sls_ha,BS 5400:Part 2 / BD 37/01,ha,permanent_component,superimposed_surfacing,permanent_components/superimposed_surfacing/superimposed_surfacing.std,203,superimposed,surfacing,1.2
bs_combination_2_sls_ha__ha_000045,bs_combination_2_sls_ha,BS 5400:Part 2 / BD 37/01,ha,permanent_component,superimposed_other_superimposed,permanent_components/superimposed_other_superimposed/superimposed_other_superimposed.std,204,superimposed,other_superimposed,1
bs_combination_2_sls_ha__ha_000045,bs_combination_2_sls_ha,BS 5400:Part 2 / BD 37/01,ha,traffic_case,ha_000045,traffic/ha/ha_000045/ha_000045.std,45,superimposed,,1
bs_combination_2_sls_ha__ha_000137,bs_combination_2_sls_ha,BS 5400:Part 2 / BD 37/01,ha,permanent_component,precast_girder_structural_dead,permanent_components/precast_girder_structural_dead/precast_girder_structural_dead.std,201,precast_girder,structural_dead,1
bs_combination_2_sls_ha__ha_000137,bs_combination_2_sls_ha,BS 5400:Part 2 / BD 37/01,ha,permanent_component,deck_construction_structural_dead,permanent_components/deck_construction_structural_dead/deck_construction_structural_dead.std,202,deck_construction,structural_dead,1
bs_combination_2_sls_ha__ha_000137,bs_combination_2_sls_ha,BS 5400:Part 2 / BD 37/01,ha,permanent_component,superimposed_surfacing,permanent_components/superimposed_surfacing/superimposed_surfacing.std,203,superimposed,surfacing,1.2
bs_combination_2_sls_ha__ha_000137,bs_combination_2_sls_ha,BS 5400:Part 2 / BD 37/01,ha,permanent_component,superimposed_other_superimposed,permanent_components/superimposed_other_superimposed/superimposed_other_superimposed.std,204,superimposed,other_superimposed,1
bs_combination_2_sls_ha__ha_000137,bs_combination_2_sls_ha,BS 5400:Part 2 / BD 37/01,ha,traffic_case,ha_000137,traffic/ha/ha_000137/ha_000137.std,137,superimposed,,1
bs_combination_2_sls_ha__ha_000162,bs_combination_2_sls_ha,BS 5400:Part 2 / BD 37/01,ha,permanent_component,precast_girder_structural_dead,permanent_components/precast_girder_structural_dead/precast_girder_structural_dead.std,201,precast_girder,structural_dead,1
bs_combination_2_sls_ha__ha_000162,bs_combination_2_sls_ha,BS 5400:Part 2 / BD 37/01,ha,permanent_component,deck_construction_structural_dead,permanent_components/deck_construction_structural_dead/deck_construction_structural_dead.std,202,deck_construction,structural_dead,1
bs_combination_2_sls_ha__ha_000162,bs_combination_2_sls_ha,BS 5400:Part 2 / BD 37/01,ha,permanent_component,superimposed_surfacing,permanent_components/superimposed_surfacing/superimposed_surfacing.std,203,superimposed,surfacing,1.2
bs_combination_2_sls_ha__ha_000162,bs_combination_2_sls_ha,BS 5400:Part 2 / BD 37/01,ha,permanent_component,superimposed_other_superimposed,permanent_components/superimposed_other_superimposed/superimposed_other_superimposed.std,204,superimposed,other_superimposed,1
bs_combination_2_sls_ha__ha_000162,bs_combination_2_sls_ha,BS 5400:Part 2 / BD 37/01,ha,traffic_case,ha_000162,traffic/ha/ha_000162/ha_000162.std,162,superimposed,,1
bs_combination_2_sls_ha__ha_000178,bs_combination_2_sls_ha,BS 5400:Part 2 / BD 37/01,ha,permanent_component,precast_girder_structural_dead,permanent_components/precast_girder_structural_dead/precast_girder_structural_dead.std,201,precast_girder,structural_dead,1
bs_combination_2_sls_ha__ha_000178,bs_combination_2_sls_ha,BS 5400:Part 2 / BD 37/01,ha,permanent_component,deck_construction_structural_dead,permanent_components/deck_construction_structural_dead/deck_construction_structural_dead.std,202,deck_construction,structural_dead,1
bs_combination_2_sls_ha__ha_000178,bs_combination_2_sls_ha,BS 5400:Part 2 / BD 37/01,ha,permanent_component,superimposed_surfacing,permanent_components/superimposed_surfacing/superimposed_surfacing.std,203,superimposed,surfacing,1.2
bs_combination_2_sls_ha__ha_000178,bs_combination_2_sls_ha,BS 5400:Part 2 / BD 37/01,ha,permanent_component,superimposed_other_superimposed,permanent_components/superimposed_other_superimposed/superimposed_other_superimposed.std,204,superimposed,other_superimposed,1
bs_combination_2_sls_ha__ha_000178,bs_combination_2_sls_ha,BS 5400:Part 2 / BD 37/01,ha,traffic_case,ha_000178,traffic/ha/ha_000178/ha_000178.std,178,superimposed,,1
bs_combination_2_sls_ha__ha_000179,bs_combination_2_sls_ha,BS 5400:Part 2 / BD 37/01,ha,permanent_component,precast_girder_structural_dead,permanent_components/precast_girder_structural_dead/precast_girder_structural_dead.std,201,precast_girder,structural_dead,1
bs_combination_2_sls_ha__ha_000179,bs_combination_2_sls_ha,BS 5400:Part 2 / BD 37/01,ha,permanent_component,deck_construction_structural_dead,permanent_components/deck_construction_structural_dead/deck_construction_structural_dead.std,202,deck_construction,structural_dead,1
bs_combination_2_sls_ha__ha_000179,bs_combination_2_sls_ha,BS 5400:Part 2 / BD 37/01,ha,permanent_component,superimposed_surfacing,permanent_components/superimposed_surfacing/superimposed_surfacing.std,203,superimposed,surfacing,1.2
bs_combination_2_sls_ha__ha_000179,bs_combination_2_sls_ha,BS 5400:Part 2 / BD 37/01,ha,permanent_component,superimposed_other_superimposed,permanent_components/superimposed_other_superimposed/superimposed_other_superimposed.std,204,superimposed,other_superimposed,1
bs_combination_2_sls_ha__ha_000179,bs_combination_2_sls_ha,BS 5400:Part 2 / BD 37/01,ha,traffic_case,ha_000179,traffic/ha/ha_000179/ha_000179.std,179,superimposed,,1
bs_combination_2_sls_ha__ha_000205,bs_combination_2_sls_ha,BS 5400:Part 2 / BD 37/01,ha,permanent_component,precast_girder_structural_dead,permanent_components/precast_girder_structural_dead/precast_girder_structural_dead.std,201,precast_girder,structural_dead,1
bs_combination_2_sls_ha__ha_000205,bs_combination_2_sls_ha,BS 5400:Part 2 / BD 37/01,ha,permanent_component,deck_construction_structural_dead,permanent_components/deck_construction_structural_dead/deck_construction_structural_dead.std,202,deck_construction,structural_dead,1
bs_combination_2_sls_ha__ha_000205,bs_combination_2_sls_ha,BS 5400:Part 2 / BD 37/01,ha,permanent_component,superimposed_surfacing,permanent_components/superimposed_surfacing/superimposed_surfacing.std,203,superimposed,surfacing,1.2
bs_combination_2_sls_ha__ha_000205,bs_combination_2_sls_ha,BS 5400:Part 2 / BD 37/01,ha,permanent_component,superimposed_other_superimposed,permanent_components/superimposed_other_superimposed/superimposed_other_superimposed.std,204,superimposed,other_superimposed,1
bs_combination_2_sls_ha__ha_000205,bs_combination_2_sls_ha,BS 5400:Part 2 / BD 37/01,ha,traffic_case,ha_000205,traffic/ha/ha_000205/ha_000205.std,205,superimposed,,1
bs_combination_3_uls_ha__ha_000008,bs_combination_3_uls_ha,BS 5400:Part 2 / BD 37/01,ha,permanent_component,precast_girder_structural_dead,permanent_components/precast_girder_structural_dead/precast_girder_structural_dead.std,201,precast_girder,structural_dead,1.1499999999999999
bs_combination_3_uls_ha__ha_000008,bs_combination_3_uls_ha,BS 5400:Part 2 / BD 37/01,ha,permanent_component,deck_construction_structural_dead,permanent_components/deck_construction_structural_dead/deck_construction_structural_dead.std,202,deck_construction,structural_dead,1.1499999999999999
bs_combination_3_uls_ha__ha_000008,bs_combination_3_uls_ha,BS 5400:Part 2 / BD 37/01,ha,permanent_component,superimposed_surfacing,permanent_components/superimposed_surfacing/superimposed_surfacing.std,203,superimposed,surfacing,1.75
bs_combination_3_uls_ha__ha_000008,bs_combination_3_uls_ha,BS 5400:Part 2 / BD 37/01,ha,permanent_component,superimposed_other_superimposed,permanent_components/superimposed_other_superimposed/superimposed_other_superimposed.std,204,superimposed,other_superimposed,1.2
bs_combination_3_uls_ha__ha_000008,bs_combination_3_uls_ha,BS 5400:Part 2 / BD 37/01,ha,traffic_case,ha_000008,traffic/ha/ha_000008/ha_000008.std,8,superimposed,,1.25
bs_combination_3_uls_ha__ha_000009,bs_combination_3_uls_ha,BS 5400:Part 2 / BD 37/01,ha,permanent_component,precast_girder_structural_dead,permanent_components/precast_girder_structural_dead/precast_girder_structural_dead.std,201,precast_girder,structural_dead,1.1499999999999999
bs_combination_3_uls_ha__ha_000009,bs_combination_3_uls_ha,BS 5400:Part 2 / BD 37/01,ha,permanent_component,deck_construction_structural_dead,permanent_components/deck_construction_structural_dead/deck_construction_structural_dead.std,202,deck_construction,structural_dead,1.1499999999999999
bs_combination_3_uls_ha__ha_000009,bs_combination_3_uls_ha,BS 5400:Part 2 / BD 37/01,ha,permanent_component,superimposed_surfacing,permanent_components/superimposed_surfacing/superimposed_surfacing.std,203,superimposed,surfacing,1.75
bs_combination_3_uls_ha__ha_000009,bs_combination_3_uls_ha,BS 5400:Part 2 / BD 37/01,ha,permanent_component,superimposed_other_superimposed,permanent_components/superimposed_other_superimposed/superimposed_other_superimposed.std,204,superimposed,other_superimposed,1.2
bs_combination_3_uls_ha__ha_000009,bs_combination_3_uls_ha,BS 5400:Part 2 / BD 37/01,ha,traffic_case,ha_000009,traffic/ha/ha_000009/ha_000009.std,9,superimposed,,1.25
bs_combination_3_uls_ha__ha_000010,bs_combination_3_uls_ha,BS 5400:Part 2 / BD 37/01,ha,permanent_component,precast_girder_structural_dead,permanent_components/precast_girder_structural_dead/precast_girder_structural_dead.std,201,precast_girder,structural_dead,1.1499999999999999
bs_combination_3_uls_ha__ha_000010,bs_combination_3_uls_ha,BS 5400:Part 2 / BD 37/01,ha,permanent_component,deck_construction_structural_dead,permanent_components/deck_construction_structural_dead/deck_construction_structural_dead.std,202,deck_construction,structural_dead,1.1499999999999999
bs_combination_3_uls_ha__ha_000010,bs_combination_3_uls_ha,BS 5400:Part 2 / BD 37/01,ha,permanent_component,superimposed_surfacing,permanent_components/superimposed_surfacing/superimposed_surfacing.std,203,superimposed,surfacing,1.75
bs_combination_3_uls_ha__ha_000010,bs_combination_3_uls_ha,BS 5400:Part 2 / BD 37/01,ha,permanent_component,superimposed_other_superimposed,permanent_components/superimposed_other_superimposed/superimposed_other_superimposed.std,204,superimposed,other_superimposed,1.2
bs_combination_3_uls_ha__ha_000010,bs_combination_3_uls_ha,BS 5400:Part 2 / BD 37/01,ha,traffic_case,ha_000010,traffic/ha/ha_000010/ha_000010.std,10,superimposed,,1.25
bs_combination_3_uls_ha__ha_000025,bs_combination_3_uls_ha,BS 5400:Part 2 / BD 37/01,ha,permanent_component,precast_girder_structural_dead,permanent_components/precast_girder_structural_dead/precast_girder_structural_dead.std,201,precast_girder,structural_dead,1.1499999999999999
bs_combination_3_uls_ha__ha_000025,bs_combination_3_uls_ha,BS 5400:Part 2 / BD 37/01,ha,permanent_component,deck_construction_structural_dead,permanent_components/deck_construction_structural_dead/deck_construction_structural_dead.std,202,deck_construction,structural_dead,1.1499999999999999
bs_combination_3_uls_ha__ha_000025,bs_combination_3_uls_ha,BS 5400:Part 2 / BD 37/01,ha,permanent_component,superimposed_surfacing,permanent_components/superimposed_surfacing/superimposed_surfacing.std,203,superimposed,surfacing,1.75
bs_combination_3_uls_ha__ha_000025,bs_combination_3_uls_ha,BS 5400:Part 2 / BD 37/01,ha,permanent_component,superimposed_other_superimposed,permanent_components/superimposed_other_superimposed/superimposed_other_superimposed.std,204,superimposed,other_superimposed,1.2
bs_combination_3_uls_ha__ha_000025,bs_combination_3_uls_ha,BS 5400:Part 2 / BD 37/01,ha,traffic_case,ha_000025,traffic/ha/ha_000025/ha_000025.std,25,superimposed,,1.25
bs_combination_3_uls_ha__ha_000026,bs_combination_3_uls_ha,BS 5400:Part 2 / BD 37/01,ha,permanent_component,precast_girder_structural_dead,permanent_components/precast_girder_structural_dead/precast_girder_structural_dead.std,201,precast_girder,structural_dead,1.1499999999999999
bs_combination_3_uls_ha__ha_000026,bs_combination_3_uls_ha,BS 5400:Part 2 / BD 37/01,ha,permanent_component,deck_construction_structural_dead,permanent_components/deck_construction_structural_dead/deck_construction_structural_dead.std,202,deck_construction,structural_dead,1.1499999999999999
bs_combination_3_uls_ha__ha_000026,bs_combination_3_uls_ha,BS 5400:Part 2 / BD 37/01,ha,permanent_component,superimposed_surfacing,permanent_components/superimposed_surfacing/superimposed_surfacing.std,203,superimposed,surfacing,1.75
bs_combination_3_uls_ha__ha_000026,bs_combination_3_uls_ha,BS 5400:Part 2 / BD 37/01,ha,permanent_component,superimposed_other_superimposed,permanent_components/superimposed_other_superimposed/superimposed_other_superimposed.std,204,superimposed,other_superimposed,1.2
bs_combination_3_uls_ha__ha_000026,bs_combination_3_uls_ha,BS 5400:Part 2 / BD 37/01,ha,traffic_case,ha_000026,traffic/ha/ha_000026/ha_000026.std,26,superimposed,,1.25
bs_combination_3_uls_ha__ha_000027,bs_combination_3_uls_ha,BS 5400:Part 2 / BD 37/01,ha,permanent_component,precast_girder_structural_dead,permanent_components/precast_girder_structural_dead/precast_girder_structural_dead.std,201,precast_girder,structural_dead,1.1499999999999999
bs_combination_3_uls_ha__ha_000027,bs_combination_3_uls_ha,BS 5400:Part 2 / BD 37/01,ha,permanent_component,deck_construction_structural_dead,permanent_components/deck_construction_structural_dead/deck_construction_structural_dead.std,202,deck_construction,structural_dead,1.1499999999999999
bs_combination_3_uls_ha__ha_000027,bs_combination_3_uls_ha,BS 5400:Part 2 / BD 37/01,ha,permanent_component,superimposed_surfacing,permanent_components/superimposed_surfacing/superimposed_surfacing.std,203,superimposed,surfacing,1.75
bs_combination_3_uls_ha__ha_000027,bs_combination_3_uls_ha,BS 5400:Part 2 / BD 37/01,ha,permanent_component,superimposed_other_superimposed,permanent_components/superimposed_other_superimposed/superimposed_other_superimposed.std,204,superimposed,other_superimposed,1.2
bs_combination_3_uls_ha__ha_000027,bs_combination_3_uls_ha,BS 5400:Part 2 / BD 37/01,ha,traffic_case,ha_000027,traffic/ha/ha_000027/ha_000027.std,27,superimposed,,1.25
bs_combination_3_uls_ha__ha_000035,bs_combination_3_uls_ha,BS 5400:Part 2 / BD 37/01,ha,permanent_component,precast_girder_structural_dead,permanent_components/precast_girder_structural_dead/precast_girder_structural_dead.std,201,precast_girder,structural_dead,1.1499999999999999
bs_combination_3_uls_ha__ha_000035,bs_combination_3_uls_ha,BS 5400:Part 2 / BD 37/01,ha,permanent_component,deck_construction_structural_dead,permanent_components/deck_construction_structural_dead/deck_construction_structural_dead.std,202,deck_construction,structural_dead,1.1499999999999999
bs_combination_3_uls_ha__ha_000035,bs_combination_3_uls_ha,BS 5400:Part 2 / BD 37/01,ha,permanent_component,superimposed_surfacing,permanent_components/superimposed_surfacing/superimposed_surfacing.std,203,superimposed,surfacing,1.75
bs_combination_3_uls_ha__ha_000035,bs_combination_3_uls_ha,BS 5400:Part 2 / BD 37/01,ha,permanent_component,superimposed_other_superimposed,permanent_components/superimposed_other_superimposed/superimposed_other_superimposed.std,204,superimposed,other_superimposed,1.2
bs_combination_3_uls_ha__ha_000035,bs_combination_3_uls_ha,BS 5400:Part 2 / BD 37/01,ha,traffic_case,ha_000035,traffic/ha/ha_000035/ha_000035.std,35,superimposed,,1.25
bs_combination_3_uls_ha__ha_000041,bs_combination_3_uls_ha,BS 5400:Part 2 / BD 37/01,ha,permanent_component,precast_girder_structural_dead,permanent_components/precast_girder_structural_dead/precast_girder_structural_dead.std,201,precast_girder,structural_dead,1.1499999999999999
bs_combination_3_uls_ha__ha_000041,bs_combination_3_uls_ha,BS 5400:Part 2 / BD 37/01,ha,permanent_component,deck_construction_structural_dead,permanent_components/deck_construction_structural_dead/deck_construction_structural_dead.std,202,deck_construction,structural_dead,1.1499999999999999
bs_combination_3_uls_ha__ha_000041,bs_combination_3_uls_ha,BS 5400:Part 2 / BD 37/01,ha,permanent_component,superimposed_surfacing,permanent_components/superimposed_surfacing/superimposed_surfacing.std,203,superimposed,surfacing,1.75
bs_combination_3_uls_ha__ha_000041,bs_combination_3_uls_ha,BS 5400:Part 2 / BD 37/01,ha,permanent_component,superimposed_other_superimposed,permanent_components/superimposed_other_superimposed/superimposed_other_superimposed.std,204,superimposed,other_superimposed,1.2
bs_combination_3_uls_ha__ha_000041,bs_combination_3_uls_ha,BS 5400:Part 2 / BD 37/01,ha,traffic_case,ha_000041,traffic/ha/ha_000041/ha_000041.std,41,superimposed,,1.25
bs_combination_3_uls_ha__ha_000045,bs_combination_3_uls_ha,BS 5400:Part 2 / BD 37/01,ha,permanent_component,precast_girder_structural_dead,permanent_components/precast_girder_structural_dead/precast_girder_structural_dead.std,201,precast_girder,structural_dead,1.1499999999999999
bs_combination_3_uls_ha__ha_000045,bs_combination_3_uls_ha,BS 5400:Part 2 / BD 37/01,ha,permanent_component,deck_construction_structural_dead,permanent_components/deck_construction_structural_dead/deck_construction_structural_dead.std,202,deck_construction,structural_dead,1.1499999999999999
bs_combination_3_uls_ha__ha_000045,bs_combination_3_uls_ha,BS 5400:Part 2 / BD 37/01,ha,permanent_component,superimposed_surfacing,permanent_components/superimposed_surfacing/superimposed_surfacing.std,203,superimposed,surfacing,1.75
bs_combination_3_uls_ha__ha_000045,bs_combination_3_uls_ha,BS 5400:Part 2 / BD 37/01,ha,permanent_component,superimposed_other_superimposed,permanent_components/superimposed_other_superimposed/superimposed_other_superimposed.std,204,superimposed,other_superimposed,1.2
bs_combination_3_uls_ha__ha_000045,bs_combination_3_uls_ha,BS 5400:Part 2 / BD 37/01,ha,traffic_case,ha_000045,traffic/ha/ha_000045/ha_000045.std,45,superimposed,,1.25
bs_combination_3_uls_ha__ha_000137,bs_combination_3_uls_ha,BS 5400:Part 2 / BD 37/01,ha,permanent_component,precast_girder_structural_dead,permanent_components/precast_girder_structural_dead/precast_girder_structural_dead.std,201,precast_girder,structural_dead,1.1499999999999999
bs_combination_3_uls_ha__ha_000137,bs_combination_3_uls_ha,BS 5400:Part 2 / BD 37/01,ha,permanent_component,deck_construction_structural_dead,permanent_components/deck_construction_structural_dead/deck_construction_structural_dead.std,202,deck_construction,structural_dead,1.1499999999999999
bs_combination_3_uls_ha__ha_000137,bs_combination_3_uls_ha,BS 5400:Part 2 / BD 37/01,ha,permanent_component,superimposed_surfacing,permanent_components/superimposed_surfacing/superimposed_surfacing.std,203,superimposed,surfacing,1.75
bs_combination_3_uls_ha__ha_000137,bs_combination_3_uls_ha,BS 5400:Part 2 / BD 37/01,ha,permanent_component,superimposed_other_superimposed,permanent_components/superimposed_other_superimposed/superimposed_other_superimposed.std,204,superimposed,other_superimposed,1.2
bs_combination_3_uls_ha__ha_000137,bs_combination_3_uls_ha,BS 5400:Part 2 / BD 37/01,ha,traffic_case,ha_000137,traffic/ha/ha_000137/ha_000137.std,137,superimposed,,1.25
bs_combination_3_uls_ha__ha_000162,bs_combination_3_uls_ha,BS 5400:Part 2 / BD 37/01,ha,permanent_component,precast_girder_structural_dead,permanent_components/precast_girder_structural_dead/precast_girder_structural_dead.std,201,precast_girder,structural_dead,1.1499999999999999
bs_combination_3_uls_ha__ha_000162,bs_combination_3_uls_ha,BS 5400:Part 2 / BD 37/01,ha,permanent_component,deck_construction_structural_dead,permanent_components/deck_construction_structural_dead/deck_construction_structural_dead.std,202,deck_construction,structural_dead,1.1499999999999999
bs_combination_3_uls_ha__ha_000162,bs_combination_3_uls_ha,BS 5400:Part 2 / BD 37/01,ha,permanent_component,superimposed_surfacing,permanent_components/superimposed_surfacing/superimposed_surfacing.std,203,superimposed,surfacing,1.75
bs_combination_3_uls_ha__ha_000162,bs_combination_3_uls_ha,BS 5400:Part 2 / BD 37/01,ha,permanent_component,superimposed_other_superimposed,permanent_components/superimposed_other_superimposed/superimposed_other_superimposed.std,204,superimposed,other_superimposed,1.2
bs_combination_3_uls_ha__ha_000162,bs_combination_3_uls_ha,BS 5400:Part 2 / BD 37/01,ha,traffic_case,ha_000162,traffic/ha/ha_000162/ha_000162.std,162,superimposed,,1.25
bs_combination_3_uls_ha__ha_000178,bs_combination_3_uls_ha,BS 5400:Part 2 / BD 37/01,ha,permanent_component,precast_girder_structural_dead,permanent_components/precast_girder_structural_dead/precast_girder_structural_dead.std,201,precast_girder,structural_dead,1.1499999999999999
bs_combination_3_uls_ha__ha_000178,bs_combination_3_uls_ha,BS 5400:Part 2 / BD 37/01,ha,permanent_component,deck_construction_structural_dead,permanent_components/deck_construction_structural_dead/deck_construction_structural_dead.std,202,deck_construction,structural_dead,1.1499999999999999
bs_combination_3_uls_ha__ha_000178,bs_combination_3_uls_ha,BS 5400:Part 2 / BD 37/01,ha,permanent_component,superimposed_surfacing,permanent_components/superimposed_surfacing/superimposed_surfacing.std,203,superimposed,surfacing,1.75
bs_combination_3_uls_ha__ha_000178,bs_combination_3_uls_ha,BS 5400:Part 2 / BD 37/01,ha,permanent_component,superimposed_other_superimposed,permanent_components/superimposed_other_superimposed/superimposed_other_superimposed.std,204,superimposed,other_superimposed,1.2
bs_combination_3_uls_ha__ha_000178,bs_combination_3_uls_ha,BS 5400:Part 2 / BD 37/01,ha,traffic_case,ha_000178,traffic/ha/ha_000178/ha_000178.std,178,superimposed,,1.25
bs_combination_3_uls_ha__ha_000179,bs_combination_3_uls_ha,BS 5400:Part 2 / BD 37/01,ha,permanent_component,precast_girder_structural_dead,permanent_components/precast_girder_structural_dead/precast_girder_structural_dead.std,201,precast_girder,structural_dead,1.1499999999999999
bs_combination_3_uls_ha__ha_000179,bs_combination_3_uls_ha,BS 5400:Part 2 / BD 37/01,ha,permanent_component,deck_construction_structural_dead,permanent_components/deck_construction_structural_dead/deck_construction_structural_dead.std,202,deck_construction,structural_dead,1.1499999999999999
bs_combination_3_uls_ha__ha_000179,bs_combination_3_uls_ha,BS 5400:Part 2 / BD 37/01,ha,permanent_component,superimposed_surfacing,permanent_components/superimposed_surfacing/superimposed_surfacing.std,203,superimposed,surfacing,1.75
bs_combination_3_uls_ha__ha_000179,bs_combination_3_uls_ha,BS 5400:Part 2 / BD 37/01,ha,permanent_component,superimposed_other_superimposed,permanent_components/superimposed_other_superimposed/superimposed_other_superimposed.std,204,superimposed,other_superimposed,1.2
bs_combination_3_uls_ha__ha_000179,bs_combination_3_uls_ha,BS 5400:Part 2 / BD 37/01,ha,traffic_case,ha_000179,traffic/ha/ha_000179/ha_000179.std,179,superimposed,,1.25
bs_combination_3_uls_ha__ha_000205,bs_combination_3_uls_ha,BS 5400:Part 2 / BD 37/01,ha,permanent_component,precast_girder_structural_dead,permanent_components/precast_girder_structural_dead/precast_girder_structural_dead.std,201,precast_girder,structural_dead,1.1499999999999999
bs_combination_3_uls_ha__ha_000205,bs_combination_3_uls_ha,BS 5400:Part 2 / BD 37/01,ha,permanent_component,deck_construction_structural_dead,permanent_components/deck_construction_structural_dead/deck_construction_structural_dead.std,202,deck_construction,structural_dead,1.1499999999999999
bs_combination_3_uls_ha__ha_000205,bs_combination_3_uls_ha,BS 5400:Part 2 / BD 37/01,ha,permanent_component,superimposed_surfacing,permanent_components/superimposed_surfacing/superimposed_surfacing.std,203,superimposed,surfacing,1.75
bs_combination_3_uls_ha__ha_000205,bs_combination_3_uls_ha,BS 5400:Part 2 / BD 37/01,ha,permanent_component,superimposed_other_superimposed,permanent_components/superimposed_other_superimposed/superimposed_other_superimposed.std,204,superimposed,other_superimposed,1.2
bs_combination_3_uls_ha__ha_000205,bs_combination_3_uls_ha,BS 5400:Part 2 / BD 37/01,ha,traffic_case,ha_000205,traffic/ha/ha_000205/ha_000205.std,205,superimposed,,1.25
bs_combination_3_sls_ha__ha_000008,bs_combination_3_sls_ha,BS 5400:Part 2 / BD 37/01,ha,permanent_component,precast_girder_structural_dead,permanent_components/precast_girder_structural_dead/precast_girder_structural_dead.std,201,precast_girder,structural_dead,1
bs_combination_3_sls_ha__ha_000008,bs_combination_3_sls_ha,BS 5400:Part 2 / BD 37/01,ha,permanent_component,deck_construction_structural_dead,permanent_components/deck_construction_structural_dead/deck_construction_structural_dead.std,202,deck_construction,structural_dead,1
bs_combination_3_sls_ha__ha_000008,bs_combination_3_sls_ha,BS 5400:Part 2 / BD 37/01,ha,permanent_component,superimposed_surfacing,permanent_components/superimposed_surfacing/superimposed_surfacing.std,203,superimposed,surfacing,1.2
bs_combination_3_sls_ha__ha_000008,bs_combination_3_sls_ha,BS 5400:Part 2 / BD 37/01,ha,permanent_component,superimposed_other_superimposed,permanent_components/superimposed_other_superimposed/superimposed_other_superimposed.std,204,superimposed,other_superimposed,1
bs_combination_3_sls_ha__ha_000008,bs_combination_3_sls_ha,BS 5400:Part 2 / BD 37/01,ha,traffic_case,ha_000008,traffic/ha/ha_000008/ha_000008.std,8,superimposed,,1
bs_combination_3_sls_ha__ha_000009,bs_combination_3_sls_ha,BS 5400:Part 2 / BD 37/01,ha,permanent_component,precast_girder_structural_dead,permanent_components/precast_girder_structural_dead/precast_girder_structural_dead.std,201,precast_girder,structural_dead,1
bs_combination_3_sls_ha__ha_000009,bs_combination_3_sls_ha,BS 5400:Part 2 / BD 37/01,ha,permanent_component,deck_construction_structural_dead,permanent_components/deck_construction_structural_dead/deck_construction_structural_dead.std,202,deck_construction,structural_dead,1
bs_combination_3_sls_ha__ha_000009,bs_combination_3_sls_ha,BS 5400:Part 2 / BD 37/01,ha,permanent_component,superimposed_surfacing,permanent_components/superimposed_surfacing/superimposed_surfacing.std,203,superimposed,surfacing,1.2
bs_combination_3_sls_ha__ha_000009,bs_combination_3_sls_ha,BS 5400:Part 2 / BD 37/01,ha,permanent_component,superimposed_other_superimposed,permanent_components/superimposed_other_superimposed/superimposed_other_superimposed.std,204,superimposed,other_superimposed,1
bs_combination_3_sls_ha__ha_000009,bs_combination_3_sls_ha,BS 5400:Part 2 / BD 37/01,ha,traffic_case,ha_000009,traffic/ha/ha_000009/ha_000009.std,9,superimposed,,1
bs_combination_3_sls_ha__ha_000010,bs_combination_3_sls_ha,BS 5400:Part 2 / BD 37/01,ha,permanent_component,precast_girder_structural_dead,permanent_components/precast_girder_structural_dead/precast_girder_structural_dead.std,201,precast_girder,structural_dead,1
bs_combination_3_sls_ha__ha_000010,bs_combination_3_sls_ha,BS 5400:Part 2 / BD 37/01,ha,permanent_component,deck_construction_structural_dead,permanent_components/deck_construction_structural_dead/deck_construction_structural_dead.std,202,deck_construction,structural_dead,1
bs_combination_3_sls_ha__ha_000010,bs_combination_3_sls_ha,BS 5400:Part 2 / BD 37/01,ha,permanent_component,superimposed_surfacing,permanent_components/superimposed_surfacing/superimposed_surfacing.std,203,superimposed,surfacing,1.2
bs_combination_3_sls_ha__ha_000010,bs_combination_3_sls_ha,BS 5400:Part 2 / BD 37/01,ha,permanent_component,superimposed_other_superimposed,permanent_components/superimposed_other_superimposed/superimposed_other_superimposed.std,204,superimposed,other_superimposed,1
bs_combination_3_sls_ha__ha_000010,bs_combination_3_sls_ha,BS 5400:Part 2 / BD 37/01,ha,traffic_case,ha_000010,traffic/ha/ha_000010/ha_000010.std,10,superimposed,,1
bs_combination_3_sls_ha__ha_000025,bs_combination_3_sls_ha,BS 5400:Part 2 / BD 37/01,ha,permanent_component,precast_girder_structural_dead,permanent_components/precast_girder_structural_dead/precast_girder_structural_dead.std,201,precast_girder,structural_dead,1
bs_combination_3_sls_ha__ha_000025,bs_combination_3_sls_ha,BS 5400:Part 2 / BD 37/01,ha,permanent_component,deck_construction_structural_dead,permanent_components/deck_construction_structural_dead/deck_construction_structural_dead.std,202,deck_construction,structural_dead,1
bs_combination_3_sls_ha__ha_000025,bs_combination_3_sls_ha,BS 5400:Part 2 / BD 37/01,ha,permanent_component,superimposed_surfacing,permanent_components/superimposed_surfacing/superimposed_surfacing.std,203,superimposed,surfacing,1.2
bs_combination_3_sls_ha__ha_000025,bs_combination_3_sls_ha,BS 5400:Part 2 / BD 37/01,ha,permanent_component,superimposed_other_superimposed,permanent_components/superimposed_other_superimposed/superimposed_other_superimposed.std,204,superimposed,other_superimposed,1
bs_combination_3_sls_ha__ha_000025,bs_combination_3_sls_ha,BS 5400:Part 2 / BD 37/01,ha,traffic_case,ha_000025,traffic/ha/ha_000025/ha_000025.std,25,superimposed,,1
bs_combination_3_sls_ha__ha_000026,bs_combination_3_sls_ha,BS 5400:Part 2 / BD 37/01,ha,permanent_component,precast_girder_structural_dead,permanent_components/precast_girder_structural_dead/precast_girder_structural_dead.std,201,precast_girder,structural_dead,1
bs_combination_3_sls_ha__ha_000026,bs_combination_3_sls_ha,BS 5400:Part 2 / BD 37/01,ha,permanent_component,deck_construction_structural_dead,permanent_components/deck_construction_structural_dead/deck_construction_structural_dead.std,202,deck_construction,structural_dead,1
bs_combination_3_sls_ha__ha_000026,bs_combination_3_sls_ha,BS 5400:Part 2 / BD 37/01,ha,permanent_component,superimposed_surfacing,permanent_components/superimposed_surfacing/superimposed_surfacing.std,203,superimposed,surfacing,1.2
bs_combination_3_sls_ha__ha_000026,bs_combination_3_sls_ha,BS 5400:Part 2 / BD 37/01,ha,permanent_component,superimposed_other_superimposed,permanent_components/superimposed_other_superimposed/superimposed_other_superimposed.std,204,superimposed,other_superimposed,1
bs_combination_3_sls_ha__ha_000026,bs_combination_3_sls_ha,BS 5400:Part 2 / BD 37/01,ha,traffic_case,ha_000026,traffic/ha/ha_000026/ha_000026.std,26,superimposed,,1
bs_combination_3_sls_ha__ha_000027,bs_combination_3_sls_ha,BS 5400:Part 2 / BD 37/01,ha,permanent_component,precast_girder_structural_dead,permanent_components/precast_girder_structural_dead/precast_girder_structural_dead.std,201,precast_girder,structural_dead,1
bs_combination_3_sls_ha__ha_000027,bs_combination_3_sls_ha,BS 5400:Part 2 / BD 37/01,ha,permanent_component,deck_construction_structural_dead,permanent_components/deck_construction_structural_dead/deck_construction_structural_dead.std,202,deck_construction,structural_dead,1
bs_combination_3_sls_ha__ha_000027,bs_combination_3_sls_ha,BS 5400:Part 2 / BD 37/01,ha,permanent_component,superimposed_surfacing,permanent_components/superimposed_surfacing/superimposed_surfacing.std,203,superimposed,surfacing,1.2
bs_combination_3_sls_ha__ha_000027,bs_combination_3_sls_ha,BS 5400:Part 2 / BD 37/01,ha,permanent_component,superimposed_other_superimposed,permanent_components/superimposed_other_superimposed/superimposed_other_superimposed.std,204,superimposed,other_superimposed,1
bs_combination_3_sls_ha__ha_000027,bs_combination_3_sls_ha,BS 5400:Part 2 / BD 37/01,ha,traffic_case,ha_000027,traffic/ha/ha_000027/ha_000027.std,27,superimposed,,1
bs_combination_3_sls_ha__ha_000035,bs_combination_3_sls_ha,BS 5400:Part 2 / BD 37/01,ha,permanent_component,precast_girder_structural_dead,permanent_components/precast_girder_structural_dead/precast_girder_structural_dead.std,201,precast_girder,structural_dead,1
bs_combination_3_sls_ha__ha_000035,bs_combination_3_sls_ha,BS 5400:Part 2 / BD 37/01,ha,permanent_component,deck_construction_structural_dead,permanent_components/deck_construction_structural_dead/deck_construction_structural_dead.std,202,deck_construction,structural_dead,1
bs_combination_3_sls_ha__ha_000035,bs_combination_3_sls_ha,BS 5400:Part 2 / BD 37/01,ha,permanent_component,superimposed_surfacing,permanent_components/superimposed_surfacing/superimposed_surfacing.std,203,superimposed,surfacing,1.2
bs_combination_3_sls_ha__ha_000035,bs_combination_3_sls_ha,BS 5400:Part 2 / BD 37/01,ha,permanent_component,superimposed_other_superimposed,permanent_components/superimposed_other_superimposed/superimposed_other_superimposed.std,204,superimposed,other_superimposed,1
bs_combination_3_sls_ha__ha_000035,bs_combination_3_sls_ha,BS 5400:Part 2 / BD 37/01,ha,traffic_case,ha_000035,traffic/ha/ha_000035/ha_000035.std,35,superimposed,,1
bs_combination_3_sls_ha__ha_000041,bs_combination_3_sls_ha,BS 5400:Part 2 / BD 37/01,ha,permanent_component,precast_girder_structural_dead,permanent_components/precast_girder_structural_dead/precast_girder_structural_dead.std,201,precast_girder,structural_dead,1
bs_combination_3_sls_ha__ha_000041,bs_combination_3_sls_ha,BS 5400:Part 2 / BD 37/01,ha,permanent_component,deck_construction_structural_dead,permanent_components/deck_construction_structural_dead/deck_construction_structural_dead.std,202,deck_construction,structural_dead,1
bs_combination_3_sls_ha__ha_000041,bs_combination_3_sls_ha,BS 5400:Part 2 / BD 37/01,ha,permanent_component,superimposed_surfacing,permanent_components/superimposed_surfacing/superimposed_surfacing.std,203,superimposed,surfacing,1.2
bs_combination_3_sls_ha__ha_000041,bs_combination_3_sls_ha,BS 5400:Part 2 / BD 37/01,ha,permanent_component,superimposed_other_superimposed,permanent_components/superimposed_other_superimposed/superimposed_other_superimposed.std,204,superimposed,other_superimposed,1
bs_combination_3_sls_ha__ha_000041,bs_combination_3_sls_ha,BS 5400:Part 2 / BD 37/01,ha,traffic_case,ha_000041,traffic/ha/ha_000041/ha_000041.std,41,superimposed,,1
bs_combination_3_sls_ha__ha_000045,bs_combination_3_sls_ha,BS 5400:Part 2 / BD 37/01,ha,permanent_component,precast_girder_structural_dead,permanent_components/precast_girder_structural_dead/precast_girder_structural_dead.std,201,precast_girder,structural_dead,1
bs_combination_3_sls_ha__ha_000045,bs_combination_3_sls_ha,BS 5400:Part 2 / BD 37/01,ha,permanent_component,deck_construction_structural_dead,permanent_components/deck_construction_structural_dead/deck_construction_structural_dead.std,202,deck_construction,structural_dead,1
bs_combination_3_sls_ha__ha_000045,bs_combination_3_sls_ha,BS 5400:Part 2 / BD 37/01,ha,permanent_component,superimposed_surfacing,permanent_components/superimposed_surfacing/superimposed_surfacing.std,203,superimposed,surfacing,1.2
bs_combination_3_sls_ha__ha_000045,bs_combination_3_sls_ha,BS 5400:Part 2 / BD 37/01,ha,permanent_component,superimposed_other_superimposed,permanent_components/superimposed_other_superimposed/superimposed_other_superimposed.std,204,superimposed,other_superimposed,1
bs_combination_3_sls_ha__ha_000045,bs_combination_3_sls_ha,BS 5400:Part 2 / BD 37/01,ha,traffic_case,ha_000045,traffic/ha/ha_000045/ha_000045.std,45,superimposed,,1
bs_combination_3_sls_ha__ha_000137,bs_combination_3_sls_ha,BS 5400:Part 2 / BD 37/01,ha,permanent_component,precast_girder_structural_dead,permanent_components/precast_girder_structural_dead/precast_girder_structural_dead.std,201,precast_girder,structural_dead,1
bs_combination_3_sls_ha__ha_000137,bs_combination_3_sls_ha,BS 5400:Part 2 / BD 37/01,ha,permanent_component,deck_construction_structural_dead,permanent_components/deck_construction_structural_dead/deck_construction_structural_dead.std,202,deck_construction,structural_dead,1
bs_combination_3_sls_ha__ha_000137,bs_combination_3_sls_ha,BS 5400:Part 2 / BD 37/01,ha,permanent_component,superimposed_surfacing,permanent_components/superimposed_surfacing/superimposed_surfacing.std,203,superimposed,surfacing,1.2
bs_combination_3_sls_ha__ha_000137,bs_combination_3_sls_ha,BS 5400:Part 2 / BD 37/01,ha,permanent_component,superimposed_other_superimposed,permanent_components/superimposed_other_superimposed/superimposed_other_superimposed.std,204,superimposed,other_superimposed,1
bs_combination_3_sls_ha__ha_000137,bs_combination_3_sls_ha,BS 5400:Part 2 / BD 37/01,ha,traffic_case,ha_000137,traffic/ha/ha_000137/ha_000137.std,137,superimposed,,1
bs_combination_3_sls_ha__ha_000162,bs_combination_3_sls_ha,BS 5400:Part 2 / BD 37/01,ha,permanent_component,precast_girder_structural_dead,permanent_components/precast_girder_structural_dead/precast_girder_structural_dead.std,201,precast_girder,structural_dead,1
bs_combination_3_sls_ha__ha_000162,bs_combination_3_sls_ha,BS 5400:Part 2 / BD 37/01,ha,permanent_component,deck_construction_structural_dead,permanent_components/deck_construction_structural_dead/deck_construction_structural_dead.std,202,deck_construction,structural_dead,1
bs_combination_3_sls_ha__ha_000162,bs_combination_3_sls_ha,BS 5400:Part 2 / BD 37/01,ha,permanent_component,superimposed_surfacing,permanent_components/superimposed_surfacing/superimposed_surfacing.std,203,superimposed,surfacing,1.2
bs_combination_3_sls_ha__ha_000162,bs_combination_3_sls_ha,BS 5400:Part 2 / BD 37/01,ha,permanent_component,superimposed_other_superimposed,permanent_components/superimposed_other_superimposed/superimposed_other_superimposed.std,204,superimposed,other_superimposed,1
bs_combination_3_sls_ha__ha_000162,bs_combination_3_sls_ha,BS 5400:Part 2 / BD 37/01,ha,traffic_case,ha_000162,traffic/ha/ha_000162/ha_000162.std,162,superimposed,,1
bs_combination_3_sls_ha__ha_000178,bs_combination_3_sls_ha,BS 5400:Part 2 / BD 37/01,ha,permanent_component,precast_girder_structural_dead,permanent_components/precast_girder_structural_dead/precast_girder_structural_dead.std,201,precast_girder,structural_dead,1
bs_combination_3_sls_ha__ha_000178,bs_combination_3_sls_ha,BS 5400:Part 2 / BD 37/01,ha,permanent_component,deck_construction_structural_dead,permanent_components/deck_construction_structural_dead/deck_construction_structural_dead.std,202,deck_construction,structural_dead,1
bs_combination_3_sls_ha__ha_000178,bs_combination_3_sls_ha,BS 5400:Part 2 / BD 37/01,ha,permanent_component,superimposed_surfacing,permanent_components/superimposed_surfacing/superimposed_surfacing.std,203,superimposed,surfacing,1.2
bs_combination_3_sls_ha__ha_000178,bs_combination_3_sls_ha,BS 5400:Part 2 / BD 37/01,ha,permanent_component,superimposed_other_superimposed,permanent_components/superimposed_other_superimposed/superimposed_other_superimposed.std,204,superimposed,other_superimposed,1
bs_combination_3_sls_ha__ha_000178,bs_combination_3_sls_ha,BS 5400:Part 2 / BD 37/01,ha,traffic_case,ha_000178,traffic/ha/ha_000178/ha_000178.std,178,superimposed,,1
bs_combination_3_sls_ha__ha_000179,bs_combination_3_sls_ha,BS 5400:Part 2 / BD 37/01,ha,permanent_component,precast_girder_structural_dead,permanent_components/precast_girder_structural_dead/precast_girder_structural_dead.std,201,precast_girder,structural_dead,1
bs_combination_3_sls_ha__ha_000179,bs_combination_3_sls_ha,BS 5400:Part 2 / BD 37/01,ha,permanent_component,deck_construction_structural_dead,permanent_components/deck_construction_structural_dead/deck_construction_structural_dead.std,202,deck_construction,structural_dead,1
bs_combination_3_sls_ha__ha_000179,bs_combination_3_sls_ha,BS 5400:Part 2 / BD 37/01,ha,permanent_component,superimposed_surfacing,permanent_components/superimposed_surfacing/superimposed_surfacing.std,203,superimposed,surfacing,1.2
bs_combination_3_sls_ha__ha_000179,bs_combination_3_sls_ha,BS 5400:Part 2 / BD 37/01,ha,permanent_component,superimposed_other_superimposed,permanent_components/superimposed_other_superimposed/superimposed_other_superimposed.std,204,superimposed,other_superimposed,1
bs_combination_3_sls_ha__ha_000179,bs_combination_3_sls_ha,BS 5400:Part 2 / BD 37/01,ha,traffic_case,ha_000179,traffic/ha/ha_000179/ha_000179.std,179,superimposed,,1
bs_combination_3_sls_ha__ha_000205,bs_combination_3_sls_ha,BS 5400:Part 2 / BD 37/01,ha,permanent_component,precast_girder_structural_dead,permanent_components/precast_girder_structural_dead/precast_girder_structural_dead.std,201,precast_girder,structural_dead,1
bs_combination_3_sls_ha__ha_000205,bs_combination_3_sls_ha,BS 5400:Part 2 / BD 37/01,ha,permanent_component,deck_construction_structural_dead,permanent_components/deck_construction_structural_dead/deck_construction_structural_dead.std,202,deck_construction,structural_dead,1
bs_combination_3_sls_ha__ha_000205,bs_combination_3_sls_ha,BS 5400:Part 2 / BD 37/01,ha,permanent_component,superimposed_surfacing,permanent_components/superimposed_surfacing/superimposed_surfacing.std,203,superimposed,surfacing,1.2
bs_combination_3_sls_ha__ha_000205,bs_combination_3_sls_ha,BS 5400:Part 2 / BD 37/01,ha,permanent_component,superimposed_other_superimposed,permanent_components/superimposed_other_superimposed/superimposed_other_superimposed.std,204,superimposed,other_superimposed,1
bs_combination_3_sls_ha__ha_000205,bs_combination_3_sls_ha,BS 5400:Part 2 / BD 37/01,ha,traffic_case,ha_000205,traffic/ha/ha_000205/ha_000205.std,205,superimposed,,1
bs_combination_1_uls_hb__hb_000118,bs_combination_1_uls_hb,BS 5400:Part 2 / BD 37/01,hb,permanent_component,precast_girder_structural_dead,permanent_components/precast_girder_structural_dead/precast_girder_structural_dead.std,201,precast_girder,structural_dead,1.1499999999999999
bs_combination_1_uls_hb__hb_000118,bs_combination_1_uls_hb,BS 5400:Part 2 / BD 37/01,hb,permanent_component,deck_construction_structural_dead,permanent_components/deck_construction_structural_dead/deck_construction_structural_dead.std,202,deck_construction,structural_dead,1.1499999999999999
bs_combination_1_uls_hb__hb_000118,bs_combination_1_uls_hb,BS 5400:Part 2 / BD 37/01,hb,permanent_component,superimposed_surfacing,permanent_components/superimposed_surfacing/superimposed_surfacing.std,203,superimposed,surfacing,1.75
bs_combination_1_uls_hb__hb_000118,bs_combination_1_uls_hb,BS 5400:Part 2 / BD 37/01,hb,permanent_component,superimposed_other_superimposed,permanent_components/superimposed_other_superimposed/superimposed_other_superimposed.std,204,superimposed,other_superimposed,1.2
bs_combination_1_uls_hb__hb_000118,bs_combination_1_uls_hb,BS 5400:Part 2 / BD 37/01,hb,traffic_case,hb_000118,traffic/hb/hb_000118/hb_000118.std,118,superimposed,,1.3
bs_combination_1_uls_hb__hb_000122,bs_combination_1_uls_hb,BS 5400:Part 2 / BD 37/01,hb,permanent_component,precast_girder_structural_dead,permanent_components/precast_girder_structural_dead/precast_girder_structural_dead.std,201,precast_girder,structural_dead,1.1499999999999999
bs_combination_1_uls_hb__hb_000122,bs_combination_1_uls_hb,BS 5400:Part 2 / BD 37/01,hb,permanent_component,deck_construction_structural_dead,permanent_components/deck_construction_structural_dead/deck_construction_structural_dead.std,202,deck_construction,structural_dead,1.1499999999999999
bs_combination_1_uls_hb__hb_000122,bs_combination_1_uls_hb,BS 5400:Part 2 / BD 37/01,hb,permanent_component,superimposed_surfacing,permanent_components/superimposed_surfacing/superimposed_surfacing.std,203,superimposed,surfacing,1.75
bs_combination_1_uls_hb__hb_000122,bs_combination_1_uls_hb,BS 5400:Part 2 / BD 37/01,hb,permanent_component,superimposed_other_superimposed,permanent_components/superimposed_other_superimposed/superimposed_other_superimposed.std,204,superimposed,other_superimposed,1.2
bs_combination_1_uls_hb__hb_000122,bs_combination_1_uls_hb,BS 5400:Part 2 / BD 37/01,hb,traffic_case,hb_000122,traffic/hb/hb_000122/hb_000122.std,122,superimposed,,1.3
bs_combination_1_uls_hb__hb_000126,bs_combination_1_uls_hb,BS 5400:Part 2 / BD 37/01,hb,permanent_component,precast_girder_structural_dead,permanent_components/precast_girder_structural_dead/precast_girder_structural_dead.std,201,precast_girder,structural_dead,1.1499999999999999
bs_combination_1_uls_hb__hb_000126,bs_combination_1_uls_hb,BS 5400:Part 2 / BD 37/01,hb,permanent_component,deck_construction_structural_dead,permanent_components/deck_construction_structural_dead/deck_construction_structural_dead.std,202,deck_construction,structural_dead,1.1499999999999999
bs_combination_1_uls_hb__hb_000126,bs_combination_1_uls_hb,BS 5400:Part 2 / BD 37/01,hb,permanent_component,superimposed_surfacing,permanent_components/superimposed_surfacing/superimposed_surfacing.std,203,superimposed,surfacing,1.75
bs_combination_1_uls_hb__hb_000126,bs_combination_1_uls_hb,BS 5400:Part 2 / BD 37/01,hb,permanent_component,superimposed_other_superimposed,permanent_components/superimposed_other_superimposed/superimposed_other_superimposed.std,204,superimposed,other_superimposed,1.2
bs_combination_1_uls_hb__hb_000126,bs_combination_1_uls_hb,BS 5400:Part 2 / BD 37/01,hb,traffic_case,hb_000126,traffic/hb/hb_000126/hb_000126.std,126,superimposed,,1.3
bs_combination_1_uls_hb__hb_000127,bs_combination_1_uls_hb,BS 5400:Part 2 / BD 37/01,hb,permanent_component,precast_girder_structural_dead,permanent_components/precast_girder_structural_dead/precast_girder_structural_dead.std,201,precast_girder,structural_dead,1.1499999999999999
bs_combination_1_uls_hb__hb_000127,bs_combination_1_uls_hb,BS 5400:Part 2 / BD 37/01,hb,permanent_component,deck_construction_structural_dead,permanent_components/deck_construction_structural_dead/deck_construction_structural_dead.std,202,deck_construction,structural_dead,1.1499999999999999
bs_combination_1_uls_hb__hb_000127,bs_combination_1_uls_hb,BS 5400:Part 2 / BD 37/01,hb,permanent_component,superimposed_surfacing,permanent_components/superimposed_surfacing/superimposed_surfacing.std,203,superimposed,surfacing,1.75
bs_combination_1_uls_hb__hb_000127,bs_combination_1_uls_hb,BS 5400:Part 2 / BD 37/01,hb,permanent_component,superimposed_other_superimposed,permanent_components/superimposed_other_superimposed/superimposed_other_superimposed.std,204,superimposed,other_superimposed,1.2
bs_combination_1_uls_hb__hb_000127,bs_combination_1_uls_hb,BS 5400:Part 2 / BD 37/01,hb,traffic_case,hb_000127,traffic/hb/hb_000127/hb_000127.std,127,superimposed,,1.3
bs_combination_1_uls_hb__hb_000131,bs_combination_1_uls_hb,BS 5400:Part 2 / BD 37/01,hb,permanent_component,precast_girder_structural_dead,permanent_components/precast_girder_structural_dead/precast_girder_structural_dead.std,201,precast_girder,structural_dead,1.1499999999999999
bs_combination_1_uls_hb__hb_000131,bs_combination_1_uls_hb,BS 5400:Part 2 / BD 37/01,hb,permanent_component,deck_construction_structural_dead,permanent_components/deck_construction_structural_dead/deck_construction_structural_dead.std,202,deck_construction,structural_dead,1.1499999999999999
bs_combination_1_uls_hb__hb_000131,bs_combination_1_uls_hb,BS 5400:Part 2 / BD 37/01,hb,permanent_component,superimposed_surfacing,permanent_components/superimposed_surfacing/superimposed_surfacing.std,203,superimposed,surfacing,1.75
bs_combination_1_uls_hb__hb_000131,bs_combination_1_uls_hb,BS 5400:Part 2 / BD 37/01,hb,permanent_component,superimposed_other_superimposed,permanent_components/superimposed_other_superimposed/superimposed_other_superimposed.std,204,superimposed,other_superimposed,1.2
bs_combination_1_uls_hb__hb_000131,bs_combination_1_uls_hb,BS 5400:Part 2 / BD 37/01,hb,traffic_case,hb_000131,traffic/hb/hb_000131/hb_000131.std,131,superimposed,,1.3
bs_combination_1_uls_hb__hb_000135,bs_combination_1_uls_hb,BS 5400:Part 2 / BD 37/01,hb,permanent_component,precast_girder_structural_dead,permanent_components/precast_girder_structural_dead/precast_girder_structural_dead.std,201,precast_girder,structural_dead,1.1499999999999999
bs_combination_1_uls_hb__hb_000135,bs_combination_1_uls_hb,BS 5400:Part 2 / BD 37/01,hb,permanent_component,deck_construction_structural_dead,permanent_components/deck_construction_structural_dead/deck_construction_structural_dead.std,202,deck_construction,structural_dead,1.1499999999999999
bs_combination_1_uls_hb__hb_000135,bs_combination_1_uls_hb,BS 5400:Part 2 / BD 37/01,hb,permanent_component,superimposed_surfacing,permanent_components/superimposed_surfacing/superimposed_surfacing.std,203,superimposed,surfacing,1.75
bs_combination_1_uls_hb__hb_000135,bs_combination_1_uls_hb,BS 5400:Part 2 / BD 37/01,hb,permanent_component,superimposed_other_superimposed,permanent_components/superimposed_other_superimposed/superimposed_other_superimposed.std,204,superimposed,other_superimposed,1.2
bs_combination_1_uls_hb__hb_000135,bs_combination_1_uls_hb,BS 5400:Part 2 / BD 37/01,hb,traffic_case,hb_000135,traffic/hb/hb_000135/hb_000135.std,135,superimposed,,1.3
bs_combination_1_uls_hb__hb_000136,bs_combination_1_uls_hb,BS 5400:Part 2 / BD 37/01,hb,permanent_component,precast_girder_structural_dead,permanent_components/precast_girder_structural_dead/precast_girder_structural_dead.std,201,precast_girder,structural_dead,1.1499999999999999
bs_combination_1_uls_hb__hb_000136,bs_combination_1_uls_hb,BS 5400:Part 2 / BD 37/01,hb,permanent_component,deck_construction_structural_dead,permanent_components/deck_construction_structural_dead/deck_construction_structural_dead.std,202,deck_construction,structural_dead,1.1499999999999999
bs_combination_1_uls_hb__hb_000136,bs_combination_1_uls_hb,BS 5400:Part 2 / BD 37/01,hb,permanent_component,superimposed_surfacing,permanent_components/superimposed_surfacing/superimposed_surfacing.std,203,superimposed,surfacing,1.75
bs_combination_1_uls_hb__hb_000136,bs_combination_1_uls_hb,BS 5400:Part 2 / BD 37/01,hb,permanent_component,superimposed_other_superimposed,permanent_components/superimposed_other_superimposed/superimposed_other_superimposed.std,204,superimposed,other_superimposed,1.2
bs_combination_1_uls_hb__hb_000136,bs_combination_1_uls_hb,BS 5400:Part 2 / BD 37/01,hb,traffic_case,hb_000136,traffic/hb/hb_000136/hb_000136.std,136,superimposed,,1.3
bs_combination_1_uls_hb__hb_000137,bs_combination_1_uls_hb,BS 5400:Part 2 / BD 37/01,hb,permanent_component,precast_girder_structural_dead,permanent_components/precast_girder_structural_dead/precast_girder_structural_dead.std,201,precast_girder,structural_dead,1.1499999999999999
bs_combination_1_uls_hb__hb_000137,bs_combination_1_uls_hb,BS 5400:Part 2 / BD 37/01,hb,permanent_component,deck_construction_structural_dead,permanent_components/deck_construction_structural_dead/deck_construction_structural_dead.std,202,deck_construction,structural_dead,1.1499999999999999
bs_combination_1_uls_hb__hb_000137,bs_combination_1_uls_hb,BS 5400:Part 2 / BD 37/01,hb,permanent_component,superimposed_surfacing,permanent_components/superimposed_surfacing/superimposed_surfacing.std,203,superimposed,surfacing,1.75
bs_combination_1_uls_hb__hb_000137,bs_combination_1_uls_hb,BS 5400:Part 2 / BD 37/01,hb,permanent_component,superimposed_other_superimposed,permanent_components/superimposed_other_superimposed/superimposed_other_superimposed.std,204,superimposed,other_superimposed,1.2
bs_combination_1_uls_hb__hb_000137,bs_combination_1_uls_hb,BS 5400:Part 2 / BD 37/01,hb,traffic_case,hb_000137,traffic/hb/hb_000137/hb_000137.std,137,superimposed,,1.3
bs_combination_1_uls_hb__hb_000139,bs_combination_1_uls_hb,BS 5400:Part 2 / BD 37/01,hb,permanent_component,precast_girder_structural_dead,permanent_components/precast_girder_structural_dead/precast_girder_structural_dead.std,201,precast_girder,structural_dead,1.1499999999999999
bs_combination_1_uls_hb__hb_000139,bs_combination_1_uls_hb,BS 5400:Part 2 / BD 37/01,hb,permanent_component,deck_construction_structural_dead,permanent_components/deck_construction_structural_dead/deck_construction_structural_dead.std,202,deck_construction,structural_dead,1.1499999999999999
bs_combination_1_uls_hb__hb_000139,bs_combination_1_uls_hb,BS 5400:Part 2 / BD 37/01,hb,permanent_component,superimposed_surfacing,permanent_components/superimposed_surfacing/superimposed_surfacing.std,203,superimposed,surfacing,1.75
bs_combination_1_uls_hb__hb_000139,bs_combination_1_uls_hb,BS 5400:Part 2 / BD 37/01,hb,permanent_component,superimposed_other_superimposed,permanent_components/superimposed_other_superimposed/superimposed_other_superimposed.std,204,superimposed,other_superimposed,1.2
bs_combination_1_uls_hb__hb_000139,bs_combination_1_uls_hb,BS 5400:Part 2 / BD 37/01,hb,traffic_case,hb_000139,traffic/hb/hb_000139/hb_000139.std,139,superimposed,,1.3
bs_combination_1_uls_hb__hb_000140,bs_combination_1_uls_hb,BS 5400:Part 2 / BD 37/01,hb,permanent_component,precast_girder_structural_dead,permanent_components/precast_girder_structural_dead/precast_girder_structural_dead.std,201,precast_girder,structural_dead,1.1499999999999999
bs_combination_1_uls_hb__hb_000140,bs_combination_1_uls_hb,BS 5400:Part 2 / BD 37/01,hb,permanent_component,deck_construction_structural_dead,permanent_components/deck_construction_structural_dead/deck_construction_structural_dead.std,202,deck_construction,structural_dead,1.1499999999999999
bs_combination_1_uls_hb__hb_000140,bs_combination_1_uls_hb,BS 5400:Part 2 / BD 37/01,hb,permanent_component,superimposed_surfacing,permanent_components/superimposed_surfacing/superimposed_surfacing.std,203,superimposed,surfacing,1.75
bs_combination_1_uls_hb__hb_000140,bs_combination_1_uls_hb,BS 5400:Part 2 / BD 37/01,hb,permanent_component,superimposed_other_superimposed,permanent_components/superimposed_other_superimposed/superimposed_other_superimposed.std,204,superimposed,other_superimposed,1.2
bs_combination_1_uls_hb__hb_000140,bs_combination_1_uls_hb,BS 5400:Part 2 / BD 37/01,hb,traffic_case,hb_000140,traffic/hb/hb_000140/hb_000140.std,140,superimposed,,1.3
bs_combination_1_uls_hb__hb_000141,bs_combination_1_uls_hb,BS 5400:Part 2 / BD 37/01,hb,permanent_component,precast_girder_structural_dead,permanent_components/precast_girder_structural_dead/precast_girder_structural_dead.std,201,precast_girder,structural_dead,1.1499999999999999
bs_combination_1_uls_hb__hb_000141,bs_combination_1_uls_hb,BS 5400:Part 2 / BD 37/01,hb,permanent_component,deck_construction_structural_dead,permanent_components/deck_construction_structural_dead/deck_construction_structural_dead.std,202,deck_construction,structural_dead,1.1499999999999999
bs_combination_1_uls_hb__hb_000141,bs_combination_1_uls_hb,BS 5400:Part 2 / BD 37/01,hb,permanent_component,superimposed_surfacing,permanent_components/superimposed_surfacing/superimposed_surfacing.std,203,superimposed,surfacing,1.75
bs_combination_1_uls_hb__hb_000141,bs_combination_1_uls_hb,BS 5400:Part 2 / BD 37/01,hb,permanent_component,superimposed_other_superimposed,permanent_components/superimposed_other_superimposed/superimposed_other_superimposed.std,204,superimposed,other_superimposed,1.2
bs_combination_1_uls_hb__hb_000141,bs_combination_1_uls_hb,BS 5400:Part 2 / BD 37/01,hb,traffic_case,hb_000141,traffic/hb/hb_000141/hb_000141.std,141,superimposed,,1.3
bs_combination_1_uls_hb__hb_000143,bs_combination_1_uls_hb,BS 5400:Part 2 / BD 37/01,hb,permanent_component,precast_girder_structural_dead,permanent_components/precast_girder_structural_dead/precast_girder_structural_dead.std,201,precast_girder,structural_dead,1.1499999999999999
bs_combination_1_uls_hb__hb_000143,bs_combination_1_uls_hb,BS 5400:Part 2 / BD 37/01,hb,permanent_component,deck_construction_structural_dead,permanent_components/deck_construction_structural_dead/deck_construction_structural_dead.std,202,deck_construction,structural_dead,1.1499999999999999
bs_combination_1_uls_hb__hb_000143,bs_combination_1_uls_hb,BS 5400:Part 2 / BD 37/01,hb,permanent_component,superimposed_surfacing,permanent_components/superimposed_surfacing/superimposed_surfacing.std,203,superimposed,surfacing,1.75
bs_combination_1_uls_hb__hb_000143,bs_combination_1_uls_hb,BS 5400:Part 2 / BD 37/01,hb,permanent_component,superimposed_other_superimposed,permanent_components/superimposed_other_superimposed/superimposed_other_superimposed.std,204,superimposed,other_superimposed,1.2
bs_combination_1_uls_hb__hb_000143,bs_combination_1_uls_hb,BS 5400:Part 2 / BD 37/01,hb,traffic_case,hb_000143,traffic/hb/hb_000143/hb_000143.std,143,superimposed,,1.3
bs_combination_1_uls_hb__hb_000144,bs_combination_1_uls_hb,BS 5400:Part 2 / BD 37/01,hb,permanent_component,precast_girder_structural_dead,permanent_components/precast_girder_structural_dead/precast_girder_structural_dead.std,201,precast_girder,structural_dead,1.1499999999999999
bs_combination_1_uls_hb__hb_000144,bs_combination_1_uls_hb,BS 5400:Part 2 / BD 37/01,hb,permanent_component,deck_construction_structural_dead,permanent_components/deck_construction_structural_dead/deck_construction_structural_dead.std,202,deck_construction,structural_dead,1.1499999999999999
bs_combination_1_uls_hb__hb_000144,bs_combination_1_uls_hb,BS 5400:Part 2 / BD 37/01,hb,permanent_component,superimposed_surfacing,permanent_components/superimposed_surfacing/superimposed_surfacing.std,203,superimposed,surfacing,1.75
bs_combination_1_uls_hb__hb_000144,bs_combination_1_uls_hb,BS 5400:Part 2 / BD 37/01,hb,permanent_component,superimposed_other_superimposed,permanent_components/superimposed_other_superimposed/superimposed_other_superimposed.std,204,superimposed,other_superimposed,1.2
bs_combination_1_uls_hb__hb_000144,bs_combination_1_uls_hb,BS 5400:Part 2 / BD 37/01,hb,traffic_case,hb_000144,traffic/hb/hb_000144/hb_000144.std,144,superimposed,,1.3
bs_combination_1_sls_hb__hb_000118,bs_combination_1_sls_hb,BS 5400:Part 2 / BD 37/01,hb,permanent_component,precast_girder_structural_dead,permanent_components/precast_girder_structural_dead/precast_girder_structural_dead.std,201,precast_girder,structural_dead,1
bs_combination_1_sls_hb__hb_000118,bs_combination_1_sls_hb,BS 5400:Part 2 / BD 37/01,hb,permanent_component,deck_construction_structural_dead,permanent_components/deck_construction_structural_dead/deck_construction_structural_dead.std,202,deck_construction,structural_dead,1
bs_combination_1_sls_hb__hb_000118,bs_combination_1_sls_hb,BS 5400:Part 2 / BD 37/01,hb,permanent_component,superimposed_surfacing,permanent_components/superimposed_surfacing/superimposed_surfacing.std,203,superimposed,surfacing,1.2
bs_combination_1_sls_hb__hb_000118,bs_combination_1_sls_hb,BS 5400:Part 2 / BD 37/01,hb,permanent_component,superimposed_other_superimposed,permanent_components/superimposed_other_superimposed/superimposed_other_superimposed.std,204,superimposed,other_superimposed,1
bs_combination_1_sls_hb__hb_000118,bs_combination_1_sls_hb,BS 5400:Part 2 / BD 37/01,hb,traffic_case,hb_000118,traffic/hb/hb_000118/hb_000118.std,118,superimposed,,1.1000000000000001
bs_combination_1_sls_hb__hb_000122,bs_combination_1_sls_hb,BS 5400:Part 2 / BD 37/01,hb,permanent_component,precast_girder_structural_dead,permanent_components/precast_girder_structural_dead/precast_girder_structural_dead.std,201,precast_girder,structural_dead,1
bs_combination_1_sls_hb__hb_000122,bs_combination_1_sls_hb,BS 5400:Part 2 / BD 37/01,hb,permanent_component,deck_construction_structural_dead,permanent_components/deck_construction_structural_dead/deck_construction_structural_dead.std,202,deck_construction,structural_dead,1
bs_combination_1_sls_hb__hb_000122,bs_combination_1_sls_hb,BS 5400:Part 2 / BD 37/01,hb,permanent_component,superimposed_surfacing,permanent_components/superimposed_surfacing/superimposed_surfacing.std,203,superimposed,surfacing,1.2
bs_combination_1_sls_hb__hb_000122,bs_combination_1_sls_hb,BS 5400:Part 2 / BD 37/01,hb,permanent_component,superimposed_other_superimposed,permanent_components/superimposed_other_superimposed/superimposed_other_superimposed.std,204,superimposed,other_superimposed,1
bs_combination_1_sls_hb__hb_000122,bs_combination_1_sls_hb,BS 5400:Part 2 / BD 37/01,hb,traffic_case,hb_000122,traffic/hb/hb_000122/hb_000122.std,122,superimposed,,1.1000000000000001
bs_combination_1_sls_hb__hb_000126,bs_combination_1_sls_hb,BS 5400:Part 2 / BD 37/01,hb,permanent_component,precast_girder_structural_dead,permanent_components/precast_girder_structural_dead/precast_girder_structural_dead.std,201,precast_girder,structural_dead,1
bs_combination_1_sls_hb__hb_000126,bs_combination_1_sls_hb,BS 5400:Part 2 / BD 37/01,hb,permanent_component,deck_construction_structural_dead,permanent_components/deck_construction_structural_dead/deck_construction_structural_dead.std,202,deck_construction,structural_dead,1
bs_combination_1_sls_hb__hb_000126,bs_combination_1_sls_hb,BS 5400:Part 2 / BD 37/01,hb,permanent_component,superimposed_surfacing,permanent_components/superimposed_surfacing/superimposed_surfacing.std,203,superimposed,surfacing,1.2
bs_combination_1_sls_hb__hb_000126,bs_combination_1_sls_hb,BS 5400:Part 2 / BD 37/01,hb,permanent_component,superimposed_other_superimposed,permanent_components/superimposed_other_superimposed/superimposed_other_superimposed.std,204,superimposed,other_superimposed,1
bs_combination_1_sls_hb__hb_000126,bs_combination_1_sls_hb,BS 5400:Part 2 / BD 37/01,hb,traffic_case,hb_000126,traffic/hb/hb_000126/hb_000126.std,126,superimposed,,1.1000000000000001
bs_combination_1_sls_hb__hb_000127,bs_combination_1_sls_hb,BS 5400:Part 2 / BD 37/01,hb,permanent_component,precast_girder_structural_dead,permanent_components/precast_girder_structural_dead/precast_girder_structural_dead.std,201,precast_girder,structural_dead,1
bs_combination_1_sls_hb__hb_000127,bs_combination_1_sls_hb,BS 5400:Part 2 / BD 37/01,hb,permanent_component,deck_construction_structural_dead,permanent_components/deck_construction_structural_dead/deck_construction_structural_dead.std,202,deck_construction,structural_dead,1
bs_combination_1_sls_hb__hb_000127,bs_combination_1_sls_hb,BS 5400:Part 2 / BD 37/01,hb,permanent_component,superimposed_surfacing,permanent_components/superimposed_surfacing/superimposed_surfacing.std,203,superimposed,surfacing,1.2
bs_combination_1_sls_hb__hb_000127,bs_combination_1_sls_hb,BS 5400:Part 2 / BD 37/01,hb,permanent_component,superimposed_other_superimposed,permanent_components/superimposed_other_superimposed/superimposed_other_superimposed.std,204,superimposed,other_superimposed,1
bs_combination_1_sls_hb__hb_000127,bs_combination_1_sls_hb,BS 5400:Part 2 / BD 37/01,hb,traffic_case,hb_000127,traffic/hb/hb_000127/hb_000127.std,127,superimposed,,1.1000000000000001
bs_combination_1_sls_hb__hb_000131,bs_combination_1_sls_hb,BS 5400:Part 2 / BD 37/01,hb,permanent_component,precast_girder_structural_dead,permanent_components/precast_girder_structural_dead/precast_girder_structural_dead.std,201,precast_girder,structural_dead,1
bs_combination_1_sls_hb__hb_000131,bs_combination_1_sls_hb,BS 5400:Part 2 / BD 37/01,hb,permanent_component,deck_construction_structural_dead,permanent_components/deck_construction_structural_dead/deck_construction_structural_dead.std,202,deck_construction,structural_dead,1
bs_combination_1_sls_hb__hb_000131,bs_combination_1_sls_hb,BS 5400:Part 2 / BD 37/01,hb,permanent_component,superimposed_surfacing,permanent_components/superimposed_surfacing/superimposed_surfacing.std,203,superimposed,surfacing,1.2
bs_combination_1_sls_hb__hb_000131,bs_combination_1_sls_hb,BS 5400:Part 2 / BD 37/01,hb,permanent_component,superimposed_other_superimposed,permanent_components/superimposed_other_superimposed/superimposed_other_superimposed.std,204,superimposed,other_superimposed,1
bs_combination_1_sls_hb__hb_000131,bs_combination_1_sls_hb,BS 5400:Part 2 / BD 37/01,hb,traffic_case,hb_000131,traffic/hb/hb_000131/hb_000131.std,131,superimposed,,1.1000000000000001
bs_combination_1_sls_hb__hb_000135,bs_combination_1_sls_hb,BS 5400:Part 2 / BD 37/01,hb,permanent_component,precast_girder_structural_dead,permanent_components/precast_girder_structural_dead/precast_girder_structural_dead.std,201,precast_girder,structural_dead,1
bs_combination_1_sls_hb__hb_000135,bs_combination_1_sls_hb,BS 5400:Part 2 / BD 37/01,hb,permanent_component,deck_construction_structural_dead,permanent_components/deck_construction_structural_dead/deck_construction_structural_dead.std,202,deck_construction,structural_dead,1
bs_combination_1_sls_hb__hb_000135,bs_combination_1_sls_hb,BS 5400:Part 2 / BD 37/01,hb,permanent_component,superimposed_surfacing,permanent_components/superimposed_surfacing/superimposed_surfacing.std,203,superimposed,surfacing,1.2
bs_combination_1_sls_hb__hb_000135,bs_combination_1_sls_hb,BS 5400:Part 2 / BD 37/01,hb,permanent_component,superimposed_other_superimposed,permanent_components/superimposed_other_superimposed/superimposed_other_superimposed.std,204,superimposed,other_superimposed,1
bs_combination_1_sls_hb__hb_000135,bs_combination_1_sls_hb,BS 5400:Part 2 / BD 37/01,hb,traffic_case,hb_000135,traffic/hb/hb_000135/hb_000135.std,135,superimposed,,1.1000000000000001
bs_combination_1_sls_hb__hb_000136,bs_combination_1_sls_hb,BS 5400:Part 2 / BD 37/01,hb,permanent_component,precast_girder_structural_dead,permanent_components/precast_girder_structural_dead/precast_girder_structural_dead.std,201,precast_girder,structural_dead,1
bs_combination_1_sls_hb__hb_000136,bs_combination_1_sls_hb,BS 5400:Part 2 / BD 37/01,hb,permanent_component,deck_construction_structural_dead,permanent_components/deck_construction_structural_dead/deck_construction_structural_dead.std,202,deck_construction,structural_dead,1
bs_combination_1_sls_hb__hb_000136,bs_combination_1_sls_hb,BS 5400:Part 2 / BD 37/01,hb,permanent_component,superimposed_surfacing,permanent_components/superimposed_surfacing/superimposed_surfacing.std,203,superimposed,surfacing,1.2
bs_combination_1_sls_hb__hb_000136,bs_combination_1_sls_hb,BS 5400:Part 2 / BD 37/01,hb,permanent_component,superimposed_other_superimposed,permanent_components/superimposed_other_superimposed/superimposed_other_superimposed.std,204,superimposed,other_superimposed,1
bs_combination_1_sls_hb__hb_000136,bs_combination_1_sls_hb,BS 5400:Part 2 / BD 37/01,hb,traffic_case,hb_000136,traffic/hb/hb_000136/hb_000136.std,136,superimposed,,1.1000000000000001
bs_combination_1_sls_hb__hb_000137,bs_combination_1_sls_hb,BS 5400:Part 2 / BD 37/01,hb,permanent_component,precast_girder_structural_dead,permanent_components/precast_girder_structural_dead/precast_girder_structural_dead.std,201,precast_girder,structural_dead,1
bs_combination_1_sls_hb__hb_000137,bs_combination_1_sls_hb,BS 5400:Part 2 / BD 37/01,hb,permanent_component,deck_construction_structural_dead,permanent_components/deck_construction_structural_dead/deck_construction_structural_dead.std,202,deck_construction,structural_dead,1
bs_combination_1_sls_hb__hb_000137,bs_combination_1_sls_hb,BS 5400:Part 2 / BD 37/01,hb,permanent_component,superimposed_surfacing,permanent_components/superimposed_surfacing/superimposed_surfacing.std,203,superimposed,surfacing,1.2
bs_combination_1_sls_hb__hb_000137,bs_combination_1_sls_hb,BS 5400:Part 2 / BD 37/01,hb,permanent_component,superimposed_other_superimposed,permanent_components/superimposed_other_superimposed/superimposed_other_superimposed.std,204,superimposed,other_superimposed,1
bs_combination_1_sls_hb__hb_000137,bs_combination_1_sls_hb,BS 5400:Part 2 / BD 37/01,hb,traffic_case,hb_000137,traffic/hb/hb_000137/hb_000137.std,137,superimposed,,1.1000000000000001
bs_combination_1_sls_hb__hb_000139,bs_combination_1_sls_hb,BS 5400:Part 2 / BD 37/01,hb,permanent_component,precast_girder_structural_dead,permanent_components/precast_girder_structural_dead/precast_girder_structural_dead.std,201,precast_girder,structural_dead,1
bs_combination_1_sls_hb__hb_000139,bs_combination_1_sls_hb,BS 5400:Part 2 / BD 37/01,hb,permanent_component,deck_construction_structural_dead,permanent_components/deck_construction_structural_dead/deck_construction_structural_dead.std,202,deck_construction,structural_dead,1
bs_combination_1_sls_hb__hb_000139,bs_combination_1_sls_hb,BS 5400:Part 2 / BD 37/01,hb,permanent_component,superimposed_surfacing,permanent_components/superimposed_surfacing/superimposed_surfacing.std,203,superimposed,surfacing,1.2
bs_combination_1_sls_hb__hb_000139,bs_combination_1_sls_hb,BS 5400:Part 2 / BD 37/01,hb,permanent_component,superimposed_other_superimposed,permanent_components/superimposed_other_superimposed/superimposed_other_superimposed.std,204,superimposed,other_superimposed,1
bs_combination_1_sls_hb__hb_000139,bs_combination_1_sls_hb,BS 5400:Part 2 / BD 37/01,hb,traffic_case,hb_000139,traffic/hb/hb_000139/hb_000139.std,139,superimposed,,1.1000000000000001
bs_combination_1_sls_hb__hb_000140,bs_combination_1_sls_hb,BS 5400:Part 2 / BD 37/01,hb,permanent_component,precast_girder_structural_dead,permanent_components/precast_girder_structural_dead/precast_girder_structural_dead.std,201,precast_girder,structural_dead,1
bs_combination_1_sls_hb__hb_000140,bs_combination_1_sls_hb,BS 5400:Part 2 / BD 37/01,hb,permanent_component,deck_construction_structural_dead,permanent_components/deck_construction_structural_dead/deck_construction_structural_dead.std,202,deck_construction,structural_dead,1
bs_combination_1_sls_hb__hb_000140,bs_combination_1_sls_hb,BS 5400:Part 2 / BD 37/01,hb,permanent_component,superimposed_surfacing,permanent_components/superimposed_surfacing/superimposed_surfacing.std,203,superimposed,surfacing,1.2
bs_combination_1_sls_hb__hb_000140,bs_combination_1_sls_hb,BS 5400:Part 2 / BD 37/01,hb,permanent_component,superimposed_other_superimposed,permanent_components/superimposed_other_superimposed/superimposed_other_superimposed.std,204,superimposed,other_superimposed,1
bs_combination_1_sls_hb__hb_000140,bs_combination_1_sls_hb,BS 5400:Part 2 / BD 37/01,hb,traffic_case,hb_000140,traffic/hb/hb_000140/hb_000140.std,140,superimposed,,1.1000000000000001
bs_combination_1_sls_hb__hb_000141,bs_combination_1_sls_hb,BS 5400:Part 2 / BD 37/01,hb,permanent_component,precast_girder_structural_dead,permanent_components/precast_girder_structural_dead/precast_girder_structural_dead.std,201,precast_girder,structural_dead,1
bs_combination_1_sls_hb__hb_000141,bs_combination_1_sls_hb,BS 5400:Part 2 / BD 37/01,hb,permanent_component,deck_construction_structural_dead,permanent_components/deck_construction_structural_dead/deck_construction_structural_dead.std,202,deck_construction,structural_dead,1
bs_combination_1_sls_hb__hb_000141,bs_combination_1_sls_hb,BS 5400:Part 2 / BD 37/01,hb,permanent_component,superimposed_surfacing,permanent_components/superimposed_surfacing/superimposed_surfacing.std,203,superimposed,surfacing,1.2
bs_combination_1_sls_hb__hb_000141,bs_combination_1_sls_hb,BS 5400:Part 2 / BD 37/01,hb,permanent_component,superimposed_other_superimposed,permanent_components/superimposed_other_superimposed/superimposed_other_superimposed.std,204,superimposed,other_superimposed,1
bs_combination_1_sls_hb__hb_000141,bs_combination_1_sls_hb,BS 5400:Part 2 / BD 37/01,hb,traffic_case,hb_000141,traffic/hb/hb_000141/hb_000141.std,141,superimposed,,1.1000000000000001
bs_combination_1_sls_hb__hb_000143,bs_combination_1_sls_hb,BS 5400:Part 2 / BD 37/01,hb,permanent_component,precast_girder_structural_dead,permanent_components/precast_girder_structural_dead/precast_girder_structural_dead.std,201,precast_girder,structural_dead,1
bs_combination_1_sls_hb__hb_000143,bs_combination_1_sls_hb,BS 5400:Part 2 / BD 37/01,hb,permanent_component,deck_construction_structural_dead,permanent_components/deck_construction_structural_dead/deck_construction_structural_dead.std,202,deck_construction,structural_dead,1
bs_combination_1_sls_hb__hb_000143,bs_combination_1_sls_hb,BS 5400:Part 2 / BD 37/01,hb,permanent_component,superimposed_surfacing,permanent_components/superimposed_surfacing/superimposed_surfacing.std,203,superimposed,surfacing,1.2
bs_combination_1_sls_hb__hb_000143,bs_combination_1_sls_hb,BS 5400:Part 2 / BD 37/01,hb,permanent_component,superimposed_other_superimposed,permanent_components/superimposed_other_superimposed/superimposed_other_superimposed.std,204,superimposed,other_superimposed,1
bs_combination_1_sls_hb__hb_000143,bs_combination_1_sls_hb,BS 5400:Part 2 / BD 37/01,hb,traffic_case,hb_000143,traffic/hb/hb_000143/hb_000143.std,143,superimposed,,1.1000000000000001
bs_combination_1_sls_hb__hb_000144,bs_combination_1_sls_hb,BS 5400:Part 2 / BD 37/01,hb,permanent_component,precast_girder_structural_dead,permanent_components/precast_girder_structural_dead/precast_girder_structural_dead.std,201,precast_girder,structural_dead,1
bs_combination_1_sls_hb__hb_000144,bs_combination_1_sls_hb,BS 5400:Part 2 / BD 37/01,hb,permanent_component,deck_construction_structural_dead,permanent_components/deck_construction_structural_dead/deck_construction_structural_dead.std,202,deck_construction,structural_dead,1
bs_combination_1_sls_hb__hb_000144,bs_combination_1_sls_hb,BS 5400:Part 2 / BD 37/01,hb,permanent_component,superimposed_surfacing,permanent_components/superimposed_surfacing/superimposed_surfacing.std,203,superimposed,surfacing,1.2
bs_combination_1_sls_hb__hb_000144,bs_combination_1_sls_hb,BS 5400:Part 2 / BD 37/01,hb,permanent_component,superimposed_other_superimposed,permanent_components/superimposed_other_superimposed/superimposed_other_superimposed.std,204,superimposed,other_superimposed,1
bs_combination_1_sls_hb__hb_000144,bs_combination_1_sls_hb,BS 5400:Part 2 / BD 37/01,hb,traffic_case,hb_000144,traffic/hb/hb_000144/hb_000144.std,144,superimposed,,1.1000000000000001
bs_combination_2_uls_hb__hb_000118,bs_combination_2_uls_hb,BS 5400:Part 2 / BD 37/01,hb,permanent_component,precast_girder_structural_dead,permanent_components/precast_girder_structural_dead/precast_girder_structural_dead.std,201,precast_girder,structural_dead,1.1499999999999999
bs_combination_2_uls_hb__hb_000118,bs_combination_2_uls_hb,BS 5400:Part 2 / BD 37/01,hb,permanent_component,deck_construction_structural_dead,permanent_components/deck_construction_structural_dead/deck_construction_structural_dead.std,202,deck_construction,structural_dead,1.1499999999999999
bs_combination_2_uls_hb__hb_000118,bs_combination_2_uls_hb,BS 5400:Part 2 / BD 37/01,hb,permanent_component,superimposed_surfacing,permanent_components/superimposed_surfacing/superimposed_surfacing.std,203,superimposed,surfacing,1.75
bs_combination_2_uls_hb__hb_000118,bs_combination_2_uls_hb,BS 5400:Part 2 / BD 37/01,hb,permanent_component,superimposed_other_superimposed,permanent_components/superimposed_other_superimposed/superimposed_other_superimposed.std,204,superimposed,other_superimposed,1.2
bs_combination_2_uls_hb__hb_000118,bs_combination_2_uls_hb,BS 5400:Part 2 / BD 37/01,hb,traffic_case,hb_000118,traffic/hb/hb_000118/hb_000118.std,118,superimposed,,1.1000000000000001
bs_combination_2_uls_hb__hb_000122,bs_combination_2_uls_hb,BS 5400:Part 2 / BD 37/01,hb,permanent_component,precast_girder_structural_dead,permanent_components/precast_girder_structural_dead/precast_girder_structural_dead.std,201,precast_girder,structural_dead,1.1499999999999999
bs_combination_2_uls_hb__hb_000122,bs_combination_2_uls_hb,BS 5400:Part 2 / BD 37/01,hb,permanent_component,deck_construction_structural_dead,permanent_components/deck_construction_structural_dead/deck_construction_structural_dead.std,202,deck_construction,structural_dead,1.1499999999999999
bs_combination_2_uls_hb__hb_000122,bs_combination_2_uls_hb,BS 5400:Part 2 / BD 37/01,hb,permanent_component,superimposed_surfacing,permanent_components/superimposed_surfacing/superimposed_surfacing.std,203,superimposed,surfacing,1.75
bs_combination_2_uls_hb__hb_000122,bs_combination_2_uls_hb,BS 5400:Part 2 / BD 37/01,hb,permanent_component,superimposed_other_superimposed,permanent_components/superimposed_other_superimposed/superimposed_other_superimposed.std,204,superimposed,other_superimposed,1.2
bs_combination_2_uls_hb__hb_000122,bs_combination_2_uls_hb,BS 5400:Part 2 / BD 37/01,hb,traffic_case,hb_000122,traffic/hb/hb_000122/hb_000122.std,122,superimposed,,1.1000000000000001
bs_combination_2_uls_hb__hb_000126,bs_combination_2_uls_hb,BS 5400:Part 2 / BD 37/01,hb,permanent_component,precast_girder_structural_dead,permanent_components/precast_girder_structural_dead/precast_girder_structural_dead.std,201,precast_girder,structural_dead,1.1499999999999999
bs_combination_2_uls_hb__hb_000126,bs_combination_2_uls_hb,BS 5400:Part 2 / BD 37/01,hb,permanent_component,deck_construction_structural_dead,permanent_components/deck_construction_structural_dead/deck_construction_structural_dead.std,202,deck_construction,structural_dead,1.1499999999999999
bs_combination_2_uls_hb__hb_000126,bs_combination_2_uls_hb,BS 5400:Part 2 / BD 37/01,hb,permanent_component,superimposed_surfacing,permanent_components/superimposed_surfacing/superimposed_surfacing.std,203,superimposed,surfacing,1.75
bs_combination_2_uls_hb__hb_000126,bs_combination_2_uls_hb,BS 5400:Part 2 / BD 37/01,hb,permanent_component,superimposed_other_superimposed,permanent_components/superimposed_other_superimposed/superimposed_other_superimposed.std,204,superimposed,other_superimposed,1.2
bs_combination_2_uls_hb__hb_000126,bs_combination_2_uls_hb,BS 5400:Part 2 / BD 37/01,hb,traffic_case,hb_000126,traffic/hb/hb_000126/hb_000126.std,126,superimposed,,1.1000000000000001
bs_combination_2_uls_hb__hb_000127,bs_combination_2_uls_hb,BS 5400:Part 2 / BD 37/01,hb,permanent_component,precast_girder_structural_dead,permanent_components/precast_girder_structural_dead/precast_girder_structural_dead.std,201,precast_girder,structural_dead,1.1499999999999999
bs_combination_2_uls_hb__hb_000127,bs_combination_2_uls_hb,BS 5400:Part 2 / BD 37/01,hb,permanent_component,deck_construction_structural_dead,permanent_components/deck_construction_structural_dead/deck_construction_structural_dead.std,202,deck_construction,structural_dead,1.1499999999999999
bs_combination_2_uls_hb__hb_000127,bs_combination_2_uls_hb,BS 5400:Part 2 / BD 37/01,hb,permanent_component,superimposed_surfacing,permanent_components/superimposed_surfacing/superimposed_surfacing.std,203,superimposed,surfacing,1.75
bs_combination_2_uls_hb__hb_000127,bs_combination_2_uls_hb,BS 5400:Part 2 / BD 37/01,hb,permanent_component,superimposed_other_superimposed,permanent_components/superimposed_other_superimposed/superimposed_other_superimposed.std,204,superimposed,other_superimposed,1.2
bs_combination_2_uls_hb__hb_000127,bs_combination_2_uls_hb,BS 5400:Part 2 / BD 37/01,hb,traffic_case,hb_000127,traffic/hb/hb_000127/hb_000127.std,127,superimposed,,1.1000000000000001
bs_combination_2_uls_hb__hb_000131,bs_combination_2_uls_hb,BS 5400:Part 2 / BD 37/01,hb,permanent_component,precast_girder_structural_dead,permanent_components/precast_girder_structural_dead/precast_girder_structural_dead.std,201,precast_girder,structural_dead,1.1499999999999999
bs_combination_2_uls_hb__hb_000131,bs_combination_2_uls_hb,BS 5400:Part 2 / BD 37/01,hb,permanent_component,deck_construction_structural_dead,permanent_components/deck_construction_structural_dead/deck_construction_structural_dead.std,202,deck_construction,structural_dead,1.1499999999999999
bs_combination_2_uls_hb__hb_000131,bs_combination_2_uls_hb,BS 5400:Part 2 / BD 37/01,hb,permanent_component,superimposed_surfacing,permanent_components/superimposed_surfacing/superimposed_surfacing.std,203,superimposed,surfacing,1.75
bs_combination_2_uls_hb__hb_000131,bs_combination_2_uls_hb,BS 5400:Part 2 / BD 37/01,hb,permanent_component,superimposed_other_superimposed,permanent_components/superimposed_other_superimposed/superimposed_other_superimposed.std,204,superimposed,other_superimposed,1.2
bs_combination_2_uls_hb__hb_000131,bs_combination_2_uls_hb,BS 5400:Part 2 / BD 37/01,hb,traffic_case,hb_000131,traffic/hb/hb_000131/hb_000131.std,131,superimposed,,1.1000000000000001
bs_combination_2_uls_hb__hb_000135,bs_combination_2_uls_hb,BS 5400:Part 2 / BD 37/01,hb,permanent_component,precast_girder_structural_dead,permanent_components/precast_girder_structural_dead/precast_girder_structural_dead.std,201,precast_girder,structural_dead,1.1499999999999999
bs_combination_2_uls_hb__hb_000135,bs_combination_2_uls_hb,BS 5400:Part 2 / BD 37/01,hb,permanent_component,deck_construction_structural_dead,permanent_components/deck_construction_structural_dead/deck_construction_structural_dead.std,202,deck_construction,structural_dead,1.1499999999999999
bs_combination_2_uls_hb__hb_000135,bs_combination_2_uls_hb,BS 5400:Part 2 / BD 37/01,hb,permanent_component,superimposed_surfacing,permanent_components/superimposed_surfacing/superimposed_surfacing.std,203,superimposed,surfacing,1.75
bs_combination_2_uls_hb__hb_000135,bs_combination_2_uls_hb,BS 5400:Part 2 / BD 37/01,hb,permanent_component,superimposed_other_superimposed,permanent_components/superimposed_other_superimposed/superimposed_other_superimposed.std,204,superimposed,other_superimposed,1.2
bs_combination_2_uls_hb__hb_000135,bs_combination_2_uls_hb,BS 5400:Part 2 / BD 37/01,hb,traffic_case,hb_000135,traffic/hb/hb_000135/hb_000135.std,135,superimposed,,1.1000000000000001
bs_combination_2_uls_hb__hb_000136,bs_combination_2_uls_hb,BS 5400:Part 2 / BD 37/01,hb,permanent_component,precast_girder_structural_dead,permanent_components/precast_girder_structural_dead/precast_girder_structural_dead.std,201,precast_girder,structural_dead,1.1499999999999999
bs_combination_2_uls_hb__hb_000136,bs_combination_2_uls_hb,BS 5400:Part 2 / BD 37/01,hb,permanent_component,deck_construction_structural_dead,permanent_components/deck_construction_structural_dead/deck_construction_structural_dead.std,202,deck_construction,structural_dead,1.1499999999999999
bs_combination_2_uls_hb__hb_000136,bs_combination_2_uls_hb,BS 5400:Part 2 / BD 37/01,hb,permanent_component,superimposed_surfacing,permanent_components/superimposed_surfacing/superimposed_surfacing.std,203,superimposed,surfacing,1.75
bs_combination_2_uls_hb__hb_000136,bs_combination_2_uls_hb,BS 5400:Part 2 / BD 37/01,hb,permanent_component,superimposed_other_superimposed,permanent_components/superimposed_other_superimposed/superimposed_other_superimposed.std,204,superimposed,other_superimposed,1.2
bs_combination_2_uls_hb__hb_000136,bs_combination_2_uls_hb,BS 5400:Part 2 / BD 37/01,hb,traffic_case,hb_000136,traffic/hb/hb_000136/hb_000136.std,136,superimposed,,1.1000000000000001
bs_combination_2_uls_hb__hb_000137,bs_combination_2_uls_hb,BS 5400:Part 2 / BD 37/01,hb,permanent_component,precast_girder_structural_dead,permanent_components/precast_girder_structural_dead/precast_girder_structural_dead.std,201,precast_girder,structural_dead,1.1499999999999999
bs_combination_2_uls_hb__hb_000137,bs_combination_2_uls_hb,BS 5400:Part 2 / BD 37/01,hb,permanent_component,deck_construction_structural_dead,permanent_components/deck_construction_structural_dead/deck_construction_structural_dead.std,202,deck_construction,structural_dead,1.1499999999999999
bs_combination_2_uls_hb__hb_000137,bs_combination_2_uls_hb,BS 5400:Part 2 / BD 37/01,hb,permanent_component,superimposed_surfacing,permanent_components/superimposed_surfacing/superimposed_surfacing.std,203,superimposed,surfacing,1.75
bs_combination_2_uls_hb__hb_000137,bs_combination_2_uls_hb,BS 5400:Part 2 / BD 37/01,hb,permanent_component,superimposed_other_superimposed,permanent_components/superimposed_other_superimposed/superimposed_other_superimposed.std,204,superimposed,other_superimposed,1.2
bs_combination_2_uls_hb__hb_000137,bs_combination_2_uls_hb,BS 5400:Part 2 / BD 37/01,hb,traffic_case,hb_000137,traffic/hb/hb_000137/hb_000137.std,137,superimposed,,1.1000000000000001
bs_combination_2_uls_hb__hb_000139,bs_combination_2_uls_hb,BS 5400:Part 2 / BD 37/01,hb,permanent_component,precast_girder_structural_dead,permanent_components/precast_girder_structural_dead/precast_girder_structural_dead.std,201,precast_girder,structural_dead,1.1499999999999999
bs_combination_2_uls_hb__hb_000139,bs_combination_2_uls_hb,BS 5400:Part 2 / BD 37/01,hb,permanent_component,deck_construction_structural_dead,permanent_components/deck_construction_structural_dead/deck_construction_structural_dead.std,202,deck_construction,structural_dead,1.1499999999999999
bs_combination_2_uls_hb__hb_000139,bs_combination_2_uls_hb,BS 5400:Part 2 / BD 37/01,hb,permanent_component,superimposed_surfacing,permanent_components/superimposed_surfacing/superimposed_surfacing.std,203,superimposed,surfacing,1.75
bs_combination_2_uls_hb__hb_000139,bs_combination_2_uls_hb,BS 5400:Part 2 / BD 37/01,hb,permanent_component,superimposed_other_superimposed,permanent_components/superimposed_other_superimposed/superimposed_other_superimposed.std,204,superimposed,other_superimposed,1.2
bs_combination_2_uls_hb__hb_000139,bs_combination_2_uls_hb,BS 5400:Part 2 / BD 37/01,hb,traffic_case,hb_000139,traffic/hb/hb_000139/hb_000139.std,139,superimposed,,1.1000000000000001
bs_combination_2_uls_hb__hb_000140,bs_combination_2_uls_hb,BS 5400:Part 2 / BD 37/01,hb,permanent_component,precast_girder_structural_dead,permanent_components/precast_girder_structural_dead/precast_girder_structural_dead.std,201,precast_girder,structural_dead,1.1499999999999999
bs_combination_2_uls_hb__hb_000140,bs_combination_2_uls_hb,BS 5400:Part 2 / BD 37/01,hb,permanent_component,deck_construction_structural_dead,permanent_components/deck_construction_structural_dead/deck_construction_structural_dead.std,202,deck_construction,structural_dead,1.1499999999999999
bs_combination_2_uls_hb__hb_000140,bs_combination_2_uls_hb,BS 5400:Part 2 / BD 37/01,hb,permanent_component,superimposed_surfacing,permanent_components/superimposed_surfacing/superimposed_surfacing.std,203,superimposed,surfacing,1.75
bs_combination_2_uls_hb__hb_000140,bs_combination_2_uls_hb,BS 5400:Part 2 / BD 37/01,hb,permanent_component,superimposed_other_superimposed,permanent_components/superimposed_other_superimposed/superimposed_other_superimposed.std,204,superimposed,other_superimposed,1.2
bs_combination_2_uls_hb__hb_000140,bs_combination_2_uls_hb,BS 5400:Part 2 / BD 37/01,hb,traffic_case,hb_000140,traffic/hb/hb_000140/hb_000140.std,140,superimposed,,1.1000000000000001
bs_combination_2_uls_hb__hb_000141,bs_combination_2_uls_hb,BS 5400:Part 2 / BD 37/01,hb,permanent_component,precast_girder_structural_dead,permanent_components/precast_girder_structural_dead/precast_girder_structural_dead.std,201,precast_girder,structural_dead,1.1499999999999999
bs_combination_2_uls_hb__hb_000141,bs_combination_2_uls_hb,BS 5400:Part 2 / BD 37/01,hb,permanent_component,deck_construction_structural_dead,permanent_components/deck_construction_structural_dead/deck_construction_structural_dead.std,202,deck_construction,structural_dead,1.1499999999999999
bs_combination_2_uls_hb__hb_000141,bs_combination_2_uls_hb,BS 5400:Part 2 / BD 37/01,hb,permanent_component,superimposed_surfacing,permanent_components/superimposed_surfacing/superimposed_surfacing.std,203,superimposed,surfacing,1.75
bs_combination_2_uls_hb__hb_000141,bs_combination_2_uls_hb,BS 5400:Part 2 / BD 37/01,hb,permanent_component,superimposed_other_superimposed,permanent_components/superimposed_other_superimposed/superimposed_other_superimposed.std,204,superimposed,other_superimposed,1.2
bs_combination_2_uls_hb__hb_000141,bs_combination_2_uls_hb,BS 5400:Part 2 / BD 37/01,hb,traffic_case,hb_000141,traffic/hb/hb_000141/hb_000141.std,141,superimposed,,1.1000000000000001
bs_combination_2_uls_hb__hb_000143,bs_combination_2_uls_hb,BS 5400:Part 2 / BD 37/01,hb,permanent_component,precast_girder_structural_dead,permanent_components/precast_girder_structural_dead/precast_girder_structural_dead.std,201,precast_girder,structural_dead,1.1499999999999999
bs_combination_2_uls_hb__hb_000143,bs_combination_2_uls_hb,BS 5400:Part 2 / BD 37/01,hb,permanent_component,deck_construction_structural_dead,permanent_components/deck_construction_structural_dead/deck_construction_structural_dead.std,202,deck_construction,structural_dead,1.1499999999999999
bs_combination_2_uls_hb__hb_000143,bs_combination_2_uls_hb,BS 5400:Part 2 / BD 37/01,hb,permanent_component,superimposed_surfacing,permanent_components/superimposed_surfacing/superimposed_surfacing.std,203,superimposed,surfacing,1.75
bs_combination_2_uls_hb__hb_000143,bs_combination_2_uls_hb,BS 5400:Part 2 / BD 37/01,hb,permanent_component,superimposed_other_superimposed,permanent_components/superimposed_other_superimposed/superimposed_other_superimposed.std,204,superimposed,other_superimposed,1.2
bs_combination_2_uls_hb__hb_000143,bs_combination_2_uls_hb,BS 5400:Part 2 / BD 37/01,hb,traffic_case,hb_000143,traffic/hb/hb_000143/hb_000143.std,143,superimposed,,1.1000000000000001
bs_combination_2_uls_hb__hb_000144,bs_combination_2_uls_hb,BS 5400:Part 2 / BD 37/01,hb,permanent_component,precast_girder_structural_dead,permanent_components/precast_girder_structural_dead/precast_girder_structural_dead.std,201,precast_girder,structural_dead,1.1499999999999999
bs_combination_2_uls_hb__hb_000144,bs_combination_2_uls_hb,BS 5400:Part 2 / BD 37/01,hb,permanent_component,deck_construction_structural_dead,permanent_components/deck_construction_structural_dead/deck_construction_structural_dead.std,202,deck_construction,structural_dead,1.1499999999999999
bs_combination_2_uls_hb__hb_000144,bs_combination_2_uls_hb,BS 5400:Part 2 / BD 37/01,hb,permanent_component,superimposed_surfacing,permanent_components/superimposed_surfacing/superimposed_surfacing.std,203,superimposed,surfacing,1.75
bs_combination_2_uls_hb__hb_000144,bs_combination_2_uls_hb,BS 5400:Part 2 / BD 37/01,hb,permanent_component,superimposed_other_superimposed,permanent_components/superimposed_other_superimposed/superimposed_other_superimposed.std,204,superimposed,other_superimposed,1.2
bs_combination_2_uls_hb__hb_000144,bs_combination_2_uls_hb,BS 5400:Part 2 / BD 37/01,hb,traffic_case,hb_000144,traffic/hb/hb_000144/hb_000144.std,144,superimposed,,1.1000000000000001
bs_combination_2_sls_hb__hb_000118,bs_combination_2_sls_hb,BS 5400:Part 2 / BD 37/01,hb,permanent_component,precast_girder_structural_dead,permanent_components/precast_girder_structural_dead/precast_girder_structural_dead.std,201,precast_girder,structural_dead,1
bs_combination_2_sls_hb__hb_000118,bs_combination_2_sls_hb,BS 5400:Part 2 / BD 37/01,hb,permanent_component,deck_construction_structural_dead,permanent_components/deck_construction_structural_dead/deck_construction_structural_dead.std,202,deck_construction,structural_dead,1
bs_combination_2_sls_hb__hb_000118,bs_combination_2_sls_hb,BS 5400:Part 2 / BD 37/01,hb,permanent_component,superimposed_surfacing,permanent_components/superimposed_surfacing/superimposed_surfacing.std,203,superimposed,surfacing,1.2
bs_combination_2_sls_hb__hb_000118,bs_combination_2_sls_hb,BS 5400:Part 2 / BD 37/01,hb,permanent_component,superimposed_other_superimposed,permanent_components/superimposed_other_superimposed/superimposed_other_superimposed.std,204,superimposed,other_superimposed,1
bs_combination_2_sls_hb__hb_000118,bs_combination_2_sls_hb,BS 5400:Part 2 / BD 37/01,hb,traffic_case,hb_000118,traffic/hb/hb_000118/hb_000118.std,118,superimposed,,1
bs_combination_2_sls_hb__hb_000122,bs_combination_2_sls_hb,BS 5400:Part 2 / BD 37/01,hb,permanent_component,precast_girder_structural_dead,permanent_components/precast_girder_structural_dead/precast_girder_structural_dead.std,201,precast_girder,structural_dead,1
bs_combination_2_sls_hb__hb_000122,bs_combination_2_sls_hb,BS 5400:Part 2 / BD 37/01,hb,permanent_component,deck_construction_structural_dead,permanent_components/deck_construction_structural_dead/deck_construction_structural_dead.std,202,deck_construction,structural_dead,1
bs_combination_2_sls_hb__hb_000122,bs_combination_2_sls_hb,BS 5400:Part 2 / BD 37/01,hb,permanent_component,superimposed_surfacing,permanent_components/superimposed_surfacing/superimposed_surfacing.std,203,superimposed,surfacing,1.2
bs_combination_2_sls_hb__hb_000122,bs_combination_2_sls_hb,BS 5400:Part 2 / BD 37/01,hb,permanent_component,superimposed_other_superimposed,permanent_components/superimposed_other_superimposed/superimposed_other_superimposed.std,204,superimposed,other_superimposed,1
bs_combination_2_sls_hb__hb_000122,bs_combination_2_sls_hb,BS 5400:Part 2 / BD 37/01,hb,traffic_case,hb_000122,traffic/hb/hb_000122/hb_000122.std,122,superimposed,,1
bs_combination_2_sls_hb__hb_000126,bs_combination_2_sls_hb,BS 5400:Part 2 / BD 37/01,hb,permanent_component,precast_girder_structural_dead,permanent_components/precast_girder_structural_dead/precast_girder_structural_dead.std,201,precast_girder,structural_dead,1
bs_combination_2_sls_hb__hb_000126,bs_combination_2_sls_hb,BS 5400:Part 2 / BD 37/01,hb,permanent_component,deck_construction_structural_dead,permanent_components/deck_construction_structural_dead/deck_construction_structural_dead.std,202,deck_construction,structural_dead,1
bs_combination_2_sls_hb__hb_000126,bs_combination_2_sls_hb,BS 5400:Part 2 / BD 37/01,hb,permanent_component,superimposed_surfacing,permanent_components/superimposed_surfacing/superimposed_surfacing.std,203,superimposed,surfacing,1.2
bs_combination_2_sls_hb__hb_000126,bs_combination_2_sls_hb,BS 5400:Part 2 / BD 37/01,hb,permanent_component,superimposed_other_superimposed,permanent_components/superimposed_other_superimposed/superimposed_other_superimposed.std,204,superimposed,other_superimposed,1
bs_combination_2_sls_hb__hb_000126,bs_combination_2_sls_hb,BS 5400:Part 2 / BD 37/01,hb,traffic_case,hb_000126,traffic/hb/hb_000126/hb_000126.std,126,superimposed,,1
bs_combination_2_sls_hb__hb_000127,bs_combination_2_sls_hb,BS 5400:Part 2 / BD 37/01,hb,permanent_component,precast_girder_structural_dead,permanent_components/precast_girder_structural_dead/precast_girder_structural_dead.std,201,precast_girder,structural_dead,1
bs_combination_2_sls_hb__hb_000127,bs_combination_2_sls_hb,BS 5400:Part 2 / BD 37/01,hb,permanent_component,deck_construction_structural_dead,permanent_components/deck_construction_structural_dead/deck_construction_structural_dead.std,202,deck_construction,structural_dead,1
bs_combination_2_sls_hb__hb_000127,bs_combination_2_sls_hb,BS 5400:Part 2 / BD 37/01,hb,permanent_component,superimposed_surfacing,permanent_components/superimposed_surfacing/superimposed_surfacing.std,203,superimposed,surfacing,1.2
bs_combination_2_sls_hb__hb_000127,bs_combination_2_sls_hb,BS 5400:Part 2 / BD 37/01,hb,permanent_component,superimposed_other_superimposed,permanent_components/superimposed_other_superimposed/superimposed_other_superimposed.std,204,superimposed,other_superimposed,1
bs_combination_2_sls_hb__hb_000127,bs_combination_2_sls_hb,BS 5400:Part 2 / BD 37/01,hb,traffic_case,hb_000127,traffic/hb/hb_000127/hb_000127.std,127,superimposed,,1
bs_combination_2_sls_hb__hb_000131,bs_combination_2_sls_hb,BS 5400:Part 2 / BD 37/01,hb,permanent_component,precast_girder_structural_dead,permanent_components/precast_girder_structural_dead/precast_girder_structural_dead.std,201,precast_girder,structural_dead,1
bs_combination_2_sls_hb__hb_000131,bs_combination_2_sls_hb,BS 5400:Part 2 / BD 37/01,hb,permanent_component,deck_construction_structural_dead,permanent_components/deck_construction_structural_dead/deck_construction_structural_dead.std,202,deck_construction,structural_dead,1
bs_combination_2_sls_hb__hb_000131,bs_combination_2_sls_hb,BS 5400:Part 2 / BD 37/01,hb,permanent_component,superimposed_surfacing,permanent_components/superimposed_surfacing/superimposed_surfacing.std,203,superimposed,surfacing,1.2
bs_combination_2_sls_hb__hb_000131,bs_combination_2_sls_hb,BS 5400:Part 2 / BD 37/01,hb,permanent_component,superimposed_other_superimposed,permanent_components/superimposed_other_superimposed/superimposed_other_superimposed.std,204,superimposed,other_superimposed,1
bs_combination_2_sls_hb__hb_000131,bs_combination_2_sls_hb,BS 5400:Part 2 / BD 37/01,hb,traffic_case,hb_000131,traffic/hb/hb_000131/hb_000131.std,131,superimposed,,1
bs_combination_2_sls_hb__hb_000135,bs_combination_2_sls_hb,BS 5400:Part 2 / BD 37/01,hb,permanent_component,precast_girder_structural_dead,permanent_components/precast_girder_structural_dead/precast_girder_structural_dead.std,201,precast_girder,structural_dead,1
bs_combination_2_sls_hb__hb_000135,bs_combination_2_sls_hb,BS 5400:Part 2 / BD 37/01,hb,permanent_component,deck_construction_structural_dead,permanent_components/deck_construction_structural_dead/deck_construction_structural_dead.std,202,deck_construction,structural_dead,1
bs_combination_2_sls_hb__hb_000135,bs_combination_2_sls_hb,BS 5400:Part 2 / BD 37/01,hb,permanent_component,superimposed_surfacing,permanent_components/superimposed_surfacing/superimposed_surfacing.std,203,superimposed,surfacing,1.2
bs_combination_2_sls_hb__hb_000135,bs_combination_2_sls_hb,BS 5400:Part 2 / BD 37/01,hb,permanent_component,superimposed_other_superimposed,permanent_components/superimposed_other_superimposed/superimposed_other_superimposed.std,204,superimposed,other_superimposed,1
bs_combination_2_sls_hb__hb_000135,bs_combination_2_sls_hb,BS 5400:Part 2 / BD 37/01,hb,traffic_case,hb_000135,traffic/hb/hb_000135/hb_000135.std,135,superimposed,,1
bs_combination_2_sls_hb__hb_000136,bs_combination_2_sls_hb,BS 5400:Part 2 / BD 37/01,hb,permanent_component,precast_girder_structural_dead,permanent_components/precast_girder_structural_dead/precast_girder_structural_dead.std,201,precast_girder,structural_dead,1
bs_combination_2_sls_hb__hb_000136,bs_combination_2_sls_hb,BS 5400:Part 2 / BD 37/01,hb,permanent_component,deck_construction_structural_dead,permanent_components/deck_construction_structural_dead/deck_construction_structural_dead.std,202,deck_construction,structural_dead,1
bs_combination_2_sls_hb__hb_000136,bs_combination_2_sls_hb,BS 5400:Part 2 / BD 37/01,hb,permanent_component,superimposed_surfacing,permanent_components/superimposed_surfacing/superimposed_surfacing.std,203,superimposed,surfacing,1.2
bs_combination_2_sls_hb__hb_000136,bs_combination_2_sls_hb,BS 5400:Part 2 / BD 37/01,hb,permanent_component,superimposed_other_superimposed,permanent_components/superimposed_other_superimposed/superimposed_other_superimposed.std,204,superimposed,other_superimposed,1
bs_combination_2_sls_hb__hb_000136,bs_combination_2_sls_hb,BS 5400:Part 2 / BD 37/01,hb,traffic_case,hb_000136,traffic/hb/hb_000136/hb_000136.std,136,superimposed,,1
bs_combination_2_sls_hb__hb_000137,bs_combination_2_sls_hb,BS 5400:Part 2 / BD 37/01,hb,permanent_component,precast_girder_structural_dead,permanent_components/precast_girder_structural_dead/precast_girder_structural_dead.std,201,precast_girder,structural_dead,1
bs_combination_2_sls_hb__hb_000137,bs_combination_2_sls_hb,BS 5400:Part 2 / BD 37/01,hb,permanent_component,deck_construction_structural_dead,permanent_components/deck_construction_structural_dead/deck_construction_structural_dead.std,202,deck_construction,structural_dead,1
bs_combination_2_sls_hb__hb_000137,bs_combination_2_sls_hb,BS 5400:Part 2 / BD 37/01,hb,permanent_component,superimposed_surfacing,permanent_components/superimposed_surfacing/superimposed_surfacing.std,203,superimposed,surfacing,1.2
bs_combination_2_sls_hb__hb_000137,bs_combination_2_sls_hb,BS 5400:Part 2 / BD 37/01,hb,permanent_component,superimposed_other_superimposed,permanent_components/superimposed_other_superimposed/superimposed_other_superimposed.std,204,superimposed,other_superimposed,1
bs_combination_2_sls_hb__hb_000137,bs_combination_2_sls_hb,BS 5400:Part 2 / BD 37/01,hb,traffic_case,hb_000137,traffic/hb/hb_000137/hb_000137.std,137,superimposed,,1
bs_combination_2_sls_hb__hb_000139,bs_combination_2_sls_hb,BS 5400:Part 2 / BD 37/01,hb,permanent_component,precast_girder_structural_dead,permanent_components/precast_girder_structural_dead/precast_girder_structural_dead.std,201,precast_girder,structural_dead,1
bs_combination_2_sls_hb__hb_000139,bs_combination_2_sls_hb,BS 5400:Part 2 / BD 37/01,hb,permanent_component,deck_construction_structural_dead,permanent_components/deck_construction_structural_dead/deck_construction_structural_dead.std,202,deck_construction,structural_dead,1
bs_combination_2_sls_hb__hb_000139,bs_combination_2_sls_hb,BS 5400:Part 2 / BD 37/01,hb,permanent_component,superimposed_surfacing,permanent_components/superimposed_surfacing/superimposed_surfacing.std,203,superimposed,surfacing,1.2
bs_combination_2_sls_hb__hb_000139,bs_combination_2_sls_hb,BS 5400:Part 2 / BD 37/01,hb,permanent_component,superimposed_other_superimposed,permanent_components/superimposed_other_superimposed/superimposed_other_superimposed.std,204,superimposed,other_superimposed,1
bs_combination_2_sls_hb__hb_000139,bs_combination_2_sls_hb,BS 5400:Part 2 / BD 37/01,hb,traffic_case,hb_000139,traffic/hb/hb_000139/hb_000139.std,139,superimposed,,1
bs_combination_2_sls_hb__hb_000140,bs_combination_2_sls_hb,BS 5400:Part 2 / BD 37/01,hb,permanent_component,precast_girder_structural_dead,permanent_components/precast_girder_structural_dead/precast_girder_structural_dead.std,201,precast_girder,structural_dead,1
bs_combination_2_sls_hb__hb_000140,bs_combination_2_sls_hb,BS 5400:Part 2 / BD 37/01,hb,permanent_component,deck_construction_structural_dead,permanent_components/deck_construction_structural_dead/deck_construction_structural_dead.std,202,deck_construction,structural_dead,1
bs_combination_2_sls_hb__hb_000140,bs_combination_2_sls_hb,BS 5400:Part 2 / BD 37/01,hb,permanent_component,superimposed_surfacing,permanent_components/superimposed_surfacing/superimposed_surfacing.std,203,superimposed,surfacing,1.2
bs_combination_2_sls_hb__hb_000140,bs_combination_2_sls_hb,BS 5400:Part 2 / BD 37/01,hb,permanent_component,superimposed_other_superimposed,permanent_components/superimposed_other_superimposed/superimposed_other_superimposed.std,204,superimposed,other_superimposed,1
bs_combination_2_sls_hb__hb_000140,bs_combination_2_sls_hb,BS 5400:Part 2 / BD 37/01,hb,traffic_case,hb_000140,traffic/hb/hb_000140/hb_000140.std,140,superimposed,,1
bs_combination_2_sls_hb__hb_000141,bs_combination_2_sls_hb,BS 5400:Part 2 / BD 37/01,hb,permanent_component,precast_girder_structural_dead,permanent_components/precast_girder_structural_dead/precast_girder_structural_dead.std,201,precast_girder,structural_dead,1
bs_combination_2_sls_hb__hb_000141,bs_combination_2_sls_hb,BS 5400:Part 2 / BD 37/01,hb,permanent_component,deck_construction_structural_dead,permanent_components/deck_construction_structural_dead/deck_construction_structural_dead.std,202,deck_construction,structural_dead,1
bs_combination_2_sls_hb__hb_000141,bs_combination_2_sls_hb,BS 5400:Part 2 / BD 37/01,hb,permanent_component,superimposed_surfacing,permanent_components/superimposed_surfacing/superimposed_surfacing.std,203,superimposed,surfacing,1.2
bs_combination_2_sls_hb__hb_000141,bs_combination_2_sls_hb,BS 5400:Part 2 / BD 37/01,hb,permanent_component,superimposed_other_superimposed,permanent_components/superimposed_other_superimposed/superimposed_other_superimposed.std,204,superimposed,other_superimposed,1
bs_combination_2_sls_hb__hb_000141,bs_combination_2_sls_hb,BS 5400:Part 2 / BD 37/01,hb,traffic_case,hb_000141,traffic/hb/hb_000141/hb_000141.std,141,superimposed,,1
bs_combination_2_sls_hb__hb_000143,bs_combination_2_sls_hb,BS 5400:Part 2 / BD 37/01,hb,permanent_component,precast_girder_structural_dead,permanent_components/precast_girder_structural_dead/precast_girder_structural_dead.std,201,precast_girder,structural_dead,1
bs_combination_2_sls_hb__hb_000143,bs_combination_2_sls_hb,BS 5400:Part 2 / BD 37/01,hb,permanent_component,deck_construction_structural_dead,permanent_components/deck_construction_structural_dead/deck_construction_structural_dead.std,202,deck_construction,structural_dead,1
bs_combination_2_sls_hb__hb_000143,bs_combination_2_sls_hb,BS 5400:Part 2 / BD 37/01,hb,permanent_component,superimposed_surfacing,permanent_components/superimposed_surfacing/superimposed_surfacing.std,203,superimposed,surfacing,1.2
bs_combination_2_sls_hb__hb_000143,bs_combination_2_sls_hb,BS 5400:Part 2 / BD 37/01,hb,permanent_component,superimposed_other_superimposed,permanent_components/superimposed_other_superimposed/superimposed_other_superimposed.std,204,superimposed,other_superimposed,1
bs_combination_2_sls_hb__hb_000143,bs_combination_2_sls_hb,BS 5400:Part 2 / BD 37/01,hb,traffic_case,hb_000143,traffic/hb/hb_000143/hb_000143.std,143,superimposed,,1
bs_combination_2_sls_hb__hb_000144,bs_combination_2_sls_hb,BS 5400:Part 2 / BD 37/01,hb,permanent_component,precast_girder_structural_dead,permanent_components/precast_girder_structural_dead/precast_girder_structural_dead.std,201,precast_girder,structural_dead,1
bs_combination_2_sls_hb__hb_000144,bs_combination_2_sls_hb,BS 5400:Part 2 / BD 37/01,hb,permanent_component,deck_construction_structural_dead,permanent_components/deck_construction_structural_dead/deck_construction_structural_dead.std,202,deck_construction,structural_dead,1
bs_combination_2_sls_hb__hb_000144,bs_combination_2_sls_hb,BS 5400:Part 2 / BD 37/01,hb,permanent_component,superimposed_surfacing,permanent_components/superimposed_surfacing/superimposed_surfacing.std,203,superimposed,surfacing,1.2
bs_combination_2_sls_hb__hb_000144,bs_combination_2_sls_hb,BS 5400:Part 2 / BD 37/01,hb,permanent_component,superimposed_other_superimposed,permanent_components/superimposed_other_superimposed/superimposed_other_superimposed.std,204,superimposed,other_superimposed,1
bs_combination_2_sls_hb__hb_000144,bs_combination_2_sls_hb,BS 5400:Part 2 / BD 37/01,hb,traffic_case,hb_000144,traffic/hb/hb_000144/hb_000144.std,144,superimposed,,1
bs_combination_3_uls_hb__hb_000118,bs_combination_3_uls_hb,BS 5400:Part 2 / BD 37/01,hb,permanent_component,precast_girder_structural_dead,permanent_components/precast_girder_structural_dead/precast_girder_structural_dead.std,201,precast_girder,structural_dead,1.1499999999999999
bs_combination_3_uls_hb__hb_000118,bs_combination_3_uls_hb,BS 5400:Part 2 / BD 37/01,hb,permanent_component,deck_construction_structural_dead,permanent_components/deck_construction_structural_dead/deck_construction_structural_dead.std,202,deck_construction,structural_dead,1.1499999999999999
bs_combination_3_uls_hb__hb_000118,bs_combination_3_uls_hb,BS 5400:Part 2 / BD 37/01,hb,permanent_component,superimposed_surfacing,permanent_components/superimposed_surfacing/superimposed_surfacing.std,203,superimposed,surfacing,1.75
bs_combination_3_uls_hb__hb_000118,bs_combination_3_uls_hb,BS 5400:Part 2 / BD 37/01,hb,permanent_component,superimposed_other_superimposed,permanent_components/superimposed_other_superimposed/superimposed_other_superimposed.std,204,superimposed,other_superimposed,1.2
bs_combination_3_uls_hb__hb_000118,bs_combination_3_uls_hb,BS 5400:Part 2 / BD 37/01,hb,traffic_case,hb_000118,traffic/hb/hb_000118/hb_000118.std,118,superimposed,,1.1000000000000001
bs_combination_3_uls_hb__hb_000122,bs_combination_3_uls_hb,BS 5400:Part 2 / BD 37/01,hb,permanent_component,precast_girder_structural_dead,permanent_components/precast_girder_structural_dead/precast_girder_structural_dead.std,201,precast_girder,structural_dead,1.1499999999999999
bs_combination_3_uls_hb__hb_000122,bs_combination_3_uls_hb,BS 5400:Part 2 / BD 37/01,hb,permanent_component,deck_construction_structural_dead,permanent_components/deck_construction_structural_dead/deck_construction_structural_dead.std,202,deck_construction,structural_dead,1.1499999999999999
bs_combination_3_uls_hb__hb_000122,bs_combination_3_uls_hb,BS 5400:Part 2 / BD 37/01,hb,permanent_component,superimposed_surfacing,permanent_components/superimposed_surfacing/superimposed_surfacing.std,203,superimposed,surfacing,1.75
bs_combination_3_uls_hb__hb_000122,bs_combination_3_uls_hb,BS 5400:Part 2 / BD 37/01,hb,permanent_component,superimposed_other_superimposed,permanent_components/superimposed_other_superimposed/superimposed_other_superimposed.std,204,superimposed,other_superimposed,1.2
bs_combination_3_uls_hb__hb_000122,bs_combination_3_uls_hb,BS 5400:Part 2 / BD 37/01,hb,traffic_case,hb_000122,traffic/hb/hb_000122/hb_000122.std,122,superimposed,,1.1000000000000001
bs_combination_3_uls_hb__hb_000126,bs_combination_3_uls_hb,BS 5400:Part 2 / BD 37/01,hb,permanent_component,precast_girder_structural_dead,permanent_components/precast_girder_structural_dead/precast_girder_structural_dead.std,201,precast_girder,structural_dead,1.1499999999999999
bs_combination_3_uls_hb__hb_000126,bs_combination_3_uls_hb,BS 5400:Part 2 / BD 37/01,hb,permanent_component,deck_construction_structural_dead,permanent_components/deck_construction_structural_dead/deck_construction_structural_dead.std,202,deck_construction,structural_dead,1.1499999999999999
bs_combination_3_uls_hb__hb_000126,bs_combination_3_uls_hb,BS 5400:Part 2 / BD 37/01,hb,permanent_component,superimposed_surfacing,permanent_components/superimposed_surfacing/superimposed_surfacing.std,203,superimposed,surfacing,1.75
bs_combination_3_uls_hb__hb_000126,bs_combination_3_uls_hb,BS 5400:Part 2 / BD 37/01,hb,permanent_component,superimposed_other_superimposed,permanent_components/superimposed_other_superimposed/superimposed_other_superimposed.std,204,superimposed,other_superimposed,1.2
bs_combination_3_uls_hb__hb_000126,bs_combination_3_uls_hb,BS 5400:Part 2 / BD 37/01,hb,traffic_case,hb_000126,traffic/hb/hb_000126/hb_000126.std,126,superimposed,,1.1000000000000001
bs_combination_3_uls_hb__hb_000127,bs_combination_3_uls_hb,BS 5400:Part 2 / BD 37/01,hb,permanent_component,precast_girder_structural_dead,permanent_components/precast_girder_structural_dead/precast_girder_structural_dead.std,201,precast_girder,structural_dead,1.1499999999999999
bs_combination_3_uls_hb__hb_000127,bs_combination_3_uls_hb,BS 5400:Part 2 / BD 37/01,hb,permanent_component,deck_construction_structural_dead,permanent_components/deck_construction_structural_dead/deck_construction_structural_dead.std,202,deck_construction,structural_dead,1.1499999999999999
bs_combination_3_uls_hb__hb_000127,bs_combination_3_uls_hb,BS 5400:Part 2 / BD 37/01,hb,permanent_component,superimposed_surfacing,permanent_components/superimposed_surfacing/superimposed_surfacing.std,203,superimposed,surfacing,1.75
bs_combination_3_uls_hb__hb_000127,bs_combination_3_uls_hb,BS 5400:Part 2 / BD 37/01,hb,permanent_component,superimposed_other_superimposed,permanent_components/superimposed_other_superimposed/superimposed_other_superimposed.std,204,superimposed,other_superimposed,1.2
bs_combination_3_uls_hb__hb_000127,bs_combination_3_uls_hb,BS 5400:Part 2 / BD 37/01,hb,traffic_case,hb_000127,traffic/hb/hb_000127/hb_000127.std,127,superimposed,,1.1000000000000001
bs_combination_3_uls_hb__hb_000131,bs_combination_3_uls_hb,BS 5400:Part 2 / BD 37/01,hb,permanent_component,precast_girder_structural_dead,permanent_components/precast_girder_structural_dead/precast_girder_structural_dead.std,201,precast_girder,structural_dead,1.1499999999999999
bs_combination_3_uls_hb__hb_000131,bs_combination_3_uls_hb,BS 5400:Part 2 / BD 37/01,hb,permanent_component,deck_construction_structural_dead,permanent_components/deck_construction_structural_dead/deck_construction_structural_dead.std,202,deck_construction,structural_dead,1.1499999999999999
bs_combination_3_uls_hb__hb_000131,bs_combination_3_uls_hb,BS 5400:Part 2 / BD 37/01,hb,permanent_component,superimposed_surfacing,permanent_components/superimposed_surfacing/superimposed_surfacing.std,203,superimposed,surfacing,1.75
bs_combination_3_uls_hb__hb_000131,bs_combination_3_uls_hb,BS 5400:Part 2 / BD 37/01,hb,permanent_component,superimposed_other_superimposed,permanent_components/superimposed_other_superimposed/superimposed_other_superimposed.std,204,superimposed,other_superimposed,1.2
bs_combination_3_uls_hb__hb_000131,bs_combination_3_uls_hb,BS 5400:Part 2 / BD 37/01,hb,traffic_case,hb_000131,traffic/hb/hb_000131/hb_000131.std,131,superimposed,,1.1000000000000001
bs_combination_3_uls_hb__hb_000135,bs_combination_3_uls_hb,BS 5400:Part 2 / BD 37/01,hb,permanent_component,precast_girder_structural_dead,permanent_components/precast_girder_structural_dead/precast_girder_structural_dead.std,201,precast_girder,structural_dead,1.1499999999999999
bs_combination_3_uls_hb__hb_000135,bs_combination_3_uls_hb,BS 5400:Part 2 / BD 37/01,hb,permanent_component,deck_construction_structural_dead,permanent_components/deck_construction_structural_dead/deck_construction_structural_dead.std,202,deck_construction,structural_dead,1.1499999999999999
bs_combination_3_uls_hb__hb_000135,bs_combination_3_uls_hb,BS 5400:Part 2 / BD 37/01,hb,permanent_component,superimposed_surfacing,permanent_components/superimposed_surfacing/superimposed_surfacing.std,203,superimposed,surfacing,1.75
bs_combination_3_uls_hb__hb_000135,bs_combination_3_uls_hb,BS 5400:Part 2 / BD 37/01,hb,permanent_component,superimposed_other_superimposed,permanent_components/superimposed_other_superimposed/superimposed_other_superimposed.std,204,superimposed,other_superimposed,1.2
bs_combination_3_uls_hb__hb_000135,bs_combination_3_uls_hb,BS 5400:Part 2 / BD 37/01,hb,traffic_case,hb_000135,traffic/hb/hb_000135/hb_000135.std,135,superimposed,,1.1000000000000001
bs_combination_3_uls_hb__hb_000136,bs_combination_3_uls_hb,BS 5400:Part 2 / BD 37/01,hb,permanent_component,precast_girder_structural_dead,permanent_components/precast_girder_structural_dead/precast_girder_structural_dead.std,201,precast_girder,structural_dead,1.1499999999999999
bs_combination_3_uls_hb__hb_000136,bs_combination_3_uls_hb,BS 5400:Part 2 / BD 37/01,hb,permanent_component,deck_construction_structural_dead,permanent_components/deck_construction_structural_dead/deck_construction_structural_dead.std,202,deck_construction,structural_dead,1.1499999999999999
bs_combination_3_uls_hb__hb_000136,bs_combination_3_uls_hb,BS 5400:Part 2 / BD 37/01,hb,permanent_component,superimposed_surfacing,permanent_components/superimposed_surfacing/superimposed_surfacing.std,203,superimposed,surfacing,1.75
bs_combination_3_uls_hb__hb_000136,bs_combination_3_uls_hb,BS 5400:Part 2 / BD 37/01,hb,permanent_component,superimposed_other_superimposed,permanent_components/superimposed_other_superimposed/superimposed_other_superimposed.std,204,superimposed,other_superimposed,1.2
bs_combination_3_uls_hb__hb_000136,bs_combination_3_uls_hb,BS 5400:Part 2 / BD 37/01,hb,traffic_case,hb_000136,traffic/hb/hb_000136/hb_000136.std,136,superimposed,,1.1000000000000001
bs_combination_3_uls_hb__hb_000137,bs_combination_3_uls_hb,BS 5400:Part 2 / BD 37/01,hb,permanent_component,precast_girder_structural_dead,permanent_components/precast_girder_structural_dead/precast_girder_structural_dead.std,201,precast_girder,structural_dead,1.1499999999999999
bs_combination_3_uls_hb__hb_000137,bs_combination_3_uls_hb,BS 5400:Part 2 / BD 37/01,hb,permanent_component,deck_construction_structural_dead,permanent_components/deck_construction_structural_dead/deck_construction_structural_dead.std,202,deck_construction,structural_dead,1.1499999999999999
bs_combination_3_uls_hb__hb_000137,bs_combination_3_uls_hb,BS 5400:Part 2 / BD 37/01,hb,permanent_component,superimposed_surfacing,permanent_components/superimposed_surfacing/superimposed_surfacing.std,203,superimposed,surfacing,1.75
bs_combination_3_uls_hb__hb_000137,bs_combination_3_uls_hb,BS 5400:Part 2 / BD 37/01,hb,permanent_component,superimposed_other_superimposed,permanent_components/superimposed_other_superimposed/superimposed_other_superimposed.std,204,superimposed,other_superimposed,1.2
bs_combination_3_uls_hb__hb_000137,bs_combination_3_uls_hb,BS 5400:Part 2 / BD 37/01,hb,traffic_case,hb_000137,traffic/hb/hb_000137/hb_000137.std,137,superimposed,,1.1000000000000001
bs_combination_3_uls_hb__hb_000139,bs_combination_3_uls_hb,BS 5400:Part 2 / BD 37/01,hb,permanent_component,precast_girder_structural_dead,permanent_components/precast_girder_structural_dead/precast_girder_structural_dead.std,201,precast_girder,structural_dead,1.1499999999999999
bs_combination_3_uls_hb__hb_000139,bs_combination_3_uls_hb,BS 5400:Part 2 / BD 37/01,hb,permanent_component,deck_construction_structural_dead,permanent_components/deck_construction_structural_dead/deck_construction_structural_dead.std,202,deck_construction,structural_dead,1.1499999999999999
bs_combination_3_uls_hb__hb_000139,bs_combination_3_uls_hb,BS 5400:Part 2 / BD 37/01,hb,permanent_component,superimposed_surfacing,permanent_components/superimposed_surfacing/superimposed_surfacing.std,203,superimposed,surfacing,1.75
bs_combination_3_uls_hb__hb_000139,bs_combination_3_uls_hb,BS 5400:Part 2 / BD 37/01,hb,permanent_component,superimposed_other_superimposed,permanent_components/superimposed_other_superimposed/superimposed_other_superimposed.std,204,superimposed,other_superimposed,1.2
bs_combination_3_uls_hb__hb_000139,bs_combination_3_uls_hb,BS 5400:Part 2 / BD 37/01,hb,traffic_case,hb_000139,traffic/hb/hb_000139/hb_000139.std,139,superimposed,,1.1000000000000001
bs_combination_3_uls_hb__hb_000140,bs_combination_3_uls_hb,BS 5400:Part 2 / BD 37/01,hb,permanent_component,precast_girder_structural_dead,permanent_components/precast_girder_structural_dead/precast_girder_structural_dead.std,201,precast_girder,structural_dead,1.1499999999999999
bs_combination_3_uls_hb__hb_000140,bs_combination_3_uls_hb,BS 5400:Part 2 / BD 37/01,hb,permanent_component,deck_construction_structural_dead,permanent_components/deck_construction_structural_dead/deck_construction_structural_dead.std,202,deck_construction,structural_dead,1.1499999999999999
bs_combination_3_uls_hb__hb_000140,bs_combination_3_uls_hb,BS 5400:Part 2 / BD 37/01,hb,permanent_component,superimposed_surfacing,permanent_components/superimposed_surfacing/superimposed_surfacing.std,203,superimposed,surfacing,1.75
bs_combination_3_uls_hb__hb_000140,bs_combination_3_uls_hb,BS 5400:Part 2 / BD 37/01,hb,permanent_component,superimposed_other_superimposed,permanent_components/superimposed_other_superimposed/superimposed_other_superimposed.std,204,superimposed,other_superimposed,1.2
bs_combination_3_uls_hb__hb_000140,bs_combination_3_uls_hb,BS 5400:Part 2 / BD 37/01,hb,traffic_case,hb_000140,traffic/hb/hb_000140/hb_000140.std,140,superimposed,,1.1000000000000001
bs_combination_3_uls_hb__hb_000141,bs_combination_3_uls_hb,BS 5400:Part 2 / BD 37/01,hb,permanent_component,precast_girder_structural_dead,permanent_components/precast_girder_structural_dead/precast_girder_structural_dead.std,201,precast_girder,structural_dead,1.1499999999999999
bs_combination_3_uls_hb__hb_000141,bs_combination_3_uls_hb,BS 5400:Part 2 / BD 37/01,hb,permanent_component,deck_construction_structural_dead,permanent_components/deck_construction_structural_dead/deck_construction_structural_dead.std,202,deck_construction,structural_dead,1.1499999999999999
bs_combination_3_uls_hb__hb_000141,bs_combination_3_uls_hb,BS 5400:Part 2 / BD 37/01,hb,permanent_component,superimposed_surfacing,permanent_components/superimposed_surfacing/superimposed_surfacing.std,203,superimposed,surfacing,1.75
bs_combination_3_uls_hb__hb_000141,bs_combination_3_uls_hb,BS 5400:Part 2 / BD 37/01,hb,permanent_component,superimposed_other_superimposed,permanent_components/superimposed_other_superimposed/superimposed_other_superimposed.std,204,superimposed,other_superimposed,1.2
bs_combination_3_uls_hb__hb_000141,bs_combination_3_uls_hb,BS 5400:Part 2 / BD 37/01,hb,traffic_case,hb_000141,traffic/hb/hb_000141/hb_000141.std,141,superimposed,,1.1000000000000001
bs_combination_3_uls_hb__hb_000143,bs_combination_3_uls_hb,BS 5400:Part 2 / BD 37/01,hb,permanent_component,precast_girder_structural_dead,permanent_components/precast_girder_structural_dead/precast_girder_structural_dead.std,201,precast_girder,structural_dead,1.1499999999999999
bs_combination_3_uls_hb__hb_000143,bs_combination_3_uls_hb,BS 5400:Part 2 / BD 37/01,hb,permanent_component,deck_construction_structural_dead,permanent_components/deck_construction_structural_dead/deck_construction_structural_dead.std,202,deck_construction,structural_dead,1.1499999999999999
bs_combination_3_uls_hb__hb_000143,bs_combination_3_uls_hb,BS 5400:Part 2 / BD 37/01,hb,permanent_component,superimposed_surfacing,permanent_components/superimposed_surfacing/superimposed_surfacing.std,203,superimposed,surfacing,1.75
bs_combination_3_uls_hb__hb_000143,bs_combination_3_uls_hb,BS 5400:Part 2 / BD 37/01,hb,permanent_component,superimposed_other_superimposed,permanent_components/superimposed_other_superimposed/superimposed_other_superimposed.std,204,superimposed,other_superimposed,1.2
bs_combination_3_uls_hb__hb_000143,bs_combination_3_uls_hb,BS 5400:Part 2 / BD 37/01,hb,traffic_case,hb_000143,traffic/hb/hb_000143/hb_000143.std,143,superimposed,,1.1000000000000001
bs_combination_3_uls_hb__hb_000144,bs_combination_3_uls_hb,BS 5400:Part 2 / BD 37/01,hb,permanent_component,precast_girder_structural_dead,permanent_components/precast_girder_structural_dead/precast_girder_structural_dead.std,201,precast_girder,structural_dead,1.1499999999999999
bs_combination_3_uls_hb__hb_000144,bs_combination_3_uls_hb,BS 5400:Part 2 / BD 37/01,hb,permanent_component,deck_construction_structural_dead,permanent_components/deck_construction_structural_dead/deck_construction_structural_dead.std,202,deck_construction,structural_dead,1.1499999999999999
bs_combination_3_uls_hb__hb_000144,bs_combination_3_uls_hb,BS 5400:Part 2 / BD 37/01,hb,permanent_component,superimposed_surfacing,permanent_components/superimposed_surfacing/superimposed_surfacing.std,203,superimposed,surfacing,1.75
bs_combination_3_uls_hb__hb_000144,bs_combination_3_uls_hb,BS 5400:Part 2 / BD 37/01,hb,permanent_component,superimposed_other_superimposed,permanent_components/superimposed_other_superimposed/superimposed_other_superimposed.std,204,superimposed,other_superimposed,1.2
bs_combination_3_uls_hb__hb_000144,bs_combination_3_uls_hb,BS 5400:Part 2 / BD 37/01,hb,traffic_case,hb_000144,traffic/hb/hb_000144/hb_000144.std,144,superimposed,,1.1000000000000001
bs_combination_3_sls_hb__hb_000118,bs_combination_3_sls_hb,BS 5400:Part 2 / BD 37/01,hb,permanent_component,precast_girder_structural_dead,permanent_components/precast_girder_structural_dead/precast_girder_structural_dead.std,201,precast_girder,structural_dead,1
bs_combination_3_sls_hb__hb_000118,bs_combination_3_sls_hb,BS 5400:Part 2 / BD 37/01,hb,permanent_component,deck_construction_structural_dead,permanent_components/deck_construction_structural_dead/deck_construction_structural_dead.std,202,deck_construction,structural_dead,1
bs_combination_3_sls_hb__hb_000118,bs_combination_3_sls_hb,BS 5400:Part 2 / BD 37/01,hb,permanent_component,superimposed_surfacing,permanent_components/superimposed_surfacing/superimposed_surfacing.std,203,superimposed,surfacing,1.2
bs_combination_3_sls_hb__hb_000118,bs_combination_3_sls_hb,BS 5400:Part 2 / BD 37/01,hb,permanent_component,superimposed_other_superimposed,permanent_components/superimposed_other_superimposed/superimposed_other_superimposed.std,204,superimposed,other_superimposed,1
bs_combination_3_sls_hb__hb_000118,bs_combination_3_sls_hb,BS 5400:Part 2 / BD 37/01,hb,traffic_case,hb_000118,traffic/hb/hb_000118/hb_000118.std,118,superimposed,,1
bs_combination_3_sls_hb__hb_000122,bs_combination_3_sls_hb,BS 5400:Part 2 / BD 37/01,hb,permanent_component,precast_girder_structural_dead,permanent_components/precast_girder_structural_dead/precast_girder_structural_dead.std,201,precast_girder,structural_dead,1
bs_combination_3_sls_hb__hb_000122,bs_combination_3_sls_hb,BS 5400:Part 2 / BD 37/01,hb,permanent_component,deck_construction_structural_dead,permanent_components/deck_construction_structural_dead/deck_construction_structural_dead.std,202,deck_construction,structural_dead,1
bs_combination_3_sls_hb__hb_000122,bs_combination_3_sls_hb,BS 5400:Part 2 / BD 37/01,hb,permanent_component,superimposed_surfacing,permanent_components/superimposed_surfacing/superimposed_surfacing.std,203,superimposed,surfacing,1.2
bs_combination_3_sls_hb__hb_000122,bs_combination_3_sls_hb,BS 5400:Part 2 / BD 37/01,hb,permanent_component,superimposed_other_superimposed,permanent_components/superimposed_other_superimposed/superimposed_other_superimposed.std,204,superimposed,other_superimposed,1
bs_combination_3_sls_hb__hb_000122,bs_combination_3_sls_hb,BS 5400:Part 2 / BD 37/01,hb,traffic_case,hb_000122,traffic/hb/hb_000122/hb_000122.std,122,superimposed,,1
bs_combination_3_sls_hb__hb_000126,bs_combination_3_sls_hb,BS 5400:Part 2 / BD 37/01,hb,permanent_component,precast_girder_structural_dead,permanent_components/precast_girder_structural_dead/precast_girder_structural_dead.std,201,precast_girder,structural_dead,1
bs_combination_3_sls_hb__hb_000126,bs_combination_3_sls_hb,BS 5400:Part 2 / BD 37/01,hb,permanent_component,deck_construction_structural_dead,permanent_components/deck_construction_structural_dead/deck_construction_structural_dead.std,202,deck_construction,structural_dead,1
bs_combination_3_sls_hb__hb_000126,bs_combination_3_sls_hb,BS 5400:Part 2 / BD 37/01,hb,permanent_component,superimposed_surfacing,permanent_components/superimposed_surfacing/superimposed_surfacing.std,203,superimposed,surfacing,1.2
bs_combination_3_sls_hb__hb_000126,bs_combination_3_sls_hb,BS 5400:Part 2 / BD 37/01,hb,permanent_component,superimposed_other_superimposed,permanent_components/superimposed_other_superimposed/superimposed_other_superimposed.std,204,superimposed,other_superimposed,1
bs_combination_3_sls_hb__hb_000126,bs_combination_3_sls_hb,BS 5400:Part 2 / BD 37/01,hb,traffic_case,hb_000126,traffic/hb/hb_000126/hb_000126.std,126,superimposed,,1
bs_combination_3_sls_hb__hb_000127,bs_combination_3_sls_hb,BS 5400:Part 2 / BD 37/01,hb,permanent_component,precast_girder_structural_dead,permanent_components/precast_girder_structural_dead/precast_girder_structural_dead.std,201,precast_girder,structural_dead,1
bs_combination_3_sls_hb__hb_000127,bs_combination_3_sls_hb,BS 5400:Part 2 / BD 37/01,hb,permanent_component,deck_construction_structural_dead,permanent_components/deck_construction_structural_dead/deck_construction_structural_dead.std,202,deck_construction,structural_dead,1
bs_combination_3_sls_hb__hb_000127,bs_combination_3_sls_hb,BS 5400:Part 2 / BD 37/01,hb,permanent_component,superimposed_surfacing,permanent_components/superimposed_surfacing/superimposed_surfacing.std,203,superimposed,surfacing,1.2
bs_combination_3_sls_hb__hb_000127,bs_combination_3_sls_hb,BS 5400:Part 2 / BD 37/01,hb,permanent_component,superimposed_other_superimposed,permanent_components/superimposed_other_superimposed/superimposed_other_superimposed.std,204,superimposed,other_superimposed,1
bs_combination_3_sls_hb__hb_000127,bs_combination_3_sls_hb,BS 5400:Part 2 / BD 37/01,hb,traffic_case,hb_000127,traffic/hb/hb_000127/hb_000127.std,127,superimposed,,1
bs_combination_3_sls_hb__hb_000131,bs_combination_3_sls_hb,BS 5400:Part 2 / BD 37/01,hb,permanent_component,precast_girder_structural_dead,permanent_components/precast_girder_structural_dead/precast_girder_structural_dead.std,201,precast_girder,structural_dead,1
bs_combination_3_sls_hb__hb_000131,bs_combination_3_sls_hb,BS 5400:Part 2 / BD 37/01,hb,permanent_component,deck_construction_structural_dead,permanent_components/deck_construction_structural_dead/deck_construction_structural_dead.std,202,deck_construction,structural_dead,1
bs_combination_3_sls_hb__hb_000131,bs_combination_3_sls_hb,BS 5400:Part 2 / BD 37/01,hb,permanent_component,superimposed_surfacing,permanent_components/superimposed_surfacing/superimposed_surfacing.std,203,superimposed,surfacing,1.2
bs_combination_3_sls_hb__hb_000131,bs_combination_3_sls_hb,BS 5400:Part 2 / BD 37/01,hb,permanent_component,superimposed_other_superimposed,permanent_components/superimposed_other_superimposed/superimposed_other_superimposed.std,204,superimposed,other_superimposed,1
bs_combination_3_sls_hb__hb_000131,bs_combination_3_sls_hb,BS 5400:Part 2 / BD 37/01,hb,traffic_case,hb_000131,traffic/hb/hb_000131/hb_000131.std,131,superimposed,,1
bs_combination_3_sls_hb__hb_000135,bs_combination_3_sls_hb,BS 5400:Part 2 / BD 37/01,hb,permanent_component,precast_girder_structural_dead,permanent_components/precast_girder_structural_dead/precast_girder_structural_dead.std,201,precast_girder,structural_dead,1
bs_combination_3_sls_hb__hb_000135,bs_combination_3_sls_hb,BS 5400:Part 2 / BD 37/01,hb,permanent_component,deck_construction_structural_dead,permanent_components/deck_construction_structural_dead/deck_construction_structural_dead.std,202,deck_construction,structural_dead,1
bs_combination_3_sls_hb__hb_000135,bs_combination_3_sls_hb,BS 5400:Part 2 / BD 37/01,hb,permanent_component,superimposed_surfacing,permanent_components/superimposed_surfacing/superimposed_surfacing.std,203,superimposed,surfacing,1.2
bs_combination_3_sls_hb__hb_000135,bs_combination_3_sls_hb,BS 5400:Part 2 / BD 37/01,hb,permanent_component,superimposed_other_superimposed,permanent_components/superimposed_other_superimposed/superimposed_other_superimposed.std,204,superimposed,other_superimposed,1
bs_combination_3_sls_hb__hb_000135,bs_combination_3_sls_hb,BS 5400:Part 2 / BD 37/01,hb,traffic_case,hb_000135,traffic/hb/hb_000135/hb_000135.std,135,superimposed,,1
bs_combination_3_sls_hb__hb_000136,bs_combination_3_sls_hb,BS 5400:Part 2 / BD 37/01,hb,permanent_component,precast_girder_structural_dead,permanent_components/precast_girder_structural_dead/precast_girder_structural_dead.std,201,precast_girder,structural_dead,1
bs_combination_3_sls_hb__hb_000136,bs_combination_3_sls_hb,BS 5400:Part 2 / BD 37/01,hb,permanent_component,deck_construction_structural_dead,permanent_components/deck_construction_structural_dead/deck_construction_structural_dead.std,202,deck_construction,structural_dead,1
bs_combination_3_sls_hb__hb_000136,bs_combination_3_sls_hb,BS 5400:Part 2 / BD 37/01,hb,permanent_component,superimposed_surfacing,permanent_components/superimposed_surfacing/superimposed_surfacing.std,203,superimposed,surfacing,1.2
bs_combination_3_sls_hb__hb_000136,bs_combination_3_sls_hb,BS 5400:Part 2 / BD 37/01,hb,permanent_component,superimposed_other_superimposed,permanent_components/superimposed_other_superimposed/superimposed_other_superimposed.std,204,superimposed,other_superimposed,1
bs_combination_3_sls_hb__hb_000136,bs_combination_3_sls_hb,BS 5400:Part 2 / BD 37/01,hb,traffic_case,hb_000136,traffic/hb/hb_000136/hb_000136.std,136,superimposed,,1
bs_combination_3_sls_hb__hb_000137,bs_combination_3_sls_hb,BS 5400:Part 2 / BD 37/01,hb,permanent_component,precast_girder_structural_dead,permanent_components/precast_girder_structural_dead/precast_girder_structural_dead.std,201,precast_girder,structural_dead,1
bs_combination_3_sls_hb__hb_000137,bs_combination_3_sls_hb,BS 5400:Part 2 / BD 37/01,hb,permanent_component,deck_construction_structural_dead,permanent_components/deck_construction_structural_dead/deck_construction_structural_dead.std,202,deck_construction,structural_dead,1
bs_combination_3_sls_hb__hb_000137,bs_combination_3_sls_hb,BS 5400:Part 2 / BD 37/01,hb,permanent_component,superimposed_surfacing,permanent_components/superimposed_surfacing/superimposed_surfacing.std,203,superimposed,surfacing,1.2
bs_combination_3_sls_hb__hb_000137,bs_combination_3_sls_hb,BS 5400:Part 2 / BD 37/01,hb,permanent_component,superimposed_other_superimposed,permanent_components/superimposed_other_superimposed/superimposed_other_superimposed.std,204,superimposed,other_superimposed,1
bs_combination_3_sls_hb__hb_000137,bs_combination_3_sls_hb,BS 5400:Part 2 / BD 37/01,hb,traffic_case,hb_000137,traffic/hb/hb_000137/hb_000137.std,137,superimposed,,1
bs_combination_3_sls_hb__hb_000139,bs_combination_3_sls_hb,BS 5400:Part 2 / BD 37/01,hb,permanent_component,precast_girder_structural_dead,permanent_components/precast_girder_structural_dead/precast_girder_structural_dead.std,201,precast_girder,structural_dead,1
bs_combination_3_sls_hb__hb_000139,bs_combination_3_sls_hb,BS 5400:Part 2 / BD 37/01,hb,permanent_component,deck_construction_structural_dead,permanent_components/deck_construction_structural_dead/deck_construction_structural_dead.std,202,deck_construction,structural_dead,1
bs_combination_3_sls_hb__hb_000139,bs_combination_3_sls_hb,BS 5400:Part 2 / BD 37/01,hb,permanent_component,superimposed_surfacing,permanent_components/superimposed_surfacing/superimposed_surfacing.std,203,superimposed,surfacing,1.2
bs_combination_3_sls_hb__hb_000139,bs_combination_3_sls_hb,BS 5400:Part 2 / BD 37/01,hb,permanent_component,superimposed_other_superimposed,permanent_components/superimposed_other_superimposed/superimposed_other_superimposed.std,204,superimposed,other_superimposed,1
bs_combination_3_sls_hb__hb_000139,bs_combination_3_sls_hb,BS 5400:Part 2 / BD 37/01,hb,traffic_case,hb_000139,traffic/hb/hb_000139/hb_000139.std,139,superimposed,,1
bs_combination_3_sls_hb__hb_000140,bs_combination_3_sls_hb,BS 5400:Part 2 / BD 37/01,hb,permanent_component,precast_girder_structural_dead,permanent_components/precast_girder_structural_dead/precast_girder_structural_dead.std,201,precast_girder,structural_dead,1
bs_combination_3_sls_hb__hb_000140,bs_combination_3_sls_hb,BS 5400:Part 2 / BD 37/01,hb,permanent_component,deck_construction_structural_dead,permanent_components/deck_construction_structural_dead/deck_construction_structural_dead.std,202,deck_construction,structural_dead,1
bs_combination_3_sls_hb__hb_000140,bs_combination_3_sls_hb,BS 5400:Part 2 / BD 37/01,hb,permanent_component,superimposed_surfacing,permanent_components/superimposed_surfacing/superimposed_surfacing.std,203,superimposed,surfacing,1.2
bs_combination_3_sls_hb__hb_000140,bs_combination_3_sls_hb,BS 5400:Part 2 / BD 37/01,hb,permanent_component,superimposed_other_superimposed,permanent_components/superimposed_other_superimposed/superimposed_other_superimposed.std,204,superimposed,other_superimposed,1
bs_combination_3_sls_hb__hb_000140,bs_combination_3_sls_hb,BS 5400:Part 2 / BD 37/01,hb,traffic_case,hb_000140,traffic/hb/hb_000140/hb_000140.std,140,superimposed,,1
bs_combination_3_sls_hb__hb_000141,bs_combination_3_sls_hb,BS 5400:Part 2 / BD 37/01,hb,permanent_component,precast_girder_structural_dead,permanent_components/precast_girder_structural_dead/precast_girder_structural_dead.std,201,precast_girder,structural_dead,1
bs_combination_3_sls_hb__hb_000141,bs_combination_3_sls_hb,BS 5400:Part 2 / BD 37/01,hb,permanent_component,deck_construction_structural_dead,permanent_components/deck_construction_structural_dead/deck_construction_structural_dead.std,202,deck_construction,structural_dead,1
bs_combination_3_sls_hb__hb_000141,bs_combination_3_sls_hb,BS 5400:Part 2 / BD 37/01,hb,permanent_component,superimposed_surfacing,permanent_components/superimposed_surfacing/superimposed_surfacing.std,203,superimposed,surfacing,1.2
bs_combination_3_sls_hb__hb_000141,bs_combination_3_sls_hb,BS 5400:Part 2 / BD 37/01,hb,permanent_component,superimposed_other_superimposed,permanent_components/superimposed_other_superimposed/superimposed_other_superimposed.std,204,superimposed,other_superimposed,1
bs_combination_3_sls_hb__hb_000141,bs_combination_3_sls_hb,BS 5400:Part 2 / BD 37/01,hb,traffic_case,hb_000141,traffic/hb/hb_000141/hb_000141.std,141,superimposed,,1
bs_combination_3_sls_hb__hb_000143,bs_combination_3_sls_hb,BS 5400:Part 2 / BD 37/01,hb,permanent_component,precast_girder_structural_dead,permanent_components/precast_girder_structural_dead/precast_girder_structural_dead.std,201,precast_girder,structural_dead,1
bs_combination_3_sls_hb__hb_000143,bs_combination_3_sls_hb,BS 5400:Part 2 / BD 37/01,hb,permanent_component,deck_construction_structural_dead,permanent_components/deck_construction_structural_dead/deck_construction_structural_dead.std,202,deck_construction,structural_dead,1
bs_combination_3_sls_hb__hb_000143,bs_combination_3_sls_hb,BS 5400:Part 2 / BD 37/01,hb,permanent_component,superimposed_surfacing,permanent_components/superimposed_surfacing/superimposed_surfacing.std,203,superimposed,surfacing,1.2
bs_combination_3_sls_hb__hb_000143,bs_combination_3_sls_hb,BS 5400:Part 2 / BD 37/01,hb,permanent_component,superimposed_other_superimposed,permanent_components/superimposed_other_superimposed/superimposed_other_superimposed.std,204,superimposed,other_superimposed,1
bs_combination_3_sls_hb__hb_000143,bs_combination_3_sls_hb,BS 5400:Part 2 / BD 37/01,hb,traffic_case,hb_000143,traffic/hb/hb_000143/hb_000143.std,143,superimposed,,1
bs_combination_3_sls_hb__hb_000144,bs_combination_3_sls_hb,BS 5400:Part 2 / BD 37/01,hb,permanent_component,precast_girder_structural_dead,permanent_components/precast_girder_structural_dead/precast_girder_structural_dead.std,201,precast_girder,structural_dead,1
bs_combination_3_sls_hb__hb_000144,bs_combination_3_sls_hb,BS 5400:Part 2 / BD 37/01,hb,permanent_component,deck_construction_structural_dead,permanent_components/deck_construction_structural_dead/deck_construction_structural_dead.std,202,deck_construction,structural_dead,1
bs_combination_3_sls_hb__hb_000144,bs_combination_3_sls_hb,BS 5400:Part 2 / BD 37/01,hb,permanent_component,superimposed_surfacing,permanent_components/superimposed_surfacing/superimposed_surfacing.std,203,superimposed,surfacing,1.2
bs_combination_3_sls_hb__hb_000144,bs_combination_3_sls_hb,BS 5400:Part 2 / BD 37/01,hb,permanent_component,superimposed_other_superimposed,permanent_components/superimposed_other_superimposed/superimposed_other_superimposed.std,204,superimposed,other_superimposed,1
bs_combination_3_sls_hb__hb_000144,bs_combination_3_sls_hb,BS 5400:Part 2 / BD 37/01,hb,traffic_case,hb_000144,traffic/hb/hb_000144/hb_000144.std,144,superimposed,,1
bs_combination_1_uls_ha_hb__ha_hb_000630,bs_combination_1_uls_ha_hb,BS 5400:Part 2 / BD 37/01,ha_hb,permanent_component,precast_girder_structural_dead,permanent_components/precast_girder_structural_dead/precast_girder_structural_dead.std,201,precast_girder,structural_dead,1.1499999999999999
bs_combination_1_uls_ha_hb__ha_hb_000630,bs_combination_1_uls_ha_hb,BS 5400:Part 2 / BD 37/01,ha_hb,permanent_component,deck_construction_structural_dead,permanent_components/deck_construction_structural_dead/deck_construction_structural_dead.std,202,deck_construction,structural_dead,1.1499999999999999
bs_combination_1_uls_ha_hb__ha_hb_000630,bs_combination_1_uls_ha_hb,BS 5400:Part 2 / BD 37/01,ha_hb,permanent_component,superimposed_surfacing,permanent_components/superimposed_surfacing/superimposed_surfacing.std,203,superimposed,surfacing,1.75
bs_combination_1_uls_ha_hb__ha_hb_000630,bs_combination_1_uls_ha_hb,BS 5400:Part 2 / BD 37/01,ha_hb,permanent_component,superimposed_other_superimposed,permanent_components/superimposed_other_superimposed/superimposed_other_superimposed.std,204,superimposed,other_superimposed,1.2
bs_combination_1_uls_ha_hb__ha_hb_000630,bs_combination_1_uls_ha_hb,BS 5400:Part 2 / BD 37/01,ha_hb,traffic_case,ha_hb_000630,traffic/ha_hb/ha_hb_000630/ha_hb_000630.std,630,superimposed,,1.3
bs_combination_1_uls_ha_hb__ha_hb_000632,bs_combination_1_uls_ha_hb,BS 5400:Part 2 / BD 37/01,ha_hb,permanent_component,precast_girder_structural_dead,permanent_components/precast_girder_structural_dead/precast_girder_structural_dead.std,201,precast_girder,structural_dead,1.1499999999999999
bs_combination_1_uls_ha_hb__ha_hb_000632,bs_combination_1_uls_ha_hb,BS 5400:Part 2 / BD 37/01,ha_hb,permanent_component,deck_construction_structural_dead,permanent_components/deck_construction_structural_dead/deck_construction_structural_dead.std,202,deck_construction,structural_dead,1.1499999999999999
bs_combination_1_uls_ha_hb__ha_hb_000632,bs_combination_1_uls_ha_hb,BS 5400:Part 2 / BD 37/01,ha_hb,permanent_component,superimposed_surfacing,permanent_components/superimposed_surfacing/superimposed_surfacing.std,203,superimposed,surfacing,1.75
bs_combination_1_uls_ha_hb__ha_hb_000632,bs_combination_1_uls_ha_hb,BS 5400:Part 2 / BD 37/01,ha_hb,permanent_component,superimposed_other_superimposed,permanent_components/superimposed_other_superimposed/superimposed_other_superimposed.std,204,superimposed,other_superimposed,1.2
bs_combination_1_uls_ha_hb__ha_hb_000632,bs_combination_1_uls_ha_hb,BS 5400:Part 2 / BD 37/01,ha_hb,traffic_case,ha_hb_000632,traffic/ha_hb/ha_hb_000632/ha_hb_000632.std,632,superimposed,,1.3
bs_combination_1_uls_ha_hb__ha_hb_000657,bs_combination_1_uls_ha_hb,BS 5400:Part 2 / BD 37/01,ha_hb,permanent_component,precast_girder_structural_dead,permanent_components/precast_girder_structural_dead/precast_girder_structural_dead.std,201,precast_girder,structural_dead,1.1499999999999999
bs_combination_1_uls_ha_hb__ha_hb_000657,bs_combination_1_uls_ha_hb,BS 5400:Part 2 / BD 37/01,ha_hb,permanent_component,deck_construction_structural_dead,permanent_components/deck_construction_structural_dead/deck_construction_structural_dead.std,202,deck_construction,structural_dead,1.1499999999999999
bs_combination_1_uls_ha_hb__ha_hb_000657,bs_combination_1_uls_ha_hb,BS 5400:Part 2 / BD 37/01,ha_hb,permanent_component,superimposed_surfacing,permanent_components/superimposed_surfacing/superimposed_surfacing.std,203,superimposed,surfacing,1.75
bs_combination_1_uls_ha_hb__ha_hb_000657,bs_combination_1_uls_ha_hb,BS 5400:Part 2 / BD 37/01,ha_hb,permanent_component,superimposed_other_superimposed,permanent_components/superimposed_other_superimposed/superimposed_other_superimposed.std,204,superimposed,other_superimposed,1.2
bs_combination_1_uls_ha_hb__ha_hb_000657,bs_combination_1_uls_ha_hb,BS 5400:Part 2 / BD 37/01,ha_hb,traffic_case,ha_hb_000657,traffic/ha_hb/ha_hb_000657/ha_hb_000657.std,657,superimposed,,1.3
bs_combination_1_uls_ha_hb__ha_hb_000676,bs_combination_1_uls_ha_hb,BS 5400:Part 2 / BD 37/01,ha_hb,permanent_component,precast_girder_structural_dead,permanent_components/precast_girder_structural_dead/precast_girder_structural_dead.std,201,precast_girder,structural_dead,1.1499999999999999
bs_combination_1_uls_ha_hb__ha_hb_000676,bs_combination_1_uls_ha_hb,BS 5400:Part 2 / BD 37/01,ha_hb,permanent_component,deck_construction_structural_dead,permanent_components/deck_construction_structural_dead/deck_construction_structural_dead.std,202,deck_construction,structural_dead,1.1499999999999999
bs_combination_1_uls_ha_hb__ha_hb_000676,bs_combination_1_uls_ha_hb,BS 5400:Part 2 / BD 37/01,ha_hb,permanent_component,superimposed_surfacing,permanent_components/superimposed_surfacing/superimposed_surfacing.std,203,superimposed,surfacing,1.75
bs_combination_1_uls_ha_hb__ha_hb_000676,bs_combination_1_uls_ha_hb,BS 5400:Part 2 / BD 37/01,ha_hb,permanent_component,superimposed_other_superimposed,permanent_components/superimposed_other_superimposed/superimposed_other_superimposed.std,204,superimposed,other_superimposed,1.2
bs_combination_1_uls_ha_hb__ha_hb_000676,bs_combination_1_uls_ha_hb,BS 5400:Part 2 / BD 37/01,ha_hb,traffic_case,ha_hb_000676,traffic/ha_hb/ha_hb_000676/ha_hb_000676.std,676,superimposed,,1.3
bs_combination_1_uls_ha_hb__ha_hb_000678,bs_combination_1_uls_ha_hb,BS 5400:Part 2 / BD 37/01,ha_hb,permanent_component,precast_girder_structural_dead,permanent_components/precast_girder_structural_dead/precast_girder_structural_dead.std,201,precast_girder,structural_dead,1.1499999999999999
bs_combination_1_uls_ha_hb__ha_hb_000678,bs_combination_1_uls_ha_hb,BS 5400:Part 2 / BD 37/01,ha_hb,permanent_component,deck_construction_structural_dead,permanent_components/deck_construction_structural_dead/deck_construction_structural_dead.std,202,deck_construction,structural_dead,1.1499999999999999
bs_combination_1_uls_ha_hb__ha_hb_000678,bs_combination_1_uls_ha_hb,BS 5400:Part 2 / BD 37/01,ha_hb,permanent_component,superimposed_surfacing,permanent_components/superimposed_surfacing/superimposed_surfacing.std,203,superimposed,surfacing,1.75
bs_combination_1_uls_ha_hb__ha_hb_000678,bs_combination_1_uls_ha_hb,BS 5400:Part 2 / BD 37/01,ha_hb,permanent_component,superimposed_other_superimposed,permanent_components/superimposed_other_superimposed/superimposed_other_superimposed.std,204,superimposed,other_superimposed,1.2
bs_combination_1_uls_ha_hb__ha_hb_000678,bs_combination_1_uls_ha_hb,BS 5400:Part 2 / BD 37/01,ha_hb,traffic_case,ha_hb_000678,traffic/ha_hb/ha_hb_000678/ha_hb_000678.std,678,superimposed,,1.3
bs_combination_1_uls_ha_hb__ha_hb_000703,bs_combination_1_uls_ha_hb,BS 5400:Part 2 / BD 37/01,ha_hb,permanent_component,precast_girder_structural_dead,permanent_components/precast_girder_structural_dead/precast_girder_structural_dead.std,201,precast_girder,structural_dead,1.1499999999999999
bs_combination_1_uls_ha_hb__ha_hb_000703,bs_combination_1_uls_ha_hb,BS 5400:Part 2 / BD 37/01,ha_hb,permanent_component,deck_construction_structural_dead,permanent_components/deck_construction_structural_dead/deck_construction_structural_dead.std,202,deck_construction,structural_dead,1.1499999999999999
bs_combination_1_uls_ha_hb__ha_hb_000703,bs_combination_1_uls_ha_hb,BS 5400:Part 2 / BD 37/01,ha_hb,permanent_component,superimposed_surfacing,permanent_components/superimposed_surfacing/superimposed_surfacing.std,203,superimposed,surfacing,1.75
bs_combination_1_uls_ha_hb__ha_hb_000703,bs_combination_1_uls_ha_hb,BS 5400:Part 2 / BD 37/01,ha_hb,permanent_component,superimposed_other_superimposed,permanent_components/superimposed_other_superimposed/superimposed_other_superimposed.std,204,superimposed,other_superimposed,1.2
bs_combination_1_uls_ha_hb__ha_hb_000703,bs_combination_1_uls_ha_hb,BS 5400:Part 2 / BD 37/01,ha_hb,traffic_case,ha_hb_000703,traffic/ha_hb/ha_hb_000703/ha_hb_000703.std,703,superimposed,,1.3
bs_combination_1_uls_ha_hb__ha_hb_000708,bs_combination_1_uls_ha_hb,BS 5400:Part 2 / BD 37/01,ha_hb,permanent_component,precast_girder_structural_dead,permanent_components/precast_girder_structural_dead/precast_girder_structural_dead.std,201,precast_girder,structural_dead,1.1499999999999999
bs_combination_1_uls_ha_hb__ha_hb_000708,bs_combination_1_uls_ha_hb,BS 5400:Part 2 / BD 37/01,ha_hb,permanent_component,deck_construction_structural_dead,permanent_components/deck_construction_structural_dead/deck_construction_structural_dead.std,202,deck_construction,structural_dead,1.1499999999999999
bs_combination_1_uls_ha_hb__ha_hb_000708,bs_combination_1_uls_ha_hb,BS 5400:Part 2 / BD 37/01,ha_hb,permanent_component,superimposed_surfacing,permanent_components/superimposed_surfacing/superimposed_surfacing.std,203,superimposed,surfacing,1.75
bs_combination_1_uls_ha_hb__ha_hb_000708,bs_combination_1_uls_ha_hb,BS 5400:Part 2 / BD 37/01,ha_hb,permanent_component,superimposed_other_superimposed,permanent_components/superimposed_other_superimposed/superimposed_other_superimposed.std,204,superimposed,other_superimposed,1.2
bs_combination_1_uls_ha_hb__ha_hb_000708,bs_combination_1_uls_ha_hb,BS 5400:Part 2 / BD 37/01,ha_hb,traffic_case,ha_hb_000708,traffic/ha_hb/ha_hb_000708/ha_hb_000708.std,708,superimposed,,1.3
bs_combination_1_uls_ha_hb__ha_hb_000734,bs_combination_1_uls_ha_hb,BS 5400:Part 2 / BD 37/01,ha_hb,permanent_component,precast_girder_structural_dead,permanent_components/precast_girder_structural_dead/precast_girder_structural_dead.std,201,precast_girder,structural_dead,1.1499999999999999
bs_combination_1_uls_ha_hb__ha_hb_000734,bs_combination_1_uls_ha_hb,BS 5400:Part 2 / BD 37/01,ha_hb,permanent_component,deck_construction_structural_dead,permanent_components/deck_construction_structural_dead/deck_construction_structural_dead.std,202,deck_construction,structural_dead,1.1499999999999999
bs_combination_1_uls_ha_hb__ha_hb_000734,bs_combination_1_uls_ha_hb,BS 5400:Part 2 / BD 37/01,ha_hb,permanent_component,superimposed_surfacing,permanent_components/superimposed_surfacing/superimposed_surfacing.std,203,superimposed,surfacing,1.75
bs_combination_1_uls_ha_hb__ha_hb_000734,bs_combination_1_uls_ha_hb,BS 5400:Part 2 / BD 37/01,ha_hb,permanent_component,superimposed_other_superimposed,permanent_components/superimposed_other_superimposed/superimposed_other_superimposed.std,204,superimposed,other_superimposed,1.2
bs_combination_1_uls_ha_hb__ha_hb_000734,bs_combination_1_uls_ha_hb,BS 5400:Part 2 / BD 37/01,ha_hb,traffic_case,ha_hb_000734,traffic/ha_hb/ha_hb_000734/ha_hb_000734.std,734,superimposed,,1.3
bs_combination_1_uls_ha_hb__ha_hb_000742,bs_combination_1_uls_ha_hb,BS 5400:Part 2 / BD 37/01,ha_hb,permanent_component,precast_girder_structural_dead,permanent_components/precast_girder_structural_dead/precast_girder_structural_dead.std,201,precast_girder,structural_dead,1.1499999999999999
bs_combination_1_uls_ha_hb__ha_hb_000742,bs_combination_1_uls_ha_hb,BS 5400:Part 2 / BD 37/01,ha_hb,permanent_component,deck_construction_structural_dead,permanent_components/deck_construction_structural_dead/deck_construction_structural_dead.std,202,deck_construction,structural_dead,1.1499999999999999
bs_combination_1_uls_ha_hb__ha_hb_000742,bs_combination_1_uls_ha_hb,BS 5400:Part 2 / BD 37/01,ha_hb,permanent_component,superimposed_surfacing,permanent_components/superimposed_surfacing/superimposed_surfacing.std,203,superimposed,surfacing,1.75
bs_combination_1_uls_ha_hb__ha_hb_000742,bs_combination_1_uls_ha_hb,BS 5400:Part 2 / BD 37/01,ha_hb,permanent_component,superimposed_other_superimposed,permanent_components/superimposed_other_superimposed/superimposed_other_superimposed.std,204,superimposed,other_superimposed,1.2
bs_combination_1_uls_ha_hb__ha_hb_000742,bs_combination_1_uls_ha_hb,BS 5400:Part 2 / BD 37/01,ha_hb,traffic_case,ha_hb_000742,traffic/ha_hb/ha_hb_000742/ha_hb_000742.std,742,superimposed,,1.3
bs_combination_1_uls_ha_hb__ha_hb_000746,bs_combination_1_uls_ha_hb,BS 5400:Part 2 / BD 37/01,ha_hb,permanent_component,precast_girder_structural_dead,permanent_components/precast_girder_structural_dead/precast_girder_structural_dead.std,201,precast_girder,structural_dead,1.1499999999999999
bs_combination_1_uls_ha_hb__ha_hb_000746,bs_combination_1_uls_ha_hb,BS 5400:Part 2 / BD 37/01,ha_hb,permanent_component,deck_construction_structural_dead,permanent_components/deck_construction_structural_dead/deck_construction_structural_dead.std,202,deck_construction,structural_dead,1.1499999999999999
bs_combination_1_uls_ha_hb__ha_hb_000746,bs_combination_1_uls_ha_hb,BS 5400:Part 2 / BD 37/01,ha_hb,permanent_component,superimposed_surfacing,permanent_components/superimposed_surfacing/superimposed_surfacing.std,203,superimposed,surfacing,1.75
bs_combination_1_uls_ha_hb__ha_hb_000746,bs_combination_1_uls_ha_hb,BS 5400:Part 2 / BD 37/01,ha_hb,permanent_component,superimposed_other_superimposed,permanent_components/superimposed_other_superimposed/superimposed_other_superimposed.std,204,superimposed,other_superimposed,1.2
bs_combination_1_uls_ha_hb__ha_hb_000746,bs_combination_1_uls_ha_hb,BS 5400:Part 2 / BD 37/01,ha_hb,traffic_case,ha_hb_000746,traffic/ha_hb/ha_hb_000746/ha_hb_000746.std,746,superimposed,,1.3
bs_combination_1_uls_ha_hb__ha_hb_000754,bs_combination_1_uls_ha_hb,BS 5400:Part 2 / BD 37/01,ha_hb,permanent_component,precast_girder_structural_dead,permanent_components/precast_girder_structural_dead/precast_girder_structural_dead.std,201,precast_girder,structural_dead,1.1499999999999999
bs_combination_1_uls_ha_hb__ha_hb_000754,bs_combination_1_uls_ha_hb,BS 5400:Part 2 / BD 37/01,ha_hb,permanent_component,deck_construction_structural_dead,permanent_components/deck_construction_structural_dead/deck_construction_structural_dead.std,202,deck_construction,structural_dead,1.1499999999999999
bs_combination_1_uls_ha_hb__ha_hb_000754,bs_combination_1_uls_ha_hb,BS 5400:Part 2 / BD 37/01,ha_hb,permanent_component,superimposed_surfacing,permanent_components/superimposed_surfacing/superimposed_surfacing.std,203,superimposed,surfacing,1.75
bs_combination_1_uls_ha_hb__ha_hb_000754,bs_combination_1_uls_ha_hb,BS 5400:Part 2 / BD 37/01,ha_hb,permanent_component,superimposed_other_superimposed,permanent_components/superimposed_other_superimposed/superimposed_other_superimposed.std,204,superimposed,other_superimposed,1.2
bs_combination_1_uls_ha_hb__ha_hb_000754,bs_combination_1_uls_ha_hb,BS 5400:Part 2 / BD 37/01,ha_hb,traffic_case,ha_hb_000754,traffic/ha_hb/ha_hb_000754/ha_hb_000754.std,754,superimposed,,1.3
bs_combination_1_uls_ha_hb__ha_hb_000760,bs_combination_1_uls_ha_hb,BS 5400:Part 2 / BD 37/01,ha_hb,permanent_component,precast_girder_structural_dead,permanent_components/precast_girder_structural_dead/precast_girder_structural_dead.std,201,precast_girder,structural_dead,1.1499999999999999
bs_combination_1_uls_ha_hb__ha_hb_000760,bs_combination_1_uls_ha_hb,BS 5400:Part 2 / BD 37/01,ha_hb,permanent_component,deck_construction_structural_dead,permanent_components/deck_construction_structural_dead/deck_construction_structural_dead.std,202,deck_construction,structural_dead,1.1499999999999999
bs_combination_1_uls_ha_hb__ha_hb_000760,bs_combination_1_uls_ha_hb,BS 5400:Part 2 / BD 37/01,ha_hb,permanent_component,superimposed_surfacing,permanent_components/superimposed_surfacing/superimposed_surfacing.std,203,superimposed,surfacing,1.75
bs_combination_1_uls_ha_hb__ha_hb_000760,bs_combination_1_uls_ha_hb,BS 5400:Part 2 / BD 37/01,ha_hb,permanent_component,superimposed_other_superimposed,permanent_components/superimposed_other_superimposed/superimposed_other_superimposed.std,204,superimposed,other_superimposed,1.2
bs_combination_1_uls_ha_hb__ha_hb_000760,bs_combination_1_uls_ha_hb,BS 5400:Part 2 / BD 37/01,ha_hb,traffic_case,ha_hb_000760,traffic/ha_hb/ha_hb_000760/ha_hb_000760.std,760,superimposed,,1.3
bs_combination_1_uls_ha_hb__ha_hb_000785,bs_combination_1_uls_ha_hb,BS 5400:Part 2 / BD 37/01,ha_hb,permanent_component,precast_girder_structural_dead,permanent_components/precast_girder_structural_dead/precast_girder_structural_dead.std,201,precast_girder,structural_dead,1.1499999999999999
bs_combination_1_uls_ha_hb__ha_hb_000785,bs_combination_1_uls_ha_hb,BS 5400:Part 2 / BD 37/01,ha_hb,permanent_component,deck_construction_structural_dead,permanent_components/deck_construction_structural_dead/deck_construction_structural_dead.std,202,deck_construction,structural_dead,1.1499999999999999
bs_combination_1_uls_ha_hb__ha_hb_000785,bs_combination_1_uls_ha_hb,BS 5400:Part 2 / BD 37/01,ha_hb,permanent_component,superimposed_surfacing,permanent_components/superimposed_surfacing/superimposed_surfacing.std,203,superimposed,surfacing,1.75
bs_combination_1_uls_ha_hb__ha_hb_000785,bs_combination_1_uls_ha_hb,BS 5400:Part 2 / BD 37/01,ha_hb,permanent_component,superimposed_other_superimposed,permanent_components/superimposed_other_superimposed/superimposed_other_superimposed.std,204,superimposed,other_superimposed,1.2
bs_combination_1_uls_ha_hb__ha_hb_000785,bs_combination_1_uls_ha_hb,BS 5400:Part 2 / BD 37/01,ha_hb,traffic_case,ha_hb_000785,traffic/ha_hb/ha_hb_000785/ha_hb_000785.std,785,superimposed,,1.3
bs_combination_1_uls_ha_hb__ha_hb_000786,bs_combination_1_uls_ha_hb,BS 5400:Part 2 / BD 37/01,ha_hb,permanent_component,precast_girder_structural_dead,permanent_components/precast_girder_structural_dead/precast_girder_structural_dead.std,201,precast_girder,structural_dead,1.1499999999999999
bs_combination_1_uls_ha_hb__ha_hb_000786,bs_combination_1_uls_ha_hb,BS 5400:Part 2 / BD 37/01,ha_hb,permanent_component,deck_construction_structural_dead,permanent_components/deck_construction_structural_dead/deck_construction_structural_dead.std,202,deck_construction,structural_dead,1.1499999999999999
bs_combination_1_uls_ha_hb__ha_hb_000786,bs_combination_1_uls_ha_hb,BS 5400:Part 2 / BD 37/01,ha_hb,permanent_component,superimposed_surfacing,permanent_components/superimposed_surfacing/superimposed_surfacing.std,203,superimposed,surfacing,1.75
bs_combination_1_uls_ha_hb__ha_hb_000786,bs_combination_1_uls_ha_hb,BS 5400:Part 2 / BD 37/01,ha_hb,permanent_component,superimposed_other_superimposed,permanent_components/superimposed_other_superimposed/superimposed_other_superimposed.std,204,superimposed,other_superimposed,1.2
bs_combination_1_uls_ha_hb__ha_hb_000786,bs_combination_1_uls_ha_hb,BS 5400:Part 2 / BD 37/01,ha_hb,traffic_case,ha_hb_000786,traffic/ha_hb/ha_hb_000786/ha_hb_000786.std,786,superimposed,,1.3
bs_combination_1_uls_ha_hb__ha_hb_000832,bs_combination_1_uls_ha_hb,BS 5400:Part 2 / BD 37/01,ha_hb,permanent_component,precast_girder_structural_dead,permanent_components/precast_girder_structural_dead/precast_girder_structural_dead.std,201,precast_girder,structural_dead,1.1499999999999999
bs_combination_1_uls_ha_hb__ha_hb_000832,bs_combination_1_uls_ha_hb,BS 5400:Part 2 / BD 37/01,ha_hb,permanent_component,deck_construction_structural_dead,permanent_components/deck_construction_structural_dead/deck_construction_structural_dead.std,202,deck_construction,structural_dead,1.1499999999999999
bs_combination_1_uls_ha_hb__ha_hb_000832,bs_combination_1_uls_ha_hb,BS 5400:Part 2 / BD 37/01,ha_hb,permanent_component,superimposed_surfacing,permanent_components/superimposed_surfacing/superimposed_surfacing.std,203,superimposed,surfacing,1.75
bs_combination_1_uls_ha_hb__ha_hb_000832,bs_combination_1_uls_ha_hb,BS 5400:Part 2 / BD 37/01,ha_hb,permanent_component,superimposed_other_superimposed,permanent_components/superimposed_other_superimposed/superimposed_other_superimposed.std,204,superimposed,other_superimposed,1.2
bs_combination_1_uls_ha_hb__ha_hb_000832,bs_combination_1_uls_ha_hb,BS 5400:Part 2 / BD 37/01,ha_hb,traffic_case,ha_hb_000832,traffic/ha_hb/ha_hb_000832/ha_hb_000832.std,832,superimposed,,1.3
bs_combination_1_sls_ha_hb__ha_hb_000630,bs_combination_1_sls_ha_hb,BS 5400:Part 2 / BD 37/01,ha_hb,permanent_component,precast_girder_structural_dead,permanent_components/precast_girder_structural_dead/precast_girder_structural_dead.std,201,precast_girder,structural_dead,1
bs_combination_1_sls_ha_hb__ha_hb_000630,bs_combination_1_sls_ha_hb,BS 5400:Part 2 / BD 37/01,ha_hb,permanent_component,deck_construction_structural_dead,permanent_components/deck_construction_structural_dead/deck_construction_structural_dead.std,202,deck_construction,structural_dead,1
bs_combination_1_sls_ha_hb__ha_hb_000630,bs_combination_1_sls_ha_hb,BS 5400:Part 2 / BD 37/01,ha_hb,permanent_component,superimposed_surfacing,permanent_components/superimposed_surfacing/superimposed_surfacing.std,203,superimposed,surfacing,1.2
bs_combination_1_sls_ha_hb__ha_hb_000630,bs_combination_1_sls_ha_hb,BS 5400:Part 2 / BD 37/01,ha_hb,permanent_component,superimposed_other_superimposed,permanent_components/superimposed_other_superimposed/superimposed_other_superimposed.std,204,superimposed,other_superimposed,1
bs_combination_1_sls_ha_hb__ha_hb_000630,bs_combination_1_sls_ha_hb,BS 5400:Part 2 / BD 37/01,ha_hb,traffic_case,ha_hb_000630,traffic/ha_hb/ha_hb_000630/ha_hb_000630.std,630,superimposed,,1.1000000000000001
bs_combination_1_sls_ha_hb__ha_hb_000632,bs_combination_1_sls_ha_hb,BS 5400:Part 2 / BD 37/01,ha_hb,permanent_component,precast_girder_structural_dead,permanent_components/precast_girder_structural_dead/precast_girder_structural_dead.std,201,precast_girder,structural_dead,1
bs_combination_1_sls_ha_hb__ha_hb_000632,bs_combination_1_sls_ha_hb,BS 5400:Part 2 / BD 37/01,ha_hb,permanent_component,deck_construction_structural_dead,permanent_components/deck_construction_structural_dead/deck_construction_structural_dead.std,202,deck_construction,structural_dead,1
bs_combination_1_sls_ha_hb__ha_hb_000632,bs_combination_1_sls_ha_hb,BS 5400:Part 2 / BD 37/01,ha_hb,permanent_component,superimposed_surfacing,permanent_components/superimposed_surfacing/superimposed_surfacing.std,203,superimposed,surfacing,1.2
bs_combination_1_sls_ha_hb__ha_hb_000632,bs_combination_1_sls_ha_hb,BS 5400:Part 2 / BD 37/01,ha_hb,permanent_component,superimposed_other_superimposed,permanent_components/superimposed_other_superimposed/superimposed_other_superimposed.std,204,superimposed,other_superimposed,1
bs_combination_1_sls_ha_hb__ha_hb_000632,bs_combination_1_sls_ha_hb,BS 5400:Part 2 / BD 37/01,ha_hb,traffic_case,ha_hb_000632,traffic/ha_hb/ha_hb_000632/ha_hb_000632.std,632,superimposed,,1.1000000000000001
bs_combination_1_sls_ha_hb__ha_hb_000657,bs_combination_1_sls_ha_hb,BS 5400:Part 2 / BD 37/01,ha_hb,permanent_component,precast_girder_structural_dead,permanent_components/precast_girder_structural_dead/precast_girder_structural_dead.std,201,precast_girder,structural_dead,1
bs_combination_1_sls_ha_hb__ha_hb_000657,bs_combination_1_sls_ha_hb,BS 5400:Part 2 / BD 37/01,ha_hb,permanent_component,deck_construction_structural_dead,permanent_components/deck_construction_structural_dead/deck_construction_structural_dead.std,202,deck_construction,structural_dead,1
bs_combination_1_sls_ha_hb__ha_hb_000657,bs_combination_1_sls_ha_hb,BS 5400:Part 2 / BD 37/01,ha_hb,permanent_component,superimposed_surfacing,permanent_components/superimposed_surfacing/superimposed_surfacing.std,203,superimposed,surfacing,1.2
bs_combination_1_sls_ha_hb__ha_hb_000657,bs_combination_1_sls_ha_hb,BS 5400:Part 2 / BD 37/01,ha_hb,permanent_component,superimposed_other_superimposed,permanent_components/superimposed_other_superimposed/superimposed_other_superimposed.std,204,superimposed,other_superimposed,1
bs_combination_1_sls_ha_hb__ha_hb_000657,bs_combination_1_sls_ha_hb,BS 5400:Part 2 / BD 37/01,ha_hb,traffic_case,ha_hb_000657,traffic/ha_hb/ha_hb_000657/ha_hb_000657.std,657,superimposed,,1.1000000000000001
bs_combination_1_sls_ha_hb__ha_hb_000676,bs_combination_1_sls_ha_hb,BS 5400:Part 2 / BD 37/01,ha_hb,permanent_component,precast_girder_structural_dead,permanent_components/precast_girder_structural_dead/precast_girder_structural_dead.std,201,precast_girder,structural_dead,1
bs_combination_1_sls_ha_hb__ha_hb_000676,bs_combination_1_sls_ha_hb,BS 5400:Part 2 / BD 37/01,ha_hb,permanent_component,deck_construction_structural_dead,permanent_components/deck_construction_structural_dead/deck_construction_structural_dead.std,202,deck_construction,structural_dead,1
bs_combination_1_sls_ha_hb__ha_hb_000676,bs_combination_1_sls_ha_hb,BS 5400:Part 2 / BD 37/01,ha_hb,permanent_component,superimposed_surfacing,permanent_components/superimposed_surfacing/superimposed_surfacing.std,203,superimposed,surfacing,1.2
bs_combination_1_sls_ha_hb__ha_hb_000676,bs_combination_1_sls_ha_hb,BS 5400:Part 2 / BD 37/01,ha_hb,permanent_component,superimposed_other_superimposed,permanent_components/superimposed_other_superimposed/superimposed_other_superimposed.std,204,superimposed,other_superimposed,1
bs_combination_1_sls_ha_hb__ha_hb_000676,bs_combination_1_sls_ha_hb,BS 5400:Part 2 / BD 37/01,ha_hb,traffic_case,ha_hb_000676,traffic/ha_hb/ha_hb_000676/ha_hb_000676.std,676,superimposed,,1.1000000000000001
bs_combination_1_sls_ha_hb__ha_hb_000678,bs_combination_1_sls_ha_hb,BS 5400:Part 2 / BD 37/01,ha_hb,permanent_component,precast_girder_structural_dead,permanent_components/precast_girder_structural_dead/precast_girder_structural_dead.std,201,precast_girder,structural_dead,1
bs_combination_1_sls_ha_hb__ha_hb_000678,bs_combination_1_sls_ha_hb,BS 5400:Part 2 / BD 37/01,ha_hb,permanent_component,deck_construction_structural_dead,permanent_components/deck_construction_structural_dead/deck_construction_structural_dead.std,202,deck_construction,structural_dead,1
bs_combination_1_sls_ha_hb__ha_hb_000678,bs_combination_1_sls_ha_hb,BS 5400:Part 2 / BD 37/01,ha_hb,permanent_component,superimposed_surfacing,permanent_components/superimposed_surfacing/superimposed_surfacing.std,203,superimposed,surfacing,1.2
bs_combination_1_sls_ha_hb__ha_hb_000678,bs_combination_1_sls_ha_hb,BS 5400:Part 2 / BD 37/01,ha_hb,permanent_component,superimposed_other_superimposed,permanent_components/superimposed_other_superimposed/superimposed_other_superimposed.std,204,superimposed,other_superimposed,1
bs_combination_1_sls_ha_hb__ha_hb_000678,bs_combination_1_sls_ha_hb,BS 5400:Part 2 / BD 37/01,ha_hb,traffic_case,ha_hb_000678,traffic/ha_hb/ha_hb_000678/ha_hb_000678.std,678,superimposed,,1.1000000000000001
bs_combination_1_sls_ha_hb__ha_hb_000703,bs_combination_1_sls_ha_hb,BS 5400:Part 2 / BD 37/01,ha_hb,permanent_component,precast_girder_structural_dead,permanent_components/precast_girder_structural_dead/precast_girder_structural_dead.std,201,precast_girder,structural_dead,1
bs_combination_1_sls_ha_hb__ha_hb_000703,bs_combination_1_sls_ha_hb,BS 5400:Part 2 / BD 37/01,ha_hb,permanent_component,deck_construction_structural_dead,permanent_components/deck_construction_structural_dead/deck_construction_structural_dead.std,202,deck_construction,structural_dead,1
bs_combination_1_sls_ha_hb__ha_hb_000703,bs_combination_1_sls_ha_hb,BS 5400:Part 2 / BD 37/01,ha_hb,permanent_component,superimposed_surfacing,permanent_components/superimposed_surfacing/superimposed_surfacing.std,203,superimposed,surfacing,1.2
bs_combination_1_sls_ha_hb__ha_hb_000703,bs_combination_1_sls_ha_hb,BS 5400:Part 2 / BD 37/01,ha_hb,permanent_component,superimposed_other_superimposed,permanent_components/superimposed_other_superimposed/superimposed_other_superimposed.std,204,superimposed,other_superimposed,1
bs_combination_1_sls_ha_hb__ha_hb_000703,bs_combination_1_sls_ha_hb,BS 5400:Part 2 / BD 37/01,ha_hb,traffic_case,ha_hb_000703,traffic/ha_hb/ha_hb_000703/ha_hb_000703.std,703,superimposed,,1.1000000000000001
bs_combination_1_sls_ha_hb__ha_hb_000708,bs_combination_1_sls_ha_hb,BS 5400:Part 2 / BD 37/01,ha_hb,permanent_component,precast_girder_structural_dead,permanent_components/precast_girder_structural_dead/precast_girder_structural_dead.std,201,precast_girder,structural_dead,1
bs_combination_1_sls_ha_hb__ha_hb_000708,bs_combination_1_sls_ha_hb,BS 5400:Part 2 / BD 37/01,ha_hb,permanent_component,deck_construction_structural_dead,permanent_components/deck_construction_structural_dead/deck_construction_structural_dead.std,202,deck_construction,structural_dead,1
bs_combination_1_sls_ha_hb__ha_hb_000708,bs_combination_1_sls_ha_hb,BS 5400:Part 2 / BD 37/01,ha_hb,permanent_component,superimposed_surfacing,permanent_components/superimposed_surfacing/superimposed_surfacing.std,203,superimposed,surfacing,1.2
bs_combination_1_sls_ha_hb__ha_hb_000708,bs_combination_1_sls_ha_hb,BS 5400:Part 2 / BD 37/01,ha_hb,permanent_component,superimposed_other_superimposed,permanent_components/superimposed_other_superimposed/superimposed_other_superimposed.std,204,superimposed,other_superimposed,1
bs_combination_1_sls_ha_hb__ha_hb_000708,bs_combination_1_sls_ha_hb,BS 5400:Part 2 / BD 37/01,ha_hb,traffic_case,ha_hb_000708,traffic/ha_hb/ha_hb_000708/ha_hb_000708.std,708,superimposed,,1.1000000000000001
bs_combination_1_sls_ha_hb__ha_hb_000734,bs_combination_1_sls_ha_hb,BS 5400:Part 2 / BD 37/01,ha_hb,permanent_component,precast_girder_structural_dead,permanent_components/precast_girder_structural_dead/precast_girder_structural_dead.std,201,precast_girder,structural_dead,1
bs_combination_1_sls_ha_hb__ha_hb_000734,bs_combination_1_sls_ha_hb,BS 5400:Part 2 / BD 37/01,ha_hb,permanent_component,deck_construction_structural_dead,permanent_components/deck_construction_structural_dead/deck_construction_structural_dead.std,202,deck_construction,structural_dead,1
bs_combination_1_sls_ha_hb__ha_hb_000734,bs_combination_1_sls_ha_hb,BS 5400:Part 2 / BD 37/01,ha_hb,permanent_component,superimposed_surfacing,permanent_components/superimposed_surfacing/superimposed_surfacing.std,203,superimposed,surfacing,1.2
bs_combination_1_sls_ha_hb__ha_hb_000734,bs_combination_1_sls_ha_hb,BS 5400:Part 2 / BD 37/01,ha_hb,permanent_component,superimposed_other_superimposed,permanent_components/superimposed_other_superimposed/superimposed_other_superimposed.std,204,superimposed,other_superimposed,1
bs_combination_1_sls_ha_hb__ha_hb_000734,bs_combination_1_sls_ha_hb,BS 5400:Part 2 / BD 37/01,ha_hb,traffic_case,ha_hb_000734,traffic/ha_hb/ha_hb_000734/ha_hb_000734.std,734,superimposed,,1.1000000000000001
bs_combination_1_sls_ha_hb__ha_hb_000742,bs_combination_1_sls_ha_hb,BS 5400:Part 2 / BD 37/01,ha_hb,permanent_component,precast_girder_structural_dead,permanent_components/precast_girder_structural_dead/precast_girder_structural_dead.std,201,precast_girder,structural_dead,1
bs_combination_1_sls_ha_hb__ha_hb_000742,bs_combination_1_sls_ha_hb,BS 5400:Part 2 / BD 37/01,ha_hb,permanent_component,deck_construction_structural_dead,permanent_components/deck_construction_structural_dead/deck_construction_structural_dead.std,202,deck_construction,structural_dead,1
bs_combination_1_sls_ha_hb__ha_hb_000742,bs_combination_1_sls_ha_hb,BS 5400:Part 2 / BD 37/01,ha_hb,permanent_component,superimposed_surfacing,permanent_components/superimposed_surfacing/superimposed_surfacing.std,203,superimposed,surfacing,1.2
bs_combination_1_sls_ha_hb__ha_hb_000742,bs_combination_1_sls_ha_hb,BS 5400:Part 2 / BD 37/01,ha_hb,permanent_component,superimposed_other_superimposed,permanent_components/superimposed_other_superimposed/superimposed_other_superimposed.std,204,superimposed,other_superimposed,1
bs_combination_1_sls_ha_hb__ha_hb_000742,bs_combination_1_sls_ha_hb,BS 5400:Part 2 / BD 37/01,ha_hb,traffic_case,ha_hb_000742,traffic/ha_hb/ha_hb_000742/ha_hb_000742.std,742,superimposed,,1.1000000000000001
bs_combination_1_sls_ha_hb__ha_hb_000746,bs_combination_1_sls_ha_hb,BS 5400:Part 2 / BD 37/01,ha_hb,permanent_component,precast_girder_structural_dead,permanent_components/precast_girder_structural_dead/precast_girder_structural_dead.std,201,precast_girder,structural_dead,1
bs_combination_1_sls_ha_hb__ha_hb_000746,bs_combination_1_sls_ha_hb,BS 5400:Part 2 / BD 37/01,ha_hb,permanent_component,deck_construction_structural_dead,permanent_components/deck_construction_structural_dead/deck_construction_structural_dead.std,202,deck_construction,structural_dead,1
bs_combination_1_sls_ha_hb__ha_hb_000746,bs_combination_1_sls_ha_hb,BS 5400:Part 2 / BD 37/01,ha_hb,permanent_component,superimposed_surfacing,permanent_components/superimposed_surfacing/superimposed_surfacing.std,203,superimposed,surfacing,1.2
bs_combination_1_sls_ha_hb__ha_hb_000746,bs_combination_1_sls_ha_hb,BS 5400:Part 2 / BD 37/01,ha_hb,permanent_component,superimposed_other_superimposed,permanent_components/superimposed_other_superimposed/superimposed_other_superimposed.std,204,superimposed,other_superimposed,1
bs_combination_1_sls_ha_hb__ha_hb_000746,bs_combination_1_sls_ha_hb,BS 5400:Part 2 / BD 37/01,ha_hb,traffic_case,ha_hb_000746,traffic/ha_hb/ha_hb_000746/ha_hb_000746.std,746,superimposed,,1.1000000000000001
bs_combination_1_sls_ha_hb__ha_hb_000754,bs_combination_1_sls_ha_hb,BS 5400:Part 2 / BD 37/01,ha_hb,permanent_component,precast_girder_structural_dead,permanent_components/precast_girder_structural_dead/precast_girder_structural_dead.std,201,precast_girder,structural_dead,1
bs_combination_1_sls_ha_hb__ha_hb_000754,bs_combination_1_sls_ha_hb,BS 5400:Part 2 / BD 37/01,ha_hb,permanent_component,deck_construction_structural_dead,permanent_components/deck_construction_structural_dead/deck_construction_structural_dead.std,202,deck_construction,structural_dead,1
bs_combination_1_sls_ha_hb__ha_hb_000754,bs_combination_1_sls_ha_hb,BS 5400:Part 2 / BD 37/01,ha_hb,permanent_component,superimposed_surfacing,permanent_components/superimposed_surfacing/superimposed_surfacing.std,203,superimposed,surfacing,1.2
bs_combination_1_sls_ha_hb__ha_hb_000754,bs_combination_1_sls_ha_hb,BS 5400:Part 2 / BD 37/01,ha_hb,permanent_component,superimposed_other_superimposed,permanent_components/superimposed_other_superimposed/superimposed_other_superimposed.std,204,superimposed,other_superimposed,1
bs_combination_1_sls_ha_hb__ha_hb_000754,bs_combination_1_sls_ha_hb,BS 5400:Part 2 / BD 37/01,ha_hb,traffic_case,ha_hb_000754,traffic/ha_hb/ha_hb_000754/ha_hb_000754.std,754,superimposed,,1.1000000000000001
bs_combination_1_sls_ha_hb__ha_hb_000760,bs_combination_1_sls_ha_hb,BS 5400:Part 2 / BD 37/01,ha_hb,permanent_component,precast_girder_structural_dead,permanent_components/precast_girder_structural_dead/precast_girder_structural_dead.std,201,precast_girder,structural_dead,1
bs_combination_1_sls_ha_hb__ha_hb_000760,bs_combination_1_sls_ha_hb,BS 5400:Part 2 / BD 37/01,ha_hb,permanent_component,deck_construction_structural_dead,permanent_components/deck_construction_structural_dead/deck_construction_structural_dead.std,202,deck_construction,structural_dead,1
bs_combination_1_sls_ha_hb__ha_hb_000760,bs_combination_1_sls_ha_hb,BS 5400:Part 2 / BD 37/01,ha_hb,permanent_component,superimposed_surfacing,permanent_components/superimposed_surfacing/superimposed_surfacing.std,203,superimposed,surfacing,1.2
bs_combination_1_sls_ha_hb__ha_hb_000760,bs_combination_1_sls_ha_hb,BS 5400:Part 2 / BD 37/01,ha_hb,permanent_component,superimposed_other_superimposed,permanent_components/superimposed_other_superimposed/superimposed_other_superimposed.std,204,superimposed,other_superimposed,1
bs_combination_1_sls_ha_hb__ha_hb_000760,bs_combination_1_sls_ha_hb,BS 5400:Part 2 / BD 37/01,ha_hb,traffic_case,ha_hb_000760,traffic/ha_hb/ha_hb_000760/ha_hb_000760.std,760,superimposed,,1.1000000000000001
bs_combination_1_sls_ha_hb__ha_hb_000785,bs_combination_1_sls_ha_hb,BS 5400:Part 2 / BD 37/01,ha_hb,permanent_component,precast_girder_structural_dead,permanent_components/precast_girder_structural_dead/precast_girder_structural_dead.std,201,precast_girder,structural_dead,1
bs_combination_1_sls_ha_hb__ha_hb_000785,bs_combination_1_sls_ha_hb,BS 5400:Part 2 / BD 37/01,ha_hb,permanent_component,deck_construction_structural_dead,permanent_components/deck_construction_structural_dead/deck_construction_structural_dead.std,202,deck_construction,structural_dead,1
bs_combination_1_sls_ha_hb__ha_hb_000785,bs_combination_1_sls_ha_hb,BS 5400:Part 2 / BD 37/01,ha_hb,permanent_component,superimposed_surfacing,permanent_components/superimposed_surfacing/superimposed_surfacing.std,203,superimposed,surfacing,1.2
bs_combination_1_sls_ha_hb__ha_hb_000785,bs_combination_1_sls_ha_hb,BS 5400:Part 2 / BD 37/01,ha_hb,permanent_component,superimposed_other_superimposed,permanent_components/superimposed_other_superimposed/superimposed_other_superimposed.std,204,superimposed,other_superimposed,1
bs_combination_1_sls_ha_hb__ha_hb_000785,bs_combination_1_sls_ha_hb,BS 5400:Part 2 / BD 37/01,ha_hb,traffic_case,ha_hb_000785,traffic/ha_hb/ha_hb_000785/ha_hb_000785.std,785,superimposed,,1.1000000000000001
bs_combination_1_sls_ha_hb__ha_hb_000786,bs_combination_1_sls_ha_hb,BS 5400:Part 2 / BD 37/01,ha_hb,permanent_component,precast_girder_structural_dead,permanent_components/precast_girder_structural_dead/precast_girder_structural_dead.std,201,precast_girder,structural_dead,1
bs_combination_1_sls_ha_hb__ha_hb_000786,bs_combination_1_sls_ha_hb,BS 5400:Part 2 / BD 37/01,ha_hb,permanent_component,deck_construction_structural_dead,permanent_components/deck_construction_structural_dead/deck_construction_structural_dead.std,202,deck_construction,structural_dead,1
bs_combination_1_sls_ha_hb__ha_hb_000786,bs_combination_1_sls_ha_hb,BS 5400:Part 2 / BD 37/01,ha_hb,permanent_component,superimposed_surfacing,permanent_components/superimposed_surfacing/superimposed_surfacing.std,203,superimposed,surfacing,1.2
bs_combination_1_sls_ha_hb__ha_hb_000786,bs_combination_1_sls_ha_hb,BS 5400:Part 2 / BD 37/01,ha_hb,permanent_component,superimposed_other_superimposed,permanent_components/superimposed_other_superimposed/superimposed_other_superimposed.std,204,superimposed,other_superimposed,1
bs_combination_1_sls_ha_hb__ha_hb_000786,bs_combination_1_sls_ha_hb,BS 5400:Part 2 / BD 37/01,ha_hb,traffic_case,ha_hb_000786,traffic/ha_hb/ha_hb_000786/ha_hb_000786.std,786,superimposed,,1.1000000000000001
bs_combination_1_sls_ha_hb__ha_hb_000832,bs_combination_1_sls_ha_hb,BS 5400:Part 2 / BD 37/01,ha_hb,permanent_component,precast_girder_structural_dead,permanent_components/precast_girder_structural_dead/precast_girder_structural_dead.std,201,precast_girder,structural_dead,1
bs_combination_1_sls_ha_hb__ha_hb_000832,bs_combination_1_sls_ha_hb,BS 5400:Part 2 / BD 37/01,ha_hb,permanent_component,deck_construction_structural_dead,permanent_components/deck_construction_structural_dead/deck_construction_structural_dead.std,202,deck_construction,structural_dead,1
bs_combination_1_sls_ha_hb__ha_hb_000832,bs_combination_1_sls_ha_hb,BS 5400:Part 2 / BD 37/01,ha_hb,permanent_component,superimposed_surfacing,permanent_components/superimposed_surfacing/superimposed_surfacing.std,203,superimposed,surfacing,1.2
bs_combination_1_sls_ha_hb__ha_hb_000832,bs_combination_1_sls_ha_hb,BS 5400:Part 2 / BD 37/01,ha_hb,permanent_component,superimposed_other_superimposed,permanent_components/superimposed_other_superimposed/superimposed_other_superimposed.std,204,superimposed,other_superimposed,1
bs_combination_1_sls_ha_hb__ha_hb_000832,bs_combination_1_sls_ha_hb,BS 5400:Part 2 / BD 37/01,ha_hb,traffic_case,ha_hb_000832,traffic/ha_hb/ha_hb_000832/ha_hb_000832.std,832,superimposed,,1.1000000000000001
bs_combination_2_uls_ha_hb__ha_hb_000630,bs_combination_2_uls_ha_hb,BS 5400:Part 2 / BD 37/01,ha_hb,permanent_component,precast_girder_structural_dead,permanent_components/precast_girder_structural_dead/precast_girder_structural_dead.std,201,precast_girder,structural_dead,1.1499999999999999
bs_combination_2_uls_ha_hb__ha_hb_000630,bs_combination_2_uls_ha_hb,BS 5400:Part 2 / BD 37/01,ha_hb,permanent_component,deck_construction_structural_dead,permanent_components/deck_construction_structural_dead/deck_construction_structural_dead.std,202,deck_construction,structural_dead,1.1499999999999999
bs_combination_2_uls_ha_hb__ha_hb_000630,bs_combination_2_uls_ha_hb,BS 5400:Part 2 / BD 37/01,ha_hb,permanent_component,superimposed_surfacing,permanent_components/superimposed_surfacing/superimposed_surfacing.std,203,superimposed,surfacing,1.75
bs_combination_2_uls_ha_hb__ha_hb_000630,bs_combination_2_uls_ha_hb,BS 5400:Part 2 / BD 37/01,ha_hb,permanent_component,superimposed_other_superimposed,permanent_components/superimposed_other_superimposed/superimposed_other_superimposed.std,204,superimposed,other_superimposed,1.2
bs_combination_2_uls_ha_hb__ha_hb_000630,bs_combination_2_uls_ha_hb,BS 5400:Part 2 / BD 37/01,ha_hb,traffic_case,ha_hb_000630,traffic/ha_hb/ha_hb_000630/ha_hb_000630.std,630,superimposed,,1.1000000000000001
bs_combination_2_uls_ha_hb__ha_hb_000632,bs_combination_2_uls_ha_hb,BS 5400:Part 2 / BD 37/01,ha_hb,permanent_component,precast_girder_structural_dead,permanent_components/precast_girder_structural_dead/precast_girder_structural_dead.std,201,precast_girder,structural_dead,1.1499999999999999
bs_combination_2_uls_ha_hb__ha_hb_000632,bs_combination_2_uls_ha_hb,BS 5400:Part 2 / BD 37/01,ha_hb,permanent_component,deck_construction_structural_dead,permanent_components/deck_construction_structural_dead/deck_construction_structural_dead.std,202,deck_construction,structural_dead,1.1499999999999999
bs_combination_2_uls_ha_hb__ha_hb_000632,bs_combination_2_uls_ha_hb,BS 5400:Part 2 / BD 37/01,ha_hb,permanent_component,superimposed_surfacing,permanent_components/superimposed_surfacing/superimposed_surfacing.std,203,superimposed,surfacing,1.75
bs_combination_2_uls_ha_hb__ha_hb_000632,bs_combination_2_uls_ha_hb,BS 5400:Part 2 / BD 37/01,ha_hb,permanent_component,superimposed_other_superimposed,permanent_components/superimposed_other_superimposed/superimposed_other_superimposed.std,204,superimposed,other_superimposed,1.2
bs_combination_2_uls_ha_hb__ha_hb_000632,bs_combination_2_uls_ha_hb,BS 5400:Part 2 / BD 37/01,ha_hb,traffic_case,ha_hb_000632,traffic/ha_hb/ha_hb_000632/ha_hb_000632.std,632,superimposed,,1.1000000000000001
bs_combination_2_uls_ha_hb__ha_hb_000657,bs_combination_2_uls_ha_hb,BS 5400:Part 2 / BD 37/01,ha_hb,permanent_component,precast_girder_structural_dead,permanent_components/precast_girder_structural_dead/precast_girder_structural_dead.std,201,precast_girder,structural_dead,1.1499999999999999
bs_combination_2_uls_ha_hb__ha_hb_000657,bs_combination_2_uls_ha_hb,BS 5400:Part 2 / BD 37/01,ha_hb,permanent_component,deck_construction_structural_dead,permanent_components/deck_construction_structural_dead/deck_construction_structural_dead.std,202,deck_construction,structural_dead,1.1499999999999999
bs_combination_2_uls_ha_hb__ha_hb_000657,bs_combination_2_uls_ha_hb,BS 5400:Part 2 / BD 37/01,ha_hb,permanent_component,superimposed_surfacing,permanent_components/superimposed_surfacing/superimposed_surfacing.std,203,superimposed,surfacing,1.75
bs_combination_2_uls_ha_hb__ha_hb_000657,bs_combination_2_uls_ha_hb,BS 5400:Part 2 / BD 37/01,ha_hb,permanent_component,superimposed_other_superimposed,permanent_components/superimposed_other_superimposed/superimposed_other_superimposed.std,204,superimposed,other_superimposed,1.2
bs_combination_2_uls_ha_hb__ha_hb_000657,bs_combination_2_uls_ha_hb,BS 5400:Part 2 / BD 37/01,ha_hb,traffic_case,ha_hb_000657,traffic/ha_hb/ha_hb_000657/ha_hb_000657.std,657,superimposed,,1.1000000000000001
bs_combination_2_uls_ha_hb__ha_hb_000676,bs_combination_2_uls_ha_hb,BS 5400:Part 2 / BD 37/01,ha_hb,permanent_component,precast_girder_structural_dead,permanent_components/precast_girder_structural_dead/precast_girder_structural_dead.std,201,precast_girder,structural_dead,1.1499999999999999
bs_combination_2_uls_ha_hb__ha_hb_000676,bs_combination_2_uls_ha_hb,BS 5400:Part 2 / BD 37/01,ha_hb,permanent_component,deck_construction_structural_dead,permanent_components/deck_construction_structural_dead/deck_construction_structural_dead.std,202,deck_construction,structural_dead,1.1499999999999999
bs_combination_2_uls_ha_hb__ha_hb_000676,bs_combination_2_uls_ha_hb,BS 5400:Part 2 / BD 37/01,ha_hb,permanent_component,superimposed_surfacing,permanent_components/superimposed_surfacing/superimposed_surfacing.std,203,superimposed,surfacing,1.75
bs_combination_2_uls_ha_hb__ha_hb_000676,bs_combination_2_uls_ha_hb,BS 5400:Part 2 / BD 37/01,ha_hb,permanent_component,superimposed_other_superimposed,permanent_components/superimposed_other_superimposed/superimposed_other_superimposed.std,204,superimposed,other_superimposed,1.2
bs_combination_2_uls_ha_hb__ha_hb_000676,bs_combination_2_uls_ha_hb,BS 5400:Part 2 / BD 37/01,ha_hb,traffic_case,ha_hb_000676,traffic/ha_hb/ha_hb_000676/ha_hb_000676.std,676,superimposed,,1.1000000000000001
bs_combination_2_uls_ha_hb__ha_hb_000678,bs_combination_2_uls_ha_hb,BS 5400:Part 2 / BD 37/01,ha_hb,permanent_component,precast_girder_structural_dead,permanent_components/precast_girder_structural_dead/precast_girder_structural_dead.std,201,precast_girder,structural_dead,1.1499999999999999
bs_combination_2_uls_ha_hb__ha_hb_000678,bs_combination_2_uls_ha_hb,BS 5400:Part 2 / BD 37/01,ha_hb,permanent_component,deck_construction_structural_dead,permanent_components/deck_construction_structural_dead/deck_construction_structural_dead.std,202,deck_construction,structural_dead,1.1499999999999999
bs_combination_2_uls_ha_hb__ha_hb_000678,bs_combination_2_uls_ha_hb,BS 5400:Part 2 / BD 37/01,ha_hb,permanent_component,superimposed_surfacing,permanent_components/superimposed_surfacing/superimposed_surfacing.std,203,superimposed,surfacing,1.75
bs_combination_2_uls_ha_hb__ha_hb_000678,bs_combination_2_uls_ha_hb,BS 5400:Part 2 / BD 37/01,ha_hb,permanent_component,superimposed_other_superimposed,permanent_components/superimposed_other_superimposed/superimposed_other_superimposed.std,204,superimposed,other_superimposed,1.2
bs_combination_2_uls_ha_hb__ha_hb_000678,bs_combination_2_uls_ha_hb,BS 5400:Part 2 / BD 37/01,ha_hb,traffic_case,ha_hb_000678,traffic/ha_hb/ha_hb_000678/ha_hb_000678.std,678,superimposed,,1.1000000000000001
bs_combination_2_uls_ha_hb__ha_hb_000703,bs_combination_2_uls_ha_hb,BS 5400:Part 2 / BD 37/01,ha_hb,permanent_component,precast_girder_structural_dead,permanent_components/precast_girder_structural_dead/precast_girder_structural_dead.std,201,precast_girder,structural_dead,1.1499999999999999
bs_combination_2_uls_ha_hb__ha_hb_000703,bs_combination_2_uls_ha_hb,BS 5400:Part 2 / BD 37/01,ha_hb,permanent_component,deck_construction_structural_dead,permanent_components/deck_construction_structural_dead/deck_construction_structural_dead.std,202,deck_construction,structural_dead,1.1499999999999999
bs_combination_2_uls_ha_hb__ha_hb_000703,bs_combination_2_uls_ha_hb,BS 5400:Part 2 / BD 37/01,ha_hb,permanent_component,superimposed_surfacing,permanent_components/superimposed_surfacing/superimposed_surfacing.std,203,superimposed,surfacing,1.75
bs_combination_2_uls_ha_hb__ha_hb_000703,bs_combination_2_uls_ha_hb,BS 5400:Part 2 / BD 37/01,ha_hb,permanent_component,superimposed_other_superimposed,permanent_components/superimposed_other_superimposed/superimposed_other_superimposed.std,204,superimposed,other_superimposed,1.2
bs_combination_2_uls_ha_hb__ha_hb_000703,bs_combination_2_uls_ha_hb,BS 5400:Part 2 / BD 37/01,ha_hb,traffic_case,ha_hb_000703,traffic/ha_hb/ha_hb_000703/ha_hb_000703.std,703,superimposed,,1.1000000000000001
bs_combination_2_uls_ha_hb__ha_hb_000708,bs_combination_2_uls_ha_hb,BS 5400:Part 2 / BD 37/01,ha_hb,permanent_component,precast_girder_structural_dead,permanent_components/precast_girder_structural_dead/precast_girder_structural_dead.std,201,precast_girder,structural_dead,1.1499999999999999
bs_combination_2_uls_ha_hb__ha_hb_000708,bs_combination_2_uls_ha_hb,BS 5400:Part 2 / BD 37/01,ha_hb,permanent_component,deck_construction_structural_dead,permanent_components/deck_construction_structural_dead/deck_construction_structural_dead.std,202,deck_construction,structural_dead,1.1499999999999999
bs_combination_2_uls_ha_hb__ha_hb_000708,bs_combination_2_uls_ha_hb,BS 5400:Part 2 / BD 37/01,ha_hb,permanent_component,superimposed_surfacing,permanent_components/superimposed_surfacing/superimposed_surfacing.std,203,superimposed,surfacing,1.75
bs_combination_2_uls_ha_hb__ha_hb_000708,bs_combination_2_uls_ha_hb,BS 5400:Part 2 / BD 37/01,ha_hb,permanent_component,superimposed_other_superimposed,permanent_components/superimposed_other_superimposed/superimposed_other_superimposed.std,204,superimposed,other_superimposed,1.2
bs_combination_2_uls_ha_hb__ha_hb_000708,bs_combination_2_uls_ha_hb,BS 5400:Part 2 / BD 37/01,ha_hb,traffic_case,ha_hb_000708,traffic/ha_hb/ha_hb_000708/ha_hb_000708.std,708,superimposed,,1.1000000000000001
bs_combination_2_uls_ha_hb__ha_hb_000734,bs_combination_2_uls_ha_hb,BS 5400:Part 2 / BD 37/01,ha_hb,permanent_component,precast_girder_structural_dead,permanent_components/precast_girder_structural_dead/precast_girder_structural_dead.std,201,precast_girder,structural_dead,1.1499999999999999
bs_combination_2_uls_ha_hb__ha_hb_000734,bs_combination_2_uls_ha_hb,BS 5400:Part 2 / BD 37/01,ha_hb,permanent_component,deck_construction_structural_dead,permanent_components/deck_construction_structural_dead/deck_construction_structural_dead.std,202,deck_construction,structural_dead,1.1499999999999999
bs_combination_2_uls_ha_hb__ha_hb_000734,bs_combination_2_uls_ha_hb,BS 5400:Part 2 / BD 37/01,ha_hb,permanent_component,superimposed_surfacing,permanent_components/superimposed_surfacing/superimposed_surfacing.std,203,superimposed,surfacing,1.75
bs_combination_2_uls_ha_hb__ha_hb_000734,bs_combination_2_uls_ha_hb,BS 5400:Part 2 / BD 37/01,ha_hb,permanent_component,superimposed_other_superimposed,permanent_components/superimposed_other_superimposed/superimposed_other_superimposed.std,204,superimposed,other_superimposed,1.2
bs_combination_2_uls_ha_hb__ha_hb_000734,bs_combination_2_uls_ha_hb,BS 5400:Part 2 / BD 37/01,ha_hb,traffic_case,ha_hb_000734,traffic/ha_hb/ha_hb_000734/ha_hb_000734.std,734,superimposed,,1.1000000000000001
bs_combination_2_uls_ha_hb__ha_hb_000742,bs_combination_2_uls_ha_hb,BS 5400:Part 2 / BD 37/01,ha_hb,permanent_component,precast_girder_structural_dead,permanent_components/precast_girder_structural_dead/precast_girder_structural_dead.std,201,precast_girder,structural_dead,1.1499999999999999
bs_combination_2_uls_ha_hb__ha_hb_000742,bs_combination_2_uls_ha_hb,BS 5400:Part 2 / BD 37/01,ha_hb,permanent_component,deck_construction_structural_dead,permanent_components/deck_construction_structural_dead/deck_construction_structural_dead.std,202,deck_construction,structural_dead,1.1499999999999999
bs_combination_2_uls_ha_hb__ha_hb_000742,bs_combination_2_uls_ha_hb,BS 5400:Part 2 / BD 37/01,ha_hb,permanent_component,superimposed_surfacing,permanent_components/superimposed_surfacing/superimposed_surfacing.std,203,superimposed,surfacing,1.75
bs_combination_2_uls_ha_hb__ha_hb_000742,bs_combination_2_uls_ha_hb,BS 5400:Part 2 / BD 37/01,ha_hb,permanent_component,superimposed_other_superimposed,permanent_components/superimposed_other_superimposed/superimposed_other_superimposed.std,204,superimposed,other_superimposed,1.2
bs_combination_2_uls_ha_hb__ha_hb_000742,bs_combination_2_uls_ha_hb,BS 5400:Part 2 / BD 37/01,ha_hb,traffic_case,ha_hb_000742,traffic/ha_hb/ha_hb_000742/ha_hb_000742.std,742,superimposed,,1.1000000000000001
bs_combination_2_uls_ha_hb__ha_hb_000746,bs_combination_2_uls_ha_hb,BS 5400:Part 2 / BD 37/01,ha_hb,permanent_component,precast_girder_structural_dead,permanent_components/precast_girder_structural_dead/precast_girder_structural_dead.std,201,precast_girder,structural_dead,1.1499999999999999
bs_combination_2_uls_ha_hb__ha_hb_000746,bs_combination_2_uls_ha_hb,BS 5400:Part 2 / BD 37/01,ha_hb,permanent_component,deck_construction_structural_dead,permanent_components/deck_construction_structural_dead/deck_construction_structural_dead.std,202,deck_construction,structural_dead,1.1499999999999999
bs_combination_2_uls_ha_hb__ha_hb_000746,bs_combination_2_uls_ha_hb,BS 5400:Part 2 / BD 37/01,ha_hb,permanent_component,superimposed_surfacing,permanent_components/superimposed_surfacing/superimposed_surfacing.std,203,superimposed,surfacing,1.75
bs_combination_2_uls_ha_hb__ha_hb_000746,bs_combination_2_uls_ha_hb,BS 5400:Part 2 / BD 37/01,ha_hb,permanent_component,superimposed_other_superimposed,permanent_components/superimposed_other_superimposed/superimposed_other_superimposed.std,204,superimposed,other_superimposed,1.2
bs_combination_2_uls_ha_hb__ha_hb_000746,bs_combination_2_uls_ha_hb,BS 5400:Part 2 / BD 37/01,ha_hb,traffic_case,ha_hb_000746,traffic/ha_hb/ha_hb_000746/ha_hb_000746.std,746,superimposed,,1.1000000000000001
bs_combination_2_uls_ha_hb__ha_hb_000754,bs_combination_2_uls_ha_hb,BS 5400:Part 2 / BD 37/01,ha_hb,permanent_component,precast_girder_structural_dead,permanent_components/precast_girder_structural_dead/precast_girder_structural_dead.std,201,precast_girder,structural_dead,1.1499999999999999
bs_combination_2_uls_ha_hb__ha_hb_000754,bs_combination_2_uls_ha_hb,BS 5400:Part 2 / BD 37/01,ha_hb,permanent_component,deck_construction_structural_dead,permanent_components/deck_construction_structural_dead/deck_construction_structural_dead.std,202,deck_construction,structural_dead,1.1499999999999999
bs_combination_2_uls_ha_hb__ha_hb_000754,bs_combination_2_uls_ha_hb,BS 5400:Part 2 / BD 37/01,ha_hb,permanent_component,superimposed_surfacing,permanent_components/superimposed_surfacing/superimposed_surfacing.std,203,superimposed,surfacing,1.75
bs_combination_2_uls_ha_hb__ha_hb_000754,bs_combination_2_uls_ha_hb,BS 5400:Part 2 / BD 37/01,ha_hb,permanent_component,superimposed_other_superimposed,permanent_components/superimposed_other_superimposed/superimposed_other_superimposed.std,204,superimposed,other_superimposed,1.2
bs_combination_2_uls_ha_hb__ha_hb_000754,bs_combination_2_uls_ha_hb,BS 5400:Part 2 / BD 37/01,ha_hb,traffic_case,ha_hb_000754,traffic/ha_hb/ha_hb_000754/ha_hb_000754.std,754,superimposed,,1.1000000000000001
bs_combination_2_uls_ha_hb__ha_hb_000760,bs_combination_2_uls_ha_hb,BS 5400:Part 2 / BD 37/01,ha_hb,permanent_component,precast_girder_structural_dead,permanent_components/precast_girder_structural_dead/precast_girder_structural_dead.std,201,precast_girder,structural_dead,1.1499999999999999
bs_combination_2_uls_ha_hb__ha_hb_000760,bs_combination_2_uls_ha_hb,BS 5400:Part 2 / BD 37/01,ha_hb,permanent_component,deck_construction_structural_dead,permanent_components/deck_construction_structural_dead/deck_construction_structural_dead.std,202,deck_construction,structural_dead,1.1499999999999999
bs_combination_2_uls_ha_hb__ha_hb_000760,bs_combination_2_uls_ha_hb,BS 5400:Part 2 / BD 37/01,ha_hb,permanent_component,superimposed_surfacing,permanent_components/superimposed_surfacing/superimposed_surfacing.std,203,superimposed,surfacing,1.75
bs_combination_2_uls_ha_hb__ha_hb_000760,bs_combination_2_uls_ha_hb,BS 5400:Part 2 / BD 37/01,ha_hb,permanent_component,superimposed_other_superimposed,permanent_components/superimposed_other_superimposed/superimposed_other_superimposed.std,204,superimposed,other_superimposed,1.2
bs_combination_2_uls_ha_hb__ha_hb_000760,bs_combination_2_uls_ha_hb,BS 5400:Part 2 / BD 37/01,ha_hb,traffic_case,ha_hb_000760,traffic/ha_hb/ha_hb_000760/ha_hb_000760.std,760,superimposed,,1.1000000000000001
bs_combination_2_uls_ha_hb__ha_hb_000785,bs_combination_2_uls_ha_hb,BS 5400:Part 2 / BD 37/01,ha_hb,permanent_component,precast_girder_structural_dead,permanent_components/precast_girder_structural_dead/precast_girder_structural_dead.std,201,precast_girder,structural_dead,1.1499999999999999
bs_combination_2_uls_ha_hb__ha_hb_000785,bs_combination_2_uls_ha_hb,BS 5400:Part 2 / BD 37/01,ha_hb,permanent_component,deck_construction_structural_dead,permanent_components/deck_construction_structural_dead/deck_construction_structural_dead.std,202,deck_construction,structural_dead,1.1499999999999999
bs_combination_2_uls_ha_hb__ha_hb_000785,bs_combination_2_uls_ha_hb,BS 5400:Part 2 / BD 37/01,ha_hb,permanent_component,superimposed_surfacing,permanent_components/superimposed_surfacing/superimposed_surfacing.std,203,superimposed,surfacing,1.75
bs_combination_2_uls_ha_hb__ha_hb_000785,bs_combination_2_uls_ha_hb,BS 5400:Part 2 / BD 37/01,ha_hb,permanent_component,superimposed_other_superimposed,permanent_components/superimposed_other_superimposed/superimposed_other_superimposed.std,204,superimposed,other_superimposed,1.2
bs_combination_2_uls_ha_hb__ha_hb_000785,bs_combination_2_uls_ha_hb,BS 5400:Part 2 / BD 37/01,ha_hb,traffic_case,ha_hb_000785,traffic/ha_hb/ha_hb_000785/ha_hb_000785.std,785,superimposed,,1.1000000000000001
bs_combination_2_uls_ha_hb__ha_hb_000786,bs_combination_2_uls_ha_hb,BS 5400:Part 2 / BD 37/01,ha_hb,permanent_component,precast_girder_structural_dead,permanent_components/precast_girder_structural_dead/precast_girder_structural_dead.std,201,precast_girder,structural_dead,1.1499999999999999
bs_combination_2_uls_ha_hb__ha_hb_000786,bs_combination_2_uls_ha_hb,BS 5400:Part 2 / BD 37/01,ha_hb,permanent_component,deck_construction_structural_dead,permanent_components/deck_construction_structural_dead/deck_construction_structural_dead.std,202,deck_construction,structural_dead,1.1499999999999999
bs_combination_2_uls_ha_hb__ha_hb_000786,bs_combination_2_uls_ha_hb,BS 5400:Part 2 / BD 37/01,ha_hb,permanent_component,superimposed_surfacing,permanent_components/superimposed_surfacing/superimposed_surfacing.std,203,superimposed,surfacing,1.75
bs_combination_2_uls_ha_hb__ha_hb_000786,bs_combination_2_uls_ha_hb,BS 5400:Part 2 / BD 37/01,ha_hb,permanent_component,superimposed_other_superimposed,permanent_components/superimposed_other_superimposed/superimposed_other_superimposed.std,204,superimposed,other_superimposed,1.2
bs_combination_2_uls_ha_hb__ha_hb_000786,bs_combination_2_uls_ha_hb,BS 5400:Part 2 / BD 37/01,ha_hb,traffic_case,ha_hb_000786,traffic/ha_hb/ha_hb_000786/ha_hb_000786.std,786,superimposed,,1.1000000000000001
bs_combination_2_uls_ha_hb__ha_hb_000832,bs_combination_2_uls_ha_hb,BS 5400:Part 2 / BD 37/01,ha_hb,permanent_component,precast_girder_structural_dead,permanent_components/precast_girder_structural_dead/precast_girder_structural_dead.std,201,precast_girder,structural_dead,1.1499999999999999
bs_combination_2_uls_ha_hb__ha_hb_000832,bs_combination_2_uls_ha_hb,BS 5400:Part 2 / BD 37/01,ha_hb,permanent_component,deck_construction_structural_dead,permanent_components/deck_construction_structural_dead/deck_construction_structural_dead.std,202,deck_construction,structural_dead,1.1499999999999999
bs_combination_2_uls_ha_hb__ha_hb_000832,bs_combination_2_uls_ha_hb,BS 5400:Part 2 / BD 37/01,ha_hb,permanent_component,superimposed_surfacing,permanent_components/superimposed_surfacing/superimposed_surfacing.std,203,superimposed,surfacing,1.75
bs_combination_2_uls_ha_hb__ha_hb_000832,bs_combination_2_uls_ha_hb,BS 5400:Part 2 / BD 37/01,ha_hb,permanent_component,superimposed_other_superimposed,permanent_components/superimposed_other_superimposed/superimposed_other_superimposed.std,204,superimposed,other_superimposed,1.2
bs_combination_2_uls_ha_hb__ha_hb_000832,bs_combination_2_uls_ha_hb,BS 5400:Part 2 / BD 37/01,ha_hb,traffic_case,ha_hb_000832,traffic/ha_hb/ha_hb_000832/ha_hb_000832.std,832,superimposed,,1.1000000000000001
bs_combination_2_sls_ha_hb__ha_hb_000630,bs_combination_2_sls_ha_hb,BS 5400:Part 2 / BD 37/01,ha_hb,permanent_component,precast_girder_structural_dead,permanent_components/precast_girder_structural_dead/precast_girder_structural_dead.std,201,precast_girder,structural_dead,1
bs_combination_2_sls_ha_hb__ha_hb_000630,bs_combination_2_sls_ha_hb,BS 5400:Part 2 / BD 37/01,ha_hb,permanent_component,deck_construction_structural_dead,permanent_components/deck_construction_structural_dead/deck_construction_structural_dead.std,202,deck_construction,structural_dead,1
bs_combination_2_sls_ha_hb__ha_hb_000630,bs_combination_2_sls_ha_hb,BS 5400:Part 2 / BD 37/01,ha_hb,permanent_component,superimposed_surfacing,permanent_components/superimposed_surfacing/superimposed_surfacing.std,203,superimposed,surfacing,1.2
bs_combination_2_sls_ha_hb__ha_hb_000630,bs_combination_2_sls_ha_hb,BS 5400:Part 2 / BD 37/01,ha_hb,permanent_component,superimposed_other_superimposed,permanent_components/superimposed_other_superimposed/superimposed_other_superimposed.std,204,superimposed,other_superimposed,1
bs_combination_2_sls_ha_hb__ha_hb_000630,bs_combination_2_sls_ha_hb,BS 5400:Part 2 / BD 37/01,ha_hb,traffic_case,ha_hb_000630,traffic/ha_hb/ha_hb_000630/ha_hb_000630.std,630,superimposed,,1
bs_combination_2_sls_ha_hb__ha_hb_000632,bs_combination_2_sls_ha_hb,BS 5400:Part 2 / BD 37/01,ha_hb,permanent_component,precast_girder_structural_dead,permanent_components/precast_girder_structural_dead/precast_girder_structural_dead.std,201,precast_girder,structural_dead,1
bs_combination_2_sls_ha_hb__ha_hb_000632,bs_combination_2_sls_ha_hb,BS 5400:Part 2 / BD 37/01,ha_hb,permanent_component,deck_construction_structural_dead,permanent_components/deck_construction_structural_dead/deck_construction_structural_dead.std,202,deck_construction,structural_dead,1
bs_combination_2_sls_ha_hb__ha_hb_000632,bs_combination_2_sls_ha_hb,BS 5400:Part 2 / BD 37/01,ha_hb,permanent_component,superimposed_surfacing,permanent_components/superimposed_surfacing/superimposed_surfacing.std,203,superimposed,surfacing,1.2
bs_combination_2_sls_ha_hb__ha_hb_000632,bs_combination_2_sls_ha_hb,BS 5400:Part 2 / BD 37/01,ha_hb,permanent_component,superimposed_other_superimposed,permanent_components/superimposed_other_superimposed/superimposed_other_superimposed.std,204,superimposed,other_superimposed,1
bs_combination_2_sls_ha_hb__ha_hb_000632,bs_combination_2_sls_ha_hb,BS 5400:Part 2 / BD 37/01,ha_hb,traffic_case,ha_hb_000632,traffic/ha_hb/ha_hb_000632/ha_hb_000632.std,632,superimposed,,1
bs_combination_2_sls_ha_hb__ha_hb_000657,bs_combination_2_sls_ha_hb,BS 5400:Part 2 / BD 37/01,ha_hb,permanent_component,precast_girder_structural_dead,permanent_components/precast_girder_structural_dead/precast_girder_structural_dead.std,201,precast_girder,structural_dead,1
bs_combination_2_sls_ha_hb__ha_hb_000657,bs_combination_2_sls_ha_hb,BS 5400:Part 2 / BD 37/01,ha_hb,permanent_component,deck_construction_structural_dead,permanent_components/deck_construction_structural_dead/deck_construction_structural_dead.std,202,deck_construction,structural_dead,1
bs_combination_2_sls_ha_hb__ha_hb_000657,bs_combination_2_sls_ha_hb,BS 5400:Part 2 / BD 37/01,ha_hb,permanent_component,superimposed_surfacing,permanent_components/superimposed_surfacing/superimposed_surfacing.std,203,superimposed,surfacing,1.2
bs_combination_2_sls_ha_hb__ha_hb_000657,bs_combination_2_sls_ha_hb,BS 5400:Part 2 / BD 37/01,ha_hb,permanent_component,superimposed_other_superimposed,permanent_components/superimposed_other_superimposed/superimposed_other_superimposed.std,204,superimposed,other_superimposed,1
bs_combination_2_sls_ha_hb__ha_hb_000657,bs_combination_2_sls_ha_hb,BS 5400:Part 2 / BD 37/01,ha_hb,traffic_case,ha_hb_000657,traffic/ha_hb/ha_hb_000657/ha_hb_000657.std,657,superimposed,,1
bs_combination_2_sls_ha_hb__ha_hb_000676,bs_combination_2_sls_ha_hb,BS 5400:Part 2 / BD 37/01,ha_hb,permanent_component,precast_girder_structural_dead,permanent_components/precast_girder_structural_dead/precast_girder_structural_dead.std,201,precast_girder,structural_dead,1
bs_combination_2_sls_ha_hb__ha_hb_000676,bs_combination_2_sls_ha_hb,BS 5400:Part 2 / BD 37/01,ha_hb,permanent_component,deck_construction_structural_dead,permanent_components/deck_construction_structural_dead/deck_construction_structural_dead.std,202,deck_construction,structural_dead,1
bs_combination_2_sls_ha_hb__ha_hb_000676,bs_combination_2_sls_ha_hb,BS 5400:Part 2 / BD 37/01,ha_hb,permanent_component,superimposed_surfacing,permanent_components/superimposed_surfacing/superimposed_surfacing.std,203,superimposed,surfacing,1.2
bs_combination_2_sls_ha_hb__ha_hb_000676,bs_combination_2_sls_ha_hb,BS 5400:Part 2 / BD 37/01,ha_hb,permanent_component,superimposed_other_superimposed,permanent_components/superimposed_other_superimposed/superimposed_other_superimposed.std,204,superimposed,other_superimposed,1
bs_combination_2_sls_ha_hb__ha_hb_000676,bs_combination_2_sls_ha_hb,BS 5400:Part 2 / BD 37/01,ha_hb,traffic_case,ha_hb_000676,traffic/ha_hb/ha_hb_000676/ha_hb_000676.std,676,superimposed,,1
bs_combination_2_sls_ha_hb__ha_hb_000678,bs_combination_2_sls_ha_hb,BS 5400:Part 2 / BD 37/01,ha_hb,permanent_component,precast_girder_structural_dead,permanent_components/precast_girder_structural_dead/precast_girder_structural_dead.std,201,precast_girder,structural_dead,1
bs_combination_2_sls_ha_hb__ha_hb_000678,bs_combination_2_sls_ha_hb,BS 5400:Part 2 / BD 37/01,ha_hb,permanent_component,deck_construction_structural_dead,permanent_components/deck_construction_structural_dead/deck_construction_structural_dead.std,202,deck_construction,structural_dead,1
bs_combination_2_sls_ha_hb__ha_hb_000678,bs_combination_2_sls_ha_hb,BS 5400:Part 2 / BD 37/01,ha_hb,permanent_component,superimposed_surfacing,permanent_components/superimposed_surfacing/superimposed_surfacing.std,203,superimposed,surfacing,1.2
bs_combination_2_sls_ha_hb__ha_hb_000678,bs_combination_2_sls_ha_hb,BS 5400:Part 2 / BD 37/01,ha_hb,permanent_component,superimposed_other_superimposed,permanent_components/superimposed_other_superimposed/superimposed_other_superimposed.std,204,superimposed,other_superimposed,1
bs_combination_2_sls_ha_hb__ha_hb_000678,bs_combination_2_sls_ha_hb,BS 5400:Part 2 / BD 37/01,ha_hb,traffic_case,ha_hb_000678,traffic/ha_hb/ha_hb_000678/ha_hb_000678.std,678,superimposed,,1
bs_combination_2_sls_ha_hb__ha_hb_000703,bs_combination_2_sls_ha_hb,BS 5400:Part 2 / BD 37/01,ha_hb,permanent_component,precast_girder_structural_dead,permanent_components/precast_girder_structural_dead/precast_girder_structural_dead.std,201,precast_girder,structural_dead,1
bs_combination_2_sls_ha_hb__ha_hb_000703,bs_combination_2_sls_ha_hb,BS 5400:Part 2 / BD 37/01,ha_hb,permanent_component,deck_construction_structural_dead,permanent_components/deck_construction_structural_dead/deck_construction_structural_dead.std,202,deck_construction,structural_dead,1
bs_combination_2_sls_ha_hb__ha_hb_000703,bs_combination_2_sls_ha_hb,BS 5400:Part 2 / BD 37/01,ha_hb,permanent_component,superimposed_surfacing,permanent_components/superimposed_surfacing/superimposed_surfacing.std,203,superimposed,surfacing,1.2
bs_combination_2_sls_ha_hb__ha_hb_000703,bs_combination_2_sls_ha_hb,BS 5400:Part 2 / BD 37/01,ha_hb,permanent_component,superimposed_other_superimposed,permanent_components/superimposed_other_superimposed/superimposed_other_superimposed.std,204,superimposed,other_superimposed,1
bs_combination_2_sls_ha_hb__ha_hb_000703,bs_combination_2_sls_ha_hb,BS 5400:Part 2 / BD 37/01,ha_hb,traffic_case,ha_hb_000703,traffic/ha_hb/ha_hb_000703/ha_hb_000703.std,703,superimposed,,1
bs_combination_2_sls_ha_hb__ha_hb_000708,bs_combination_2_sls_ha_hb,BS 5400:Part 2 / BD 37/01,ha_hb,permanent_component,precast_girder_structural_dead,permanent_components/precast_girder_structural_dead/precast_girder_structural_dead.std,201,precast_girder,structural_dead,1
bs_combination_2_sls_ha_hb__ha_hb_000708,bs_combination_2_sls_ha_hb,BS 5400:Part 2 / BD 37/01,ha_hb,permanent_component,deck_construction_structural_dead,permanent_components/deck_construction_structural_dead/deck_construction_structural_dead.std,202,deck_construction,structural_dead,1
bs_combination_2_sls_ha_hb__ha_hb_000708,bs_combination_2_sls_ha_hb,BS 5400:Part 2 / BD 37/01,ha_hb,permanent_component,superimposed_surfacing,permanent_components/superimposed_surfacing/superimposed_surfacing.std,203,superimposed,surfacing,1.2
bs_combination_2_sls_ha_hb__ha_hb_000708,bs_combination_2_sls_ha_hb,BS 5400:Part 2 / BD 37/01,ha_hb,permanent_component,superimposed_other_superimposed,permanent_components/superimposed_other_superimposed/superimposed_other_superimposed.std,204,superimposed,other_superimposed,1
bs_combination_2_sls_ha_hb__ha_hb_000708,bs_combination_2_sls_ha_hb,BS 5400:Part 2 / BD 37/01,ha_hb,traffic_case,ha_hb_000708,traffic/ha_hb/ha_hb_000708/ha_hb_000708.std,708,superimposed,,1
bs_combination_2_sls_ha_hb__ha_hb_000734,bs_combination_2_sls_ha_hb,BS 5400:Part 2 / BD 37/01,ha_hb,permanent_component,precast_girder_structural_dead,permanent_components/precast_girder_structural_dead/precast_girder_structural_dead.std,201,precast_girder,structural_dead,1
bs_combination_2_sls_ha_hb__ha_hb_000734,bs_combination_2_sls_ha_hb,BS 5400:Part 2 / BD 37/01,ha_hb,permanent_component,deck_construction_structural_dead,permanent_components/deck_construction_structural_dead/deck_construction_structural_dead.std,202,deck_construction,structural_dead,1
bs_combination_2_sls_ha_hb__ha_hb_000734,bs_combination_2_sls_ha_hb,BS 5400:Part 2 / BD 37/01,ha_hb,permanent_component,superimposed_surfacing,permanent_components/superimposed_surfacing/superimposed_surfacing.std,203,superimposed,surfacing,1.2
bs_combination_2_sls_ha_hb__ha_hb_000734,bs_combination_2_sls_ha_hb,BS 5400:Part 2 / BD 37/01,ha_hb,permanent_component,superimposed_other_superimposed,permanent_components/superimposed_other_superimposed/superimposed_other_superimposed.std,204,superimposed,other_superimposed,1
bs_combination_2_sls_ha_hb__ha_hb_000734,bs_combination_2_sls_ha_hb,BS 5400:Part 2 / BD 37/01,ha_hb,traffic_case,ha_hb_000734,traffic/ha_hb/ha_hb_000734/ha_hb_000734.std,734,superimposed,,1
bs_combination_2_sls_ha_hb__ha_hb_000742,bs_combination_2_sls_ha_hb,BS 5400:Part 2 / BD 37/01,ha_hb,permanent_component,precast_girder_structural_dead,permanent_components/precast_girder_structural_dead/precast_girder_structural_dead.std,201,precast_girder,structural_dead,1
bs_combination_2_sls_ha_hb__ha_hb_000742,bs_combination_2_sls_ha_hb,BS 5400:Part 2 / BD 37/01,ha_hb,permanent_component,deck_construction_structural_dead,permanent_components/deck_construction_structural_dead/deck_construction_structural_dead.std,202,deck_construction,structural_dead,1
bs_combination_2_sls_ha_hb__ha_hb_000742,bs_combination_2_sls_ha_hb,BS 5400:Part 2 / BD 37/01,ha_hb,permanent_component,superimposed_surfacing,permanent_components/superimposed_surfacing/superimposed_surfacing.std,203,superimposed,surfacing,1.2
bs_combination_2_sls_ha_hb__ha_hb_000742,bs_combination_2_sls_ha_hb,BS 5400:Part 2 / BD 37/01,ha_hb,permanent_component,superimposed_other_superimposed,permanent_components/superimposed_other_superimposed/superimposed_other_superimposed.std,204,superimposed,other_superimposed,1
bs_combination_2_sls_ha_hb__ha_hb_000742,bs_combination_2_sls_ha_hb,BS 5400:Part 2 / BD 37/01,ha_hb,traffic_case,ha_hb_000742,traffic/ha_hb/ha_hb_000742/ha_hb_000742.std,742,superimposed,,1
bs_combination_2_sls_ha_hb__ha_hb_000746,bs_combination_2_sls_ha_hb,BS 5400:Part 2 / BD 37/01,ha_hb,permanent_component,precast_girder_structural_dead,permanent_components/precast_girder_structural_dead/precast_girder_structural_dead.std,201,precast_girder,structural_dead,1
bs_combination_2_sls_ha_hb__ha_hb_000746,bs_combination_2_sls_ha_hb,BS 5400:Part 2 / BD 37/01,ha_hb,permanent_component,deck_construction_structural_dead,permanent_components/deck_construction_structural_dead/deck_construction_structural_dead.std,202,deck_construction,structural_dead,1
bs_combination_2_sls_ha_hb__ha_hb_000746,bs_combination_2_sls_ha_hb,BS 5400:Part 2 / BD 37/01,ha_hb,permanent_component,superimposed_surfacing,permanent_components/superimposed_surfacing/superimposed_surfacing.std,203,superimposed,surfacing,1.2
bs_combination_2_sls_ha_hb__ha_hb_000746,bs_combination_2_sls_ha_hb,BS 5400:Part 2 / BD 37/01,ha_hb,permanent_component,superimposed_other_superimposed,permanent_components/superimposed_other_superimposed/superimposed_other_superimposed.std,204,superimposed,other_superimposed,1
bs_combination_2_sls_ha_hb__ha_hb_000746,bs_combination_2_sls_ha_hb,BS 5400:Part 2 / BD 37/01,ha_hb,traffic_case,ha_hb_000746,traffic/ha_hb/ha_hb_000746/ha_hb_000746.std,746,superimposed,,1
bs_combination_2_sls_ha_hb__ha_hb_000754,bs_combination_2_sls_ha_hb,BS 5400:Part 2 / BD 37/01,ha_hb,permanent_component,precast_girder_structural_dead,permanent_components/precast_girder_structural_dead/precast_girder_structural_dead.std,201,precast_girder,structural_dead,1
bs_combination_2_sls_ha_hb__ha_hb_000754,bs_combination_2_sls_ha_hb,BS 5400:Part 2 / BD 37/01,ha_hb,permanent_component,deck_construction_structural_dead,permanent_components/deck_construction_structural_dead/deck_construction_structural_dead.std,202,deck_construction,structural_dead,1
bs_combination_2_sls_ha_hb__ha_hb_000754,bs_combination_2_sls_ha_hb,BS 5400:Part 2 / BD 37/01,ha_hb,permanent_component,superimposed_surfacing,permanent_components/superimposed_surfacing/superimposed_surfacing.std,203,superimposed,surfacing,1.2
bs_combination_2_sls_ha_hb__ha_hb_000754,bs_combination_2_sls_ha_hb,BS 5400:Part 2 / BD 37/01,ha_hb,permanent_component,superimposed_other_superimposed,permanent_components/superimposed_other_superimposed/superimposed_other_superimposed.std,204,superimposed,other_superimposed,1
bs_combination_2_sls_ha_hb__ha_hb_000754,bs_combination_2_sls_ha_hb,BS 5400:Part 2 / BD 37/01,ha_hb,traffic_case,ha_hb_000754,traffic/ha_hb/ha_hb_000754/ha_hb_000754.std,754,superimposed,,1
bs_combination_2_sls_ha_hb__ha_hb_000760,bs_combination_2_sls_ha_hb,BS 5400:Part 2 / BD 37/01,ha_hb,permanent_component,precast_girder_structural_dead,permanent_components/precast_girder_structural_dead/precast_girder_structural_dead.std,201,precast_girder,structural_dead,1
bs_combination_2_sls_ha_hb__ha_hb_000760,bs_combination_2_sls_ha_hb,BS 5400:Part 2 / BD 37/01,ha_hb,permanent_component,deck_construction_structural_dead,permanent_components/deck_construction_structural_dead/deck_construction_structural_dead.std,202,deck_construction,structural_dead,1
bs_combination_2_sls_ha_hb__ha_hb_000760,bs_combination_2_sls_ha_hb,BS 5400:Part 2 / BD 37/01,ha_hb,permanent_component,superimposed_surfacing,permanent_components/superimposed_surfacing/superimposed_surfacing.std,203,superimposed,surfacing,1.2
bs_combination_2_sls_ha_hb__ha_hb_000760,bs_combination_2_sls_ha_hb,BS 5400:Part 2 / BD 37/01,ha_hb,permanent_component,superimposed_other_superimposed,permanent_components/superimposed_other_superimposed/superimposed_other_superimposed.std,204,superimposed,other_superimposed,1
bs_combination_2_sls_ha_hb__ha_hb_000760,bs_combination_2_sls_ha_hb,BS 5400:Part 2 / BD 37/01,ha_hb,traffic_case,ha_hb_000760,traffic/ha_hb/ha_hb_000760/ha_hb_000760.std,760,superimposed,,1
bs_combination_2_sls_ha_hb__ha_hb_000785,bs_combination_2_sls_ha_hb,BS 5400:Part 2 / BD 37/01,ha_hb,permanent_component,precast_girder_structural_dead,permanent_components/precast_girder_structural_dead/precast_girder_structural_dead.std,201,precast_girder,structural_dead,1
bs_combination_2_sls_ha_hb__ha_hb_000785,bs_combination_2_sls_ha_hb,BS 5400:Part 2 / BD 37/01,ha_hb,permanent_component,deck_construction_structural_dead,permanent_components/deck_construction_structural_dead/deck_construction_structural_dead.std,202,deck_construction,structural_dead,1
bs_combination_2_sls_ha_hb__ha_hb_000785,bs_combination_2_sls_ha_hb,BS 5400:Part 2 / BD 37/01,ha_hb,permanent_component,superimposed_surfacing,permanent_components/superimposed_surfacing/superimposed_surfacing.std,203,superimposed,surfacing,1.2
bs_combination_2_sls_ha_hb__ha_hb_000785,bs_combination_2_sls_ha_hb,BS 5400:Part 2 / BD 37/01,ha_hb,permanent_component,superimposed_other_superimposed,permanent_components/superimposed_other_superimposed/superimposed_other_superimposed.std,204,superimposed,other_superimposed,1
bs_combination_2_sls_ha_hb__ha_hb_000785,bs_combination_2_sls_ha_hb,BS 5400:Part 2 / BD 37/01,ha_hb,traffic_case,ha_hb_000785,traffic/ha_hb/ha_hb_000785/ha_hb_000785.std,785,superimposed,,1
bs_combination_2_sls_ha_hb__ha_hb_000786,bs_combination_2_sls_ha_hb,BS 5400:Part 2 / BD 37/01,ha_hb,permanent_component,precast_girder_structural_dead,permanent_components/precast_girder_structural_dead/precast_girder_structural_dead.std,201,precast_girder,structural_dead,1
bs_combination_2_sls_ha_hb__ha_hb_000786,bs_combination_2_sls_ha_hb,BS 5400:Part 2 / BD 37/01,ha_hb,permanent_component,deck_construction_structural_dead,permanent_components/deck_construction_structural_dead/deck_construction_structural_dead.std,202,deck_construction,structural_dead,1
bs_combination_2_sls_ha_hb__ha_hb_000786,bs_combination_2_sls_ha_hb,BS 5400:Part 2 / BD 37/01,ha_hb,permanent_component,superimposed_surfacing,permanent_components/superimposed_surfacing/superimposed_surfacing.std,203,superimposed,surfacing,1.2
bs_combination_2_sls_ha_hb__ha_hb_000786,bs_combination_2_sls_ha_hb,BS 5400:Part 2 / BD 37/01,ha_hb,permanent_component,superimposed_other_superimposed,permanent_components/superimposed_other_superimposed/superimposed_other_superimposed.std,204,superimposed,other_superimposed,1
bs_combination_2_sls_ha_hb__ha_hb_000786,bs_combination_2_sls_ha_hb,BS 5400:Part 2 / BD 37/01,ha_hb,traffic_case,ha_hb_000786,traffic/ha_hb/ha_hb_000786/ha_hb_000786.std,786,superimposed,,1
bs_combination_2_sls_ha_hb__ha_hb_000832,bs_combination_2_sls_ha_hb,BS 5400:Part 2 / BD 37/01,ha_hb,permanent_component,precast_girder_structural_dead,permanent_components/precast_girder_structural_dead/precast_girder_structural_dead.std,201,precast_girder,structural_dead,1
bs_combination_2_sls_ha_hb__ha_hb_000832,bs_combination_2_sls_ha_hb,BS 5400:Part 2 / BD 37/01,ha_hb,permanent_component,deck_construction_structural_dead,permanent_components/deck_construction_structural_dead/deck_construction_structural_dead.std,202,deck_construction,structural_dead,1
bs_combination_2_sls_ha_hb__ha_hb_000832,bs_combination_2_sls_ha_hb,BS 5400:Part 2 / BD 37/01,ha_hb,permanent_component,superimposed_surfacing,permanent_components/superimposed_surfacing/superimposed_surfacing.std,203,superimposed,surfacing,1.2
bs_combination_2_sls_ha_hb__ha_hb_000832,bs_combination_2_sls_ha_hb,BS 5400:Part 2 / BD 37/01,ha_hb,permanent_component,superimposed_other_superimposed,permanent_components/superimposed_other_superimposed/superimposed_other_superimposed.std,204,superimposed,other_superimposed,1
bs_combination_2_sls_ha_hb__ha_hb_000832,bs_combination_2_sls_ha_hb,BS 5400:Part 2 / BD 37/01,ha_hb,traffic_case,ha_hb_000832,traffic/ha_hb/ha_hb_000832/ha_hb_000832.std,832,superimposed,,1
bs_combination_3_uls_ha_hb__ha_hb_000630,bs_combination_3_uls_ha_hb,BS 5400:Part 2 / BD 37/01,ha_hb,permanent_component,precast_girder_structural_dead,permanent_components/precast_girder_structural_dead/precast_girder_structural_dead.std,201,precast_girder,structural_dead,1.1499999999999999
bs_combination_3_uls_ha_hb__ha_hb_000630,bs_combination_3_uls_ha_hb,BS 5400:Part 2 / BD 37/01,ha_hb,permanent_component,deck_construction_structural_dead,permanent_components/deck_construction_structural_dead/deck_construction_structural_dead.std,202,deck_construction,structural_dead,1.1499999999999999
bs_combination_3_uls_ha_hb__ha_hb_000630,bs_combination_3_uls_ha_hb,BS 5400:Part 2 / BD 37/01,ha_hb,permanent_component,superimposed_surfacing,permanent_components/superimposed_surfacing/superimposed_surfacing.std,203,superimposed,surfacing,1.75
bs_combination_3_uls_ha_hb__ha_hb_000630,bs_combination_3_uls_ha_hb,BS 5400:Part 2 / BD 37/01,ha_hb,permanent_component,superimposed_other_superimposed,permanent_components/superimposed_other_superimposed/superimposed_other_superimposed.std,204,superimposed,other_superimposed,1.2
bs_combination_3_uls_ha_hb__ha_hb_000630,bs_combination_3_uls_ha_hb,BS 5400:Part 2 / BD 37/01,ha_hb,traffic_case,ha_hb_000630,traffic/ha_hb/ha_hb_000630/ha_hb_000630.std,630,superimposed,,1.1000000000000001
bs_combination_3_uls_ha_hb__ha_hb_000632,bs_combination_3_uls_ha_hb,BS 5400:Part 2 / BD 37/01,ha_hb,permanent_component,precast_girder_structural_dead,permanent_components/precast_girder_structural_dead/precast_girder_structural_dead.std,201,precast_girder,structural_dead,1.1499999999999999
bs_combination_3_uls_ha_hb__ha_hb_000632,bs_combination_3_uls_ha_hb,BS 5400:Part 2 / BD 37/01,ha_hb,permanent_component,deck_construction_structural_dead,permanent_components/deck_construction_structural_dead/deck_construction_structural_dead.std,202,deck_construction,structural_dead,1.1499999999999999
bs_combination_3_uls_ha_hb__ha_hb_000632,bs_combination_3_uls_ha_hb,BS 5400:Part 2 / BD 37/01,ha_hb,permanent_component,superimposed_surfacing,permanent_components/superimposed_surfacing/superimposed_surfacing.std,203,superimposed,surfacing,1.75
bs_combination_3_uls_ha_hb__ha_hb_000632,bs_combination_3_uls_ha_hb,BS 5400:Part 2 / BD 37/01,ha_hb,permanent_component,superimposed_other_superimposed,permanent_components/superimposed_other_superimposed/superimposed_other_superimposed.std,204,superimposed,other_superimposed,1.2
bs_combination_3_uls_ha_hb__ha_hb_000632,bs_combination_3_uls_ha_hb,BS 5400:Part 2 / BD 37/01,ha_hb,traffic_case,ha_hb_000632,traffic/ha_hb/ha_hb_000632/ha_hb_000632.std,632,superimposed,,1.1000000000000001
bs_combination_3_uls_ha_hb__ha_hb_000657,bs_combination_3_uls_ha_hb,BS 5400:Part 2 / BD 37/01,ha_hb,permanent_component,precast_girder_structural_dead,permanent_components/precast_girder_structural_dead/precast_girder_structural_dead.std,201,precast_girder,structural_dead,1.1499999999999999
bs_combination_3_uls_ha_hb__ha_hb_000657,bs_combination_3_uls_ha_hb,BS 5400:Part 2 / BD 37/01,ha_hb,permanent_component,deck_construction_structural_dead,permanent_components/deck_construction_structural_dead/deck_construction_structural_dead.std,202,deck_construction,structural_dead,1.1499999999999999
bs_combination_3_uls_ha_hb__ha_hb_000657,bs_combination_3_uls_ha_hb,BS 5400:Part 2 / BD 37/01,ha_hb,permanent_component,superimposed_surfacing,permanent_components/superimposed_surfacing/superimposed_surfacing.std,203,superimposed,surfacing,1.75
bs_combination_3_uls_ha_hb__ha_hb_000657,bs_combination_3_uls_ha_hb,BS 5400:Part 2 / BD 37/01,ha_hb,permanent_component,superimposed_other_superimposed,permanent_components/superimposed_other_superimposed/superimposed_other_superimposed.std,204,superimposed,other_superimposed,1.2
bs_combination_3_uls_ha_hb__ha_hb_000657,bs_combination_3_uls_ha_hb,BS 5400:Part 2 / BD 37/01,ha_hb,traffic_case,ha_hb_000657,traffic/ha_hb/ha_hb_000657/ha_hb_000657.std,657,superimposed,,1.1000000000000001
bs_combination_3_uls_ha_hb__ha_hb_000676,bs_combination_3_uls_ha_hb,BS 5400:Part 2 / BD 37/01,ha_hb,permanent_component,precast_girder_structural_dead,permanent_components/precast_girder_structural_dead/precast_girder_structural_dead.std,201,precast_girder,structural_dead,1.1499999999999999
bs_combination_3_uls_ha_hb__ha_hb_000676,bs_combination_3_uls_ha_hb,BS 5400:Part 2 / BD 37/01,ha_hb,permanent_component,deck_construction_structural_dead,permanent_components/deck_construction_structural_dead/deck_construction_structural_dead.std,202,deck_construction,structural_dead,1.1499999999999999
bs_combination_3_uls_ha_hb__ha_hb_000676,bs_combination_3_uls_ha_hb,BS 5400:Part 2 / BD 37/01,ha_hb,permanent_component,superimposed_surfacing,permanent_components/superimposed_surfacing/superimposed_surfacing.std,203,superimposed,surfacing,1.75
bs_combination_3_uls_ha_hb__ha_hb_000676,bs_combination_3_uls_ha_hb,BS 5400:Part 2 / BD 37/01,ha_hb,permanent_component,superimposed_other_superimposed,permanent_components/superimposed_other_superimposed/superimposed_other_superimposed.std,204,superimposed,other_superimposed,1.2
bs_combination_3_uls_ha_hb__ha_hb_000676,bs_combination_3_uls_ha_hb,BS 5400:Part 2 / BD 37/01,ha_hb,traffic_case,ha_hb_000676,traffic/ha_hb/ha_hb_000676/ha_hb_000676.std,676,superimposed,,1.1000000000000001
bs_combination_3_uls_ha_hb__ha_hb_000678,bs_combination_3_uls_ha_hb,BS 5400:Part 2 / BD 37/01,ha_hb,permanent_component,precast_girder_structural_dead,permanent_components/precast_girder_structural_dead/precast_girder_structural_dead.std,201,precast_girder,structural_dead,1.1499999999999999
bs_combination_3_uls_ha_hb__ha_hb_000678,bs_combination_3_uls_ha_hb,BS 5400:Part 2 / BD 37/01,ha_hb,permanent_component,deck_construction_structural_dead,permanent_components/deck_construction_structural_dead/deck_construction_structural_dead.std,202,deck_construction,structural_dead,1.1499999999999999
bs_combination_3_uls_ha_hb__ha_hb_000678,bs_combination_3_uls_ha_hb,BS 5400:Part 2 / BD 37/01,ha_hb,permanent_component,superimposed_surfacing,permanent_components/superimposed_surfacing/superimposed_surfacing.std,203,superimposed,surfacing,1.75
bs_combination_3_uls_ha_hb__ha_hb_000678,bs_combination_3_uls_ha_hb,BS 5400:Part 2 / BD 37/01,ha_hb,permanent_component,superimposed_other_superimposed,permanent_components/superimposed_other_superimposed/superimposed_other_superimposed.std,204,superimposed,other_superimposed,1.2
bs_combination_3_uls_ha_hb__ha_hb_000678,bs_combination_3_uls_ha_hb,BS 5400:Part 2 / BD 37/01,ha_hb,traffic_case,ha_hb_000678,traffic/ha_hb/ha_hb_000678/ha_hb_000678.std,678,superimposed,,1.1000000000000001
bs_combination_3_uls_ha_hb__ha_hb_000703,bs_combination_3_uls_ha_hb,BS 5400:Part 2 / BD 37/01,ha_hb,permanent_component,precast_girder_structural_dead,permanent_components/precast_girder_structural_dead/precast_girder_structural_dead.std,201,precast_girder,structural_dead,1.1499999999999999
bs_combination_3_uls_ha_hb__ha_hb_000703,bs_combination_3_uls_ha_hb,BS 5400:Part 2 / BD 37/01,ha_hb,permanent_component,deck_construction_structural_dead,permanent_components/deck_construction_structural_dead/deck_construction_structural_dead.std,202,deck_construction,structural_dead,1.1499999999999999
bs_combination_3_uls_ha_hb__ha_hb_000703,bs_combination_3_uls_ha_hb,BS 5400:Part 2 / BD 37/01,ha_hb,permanent_component,superimposed_surfacing,permanent_components/superimposed_surfacing/superimposed_surfacing.std,203,superimposed,surfacing,1.75
bs_combination_3_uls_ha_hb__ha_hb_000703,bs_combination_3_uls_ha_hb,BS 5400:Part 2 / BD 37/01,ha_hb,permanent_component,superimposed_other_superimposed,permanent_components/superimposed_other_superimposed/superimposed_other_superimposed.std,204,superimposed,other_superimposed,1.2
bs_combination_3_uls_ha_hb__ha_hb_000703,bs_combination_3_uls_ha_hb,BS 5400:Part 2 / BD 37/01,ha_hb,traffic_case,ha_hb_000703,traffic/ha_hb/ha_hb_000703/ha_hb_000703.std,703,superimposed,,1.1000000000000001
bs_combination_3_uls_ha_hb__ha_hb_000708,bs_combination_3_uls_ha_hb,BS 5400:Part 2 / BD 37/01,ha_hb,permanent_component,precast_girder_structural_dead,permanent_components/precast_girder_structural_dead/precast_girder_structural_dead.std,201,precast_girder,structural_dead,1.1499999999999999
bs_combination_3_uls_ha_hb__ha_hb_000708,bs_combination_3_uls_ha_hb,BS 5400:Part 2 / BD 37/01,ha_hb,permanent_component,deck_construction_structural_dead,permanent_components/deck_construction_structural_dead/deck_construction_structural_dead.std,202,deck_construction,structural_dead,1.1499999999999999
bs_combination_3_uls_ha_hb__ha_hb_000708,bs_combination_3_uls_ha_hb,BS 5400:Part 2 / BD 37/01,ha_hb,permanent_component,superimposed_surfacing,permanent_components/superimposed_surfacing/superimposed_surfacing.std,203,superimposed,surfacing,1.75
bs_combination_3_uls_ha_hb__ha_hb_000708,bs_combination_3_uls_ha_hb,BS 5400:Part 2 / BD 37/01,ha_hb,permanent_component,superimposed_other_superimposed,permanent_components/superimposed_other_superimposed/superimposed_other_superimposed.std,204,superimposed,other_superimposed,1.2
bs_combination_3_uls_ha_hb__ha_hb_000708,bs_combination_3_uls_ha_hb,BS 5400:Part 2 / BD 37/01,ha_hb,traffic_case,ha_hb_000708,traffic/ha_hb/ha_hb_000708/ha_hb_000708.std,708,superimposed,,1.1000000000000001
bs_combination_3_uls_ha_hb__ha_hb_000734,bs_combination_3_uls_ha_hb,BS 5400:Part 2 / BD 37/01,ha_hb,permanent_component,precast_girder_structural_dead,permanent_components/precast_girder_structural_dead/precast_girder_structural_dead.std,201,precast_girder,structural_dead,1.1499999999999999
bs_combination_3_uls_ha_hb__ha_hb_000734,bs_combination_3_uls_ha_hb,BS 5400:Part 2 / BD 37/01,ha_hb,permanent_component,deck_construction_structural_dead,permanent_components/deck_construction_structural_dead/deck_construction_structural_dead.std,202,deck_construction,structural_dead,1.1499999999999999
bs_combination_3_uls_ha_hb__ha_hb_000734,bs_combination_3_uls_ha_hb,BS 5400:Part 2 / BD 37/01,ha_hb,permanent_component,superimposed_surfacing,permanent_components/superimposed_surfacing/superimposed_surfacing.std,203,superimposed,surfacing,1.75
bs_combination_3_uls_ha_hb__ha_hb_000734,bs_combination_3_uls_ha_hb,BS 5400:Part 2 / BD 37/01,ha_hb,permanent_component,superimposed_other_superimposed,permanent_components/superimposed_other_superimposed/superimposed_other_superimposed.std,204,superimposed,other_superimposed,1.2
bs_combination_3_uls_ha_hb__ha_hb_000734,bs_combination_3_uls_ha_hb,BS 5400:Part 2 / BD 37/01,ha_hb,traffic_case,ha_hb_000734,traffic/ha_hb/ha_hb_000734/ha_hb_000734.std,734,superimposed,,1.1000000000000001
bs_combination_3_uls_ha_hb__ha_hb_000742,bs_combination_3_uls_ha_hb,BS 5400:Part 2 / BD 37/01,ha_hb,permanent_component,precast_girder_structural_dead,permanent_components/precast_girder_structural_dead/precast_girder_structural_dead.std,201,precast_girder,structural_dead,1.1499999999999999
bs_combination_3_uls_ha_hb__ha_hb_000742,bs_combination_3_uls_ha_hb,BS 5400:Part 2 / BD 37/01,ha_hb,permanent_component,deck_construction_structural_dead,permanent_components/deck_construction_structural_dead/deck_construction_structural_dead.std,202,deck_construction,structural_dead,1.1499999999999999
bs_combination_3_uls_ha_hb__ha_hb_000742,bs_combination_3_uls_ha_hb,BS 5400:Part 2 / BD 37/01,ha_hb,permanent_component,superimposed_surfacing,permanent_components/superimposed_surfacing/superimposed_surfacing.std,203,superimposed,surfacing,1.75
bs_combination_3_uls_ha_hb__ha_hb_000742,bs_combination_3_uls_ha_hb,BS 5400:Part 2 / BD 37/01,ha_hb,permanent_component,superimposed_other_superimposed,permanent_components/superimposed_other_superimposed/superimposed_other_superimposed.std,204,superimposed,other_superimposed,1.2
bs_combination_3_uls_ha_hb__ha_hb_000742,bs_combination_3_uls_ha_hb,BS 5400:Part 2 / BD 37/01,ha_hb,traffic_case,ha_hb_000742,traffic/ha_hb/ha_hb_000742/ha_hb_000742.std,742,superimposed,,1.1000000000000001
bs_combination_3_uls_ha_hb__ha_hb_000746,bs_combination_3_uls_ha_hb,BS 5400:Part 2 / BD 37/01,ha_hb,permanent_component,precast_girder_structural_dead,permanent_components/precast_girder_structural_dead/precast_girder_structural_dead.std,201,precast_girder,structural_dead,1.1499999999999999
bs_combination_3_uls_ha_hb__ha_hb_000746,bs_combination_3_uls_ha_hb,BS 5400:Part 2 / BD 37/01,ha_hb,permanent_component,deck_construction_structural_dead,permanent_components/deck_construction_structural_dead/deck_construction_structural_dead.std,202,deck_construction,structural_dead,1.1499999999999999
bs_combination_3_uls_ha_hb__ha_hb_000746,bs_combination_3_uls_ha_hb,BS 5400:Part 2 / BD 37/01,ha_hb,permanent_component,superimposed_surfacing,permanent_components/superimposed_surfacing/superimposed_surfacing.std,203,superimposed,surfacing,1.75
bs_combination_3_uls_ha_hb__ha_hb_000746,bs_combination_3_uls_ha_hb,BS 5400:Part 2 / BD 37/01,ha_hb,permanent_component,superimposed_other_superimposed,permanent_components/superimposed_other_superimposed/superimposed_other_superimposed.std,204,superimposed,other_superimposed,1.2
bs_combination_3_uls_ha_hb__ha_hb_000746,bs_combination_3_uls_ha_hb,BS 5400:Part 2 / BD 37/01,ha_hb,traffic_case,ha_hb_000746,traffic/ha_hb/ha_hb_000746/ha_hb_000746.std,746,superimposed,,1.1000000000000001
bs_combination_3_uls_ha_hb__ha_hb_000754,bs_combination_3_uls_ha_hb,BS 5400:Part 2 / BD 37/01,ha_hb,permanent_component,precast_girder_structural_dead,permanent_components/precast_girder_structural_dead/precast_girder_structural_dead.std,201,precast_girder,structural_dead,1.1499999999999999
bs_combination_3_uls_ha_hb__ha_hb_000754,bs_combination_3_uls_ha_hb,BS 5400:Part 2 / BD 37/01,ha_hb,permanent_component,deck_construction_structural_dead,permanent_components/deck_construction_structural_dead/deck_construction_structural_dead.std,202,deck_construction,structural_dead,1.1499999999999999
bs_combination_3_uls_ha_hb__ha_hb_000754,bs_combination_3_uls_ha_hb,BS 5400:Part 2 / BD 37/01,ha_hb,permanent_component,superimposed_surfacing,permanent_components/superimposed_surfacing/superimposed_surfacing.std,203,superimposed,surfacing,1.75
bs_combination_3_uls_ha_hb__ha_hb_000754,bs_combination_3_uls_ha_hb,BS 5400:Part 2 / BD 37/01,ha_hb,permanent_component,superimposed_other_superimposed,permanent_components/superimposed_other_superimposed/superimposed_other_superimposed.std,204,superimposed,other_superimposed,1.2
bs_combination_3_uls_ha_hb__ha_hb_000754,bs_combination_3_uls_ha_hb,BS 5400:Part 2 / BD 37/01,ha_hb,traffic_case,ha_hb_000754,traffic/ha_hb/ha_hb_000754/ha_hb_000754.std,754,superimposed,,1.1000000000000001
bs_combination_3_uls_ha_hb__ha_hb_000760,bs_combination_3_uls_ha_hb,BS 5400:Part 2 / BD 37/01,ha_hb,permanent_component,precast_girder_structural_dead,permanent_components/precast_girder_structural_dead/precast_girder_structural_dead.std,201,precast_girder,structural_dead,1.1499999999999999
bs_combination_3_uls_ha_hb__ha_hb_000760,bs_combination_3_uls_ha_hb,BS 5400:Part 2 / BD 37/01,ha_hb,permanent_component,deck_construction_structural_dead,permanent_components/deck_construction_structural_dead/deck_construction_structural_dead.std,202,deck_construction,structural_dead,1.1499999999999999
bs_combination_3_uls_ha_hb__ha_hb_000760,bs_combination_3_uls_ha_hb,BS 5400:Part 2 / BD 37/01,ha_hb,permanent_component,superimposed_surfacing,permanent_components/superimposed_surfacing/superimposed_surfacing.std,203,superimposed,surfacing,1.75
bs_combination_3_uls_ha_hb__ha_hb_000760,bs_combination_3_uls_ha_hb,BS 5400:Part 2 / BD 37/01,ha_hb,permanent_component,superimposed_other_superimposed,permanent_components/superimposed_other_superimposed/superimposed_other_superimposed.std,204,superimposed,other_superimposed,1.2
bs_combination_3_uls_ha_hb__ha_hb_000760,bs_combination_3_uls_ha_hb,BS 5400:Part 2 / BD 37/01,ha_hb,traffic_case,ha_hb_000760,traffic/ha_hb/ha_hb_000760/ha_hb_000760.std,760,superimposed,,1.1000000000000001
bs_combination_3_uls_ha_hb__ha_hb_000785,bs_combination_3_uls_ha_hb,BS 5400:Part 2 / BD 37/01,ha_hb,permanent_component,precast_girder_structural_dead,permanent_components/precast_girder_structural_dead/precast_girder_structural_dead.std,201,precast_girder,structural_dead,1.1499999999999999
bs_combination_3_uls_ha_hb__ha_hb_000785,bs_combination_3_uls_ha_hb,BS 5400:Part 2 / BD 37/01,ha_hb,permanent_component,deck_construction_structural_dead,permanent_components/deck_construction_structural_dead/deck_construction_structural_dead.std,202,deck_construction,structural_dead,1.1499999999999999
bs_combination_3_uls_ha_hb__ha_hb_000785,bs_combination_3_uls_ha_hb,BS 5400:Part 2 / BD 37/01,ha_hb,permanent_component,superimposed_surfacing,permanent_components/superimposed_surfacing/superimposed_surfacing.std,203,superimposed,surfacing,1.75
bs_combination_3_uls_ha_hb__ha_hb_000785,bs_combination_3_uls_ha_hb,BS 5400:Part 2 / BD 37/01,ha_hb,permanent_component,superimposed_other_superimposed,permanent_components/superimposed_other_superimposed/superimposed_other_superimposed.std,204,superimposed,other_superimposed,1.2
bs_combination_3_uls_ha_hb__ha_hb_000785,bs_combination_3_uls_ha_hb,BS 5400:Part 2 / BD 37/01,ha_hb,traffic_case,ha_hb_000785,traffic/ha_hb/ha_hb_000785/ha_hb_000785.std,785,superimposed,,1.1000000000000001
bs_combination_3_uls_ha_hb__ha_hb_000786,bs_combination_3_uls_ha_hb,BS 5400:Part 2 / BD 37/01,ha_hb,permanent_component,precast_girder_structural_dead,permanent_components/precast_girder_structural_dead/precast_girder_structural_dead.std,201,precast_girder,structural_dead,1.1499999999999999
bs_combination_3_uls_ha_hb__ha_hb_000786,bs_combination_3_uls_ha_hb,BS 5400:Part 2 / BD 37/01,ha_hb,permanent_component,deck_construction_structural_dead,permanent_components/deck_construction_structural_dead/deck_construction_structural_dead.std,202,deck_construction,structural_dead,1.1499999999999999
bs_combination_3_uls_ha_hb__ha_hb_000786,bs_combination_3_uls_ha_hb,BS 5400:Part 2 / BD 37/01,ha_hb,permanent_component,superimposed_surfacing,permanent_components/superimposed_surfacing/superimposed_surfacing.std,203,superimposed,surfacing,1.75
bs_combination_3_uls_ha_hb__ha_hb_000786,bs_combination_3_uls_ha_hb,BS 5400:Part 2 / BD 37/01,ha_hb,permanent_component,superimposed_other_superimposed,permanent_components/superimposed_other_superimposed/superimposed_other_superimposed.std,204,superimposed,other_superimposed,1.2
bs_combination_3_uls_ha_hb__ha_hb_000786,bs_combination_3_uls_ha_hb,BS 5400:Part 2 / BD 37/01,ha_hb,traffic_case,ha_hb_000786,traffic/ha_hb/ha_hb_000786/ha_hb_000786.std,786,superimposed,,1.1000000000000001
bs_combination_3_uls_ha_hb__ha_hb_000832,bs_combination_3_uls_ha_hb,BS 5400:Part 2 / BD 37/01,ha_hb,permanent_component,precast_girder_structural_dead,permanent_components/precast_girder_structural_dead/precast_girder_structural_dead.std,201,precast_girder,structural_dead,1.1499999999999999
bs_combination_3_uls_ha_hb__ha_hb_000832,bs_combination_3_uls_ha_hb,BS 5400:Part 2 / BD 37/01,ha_hb,permanent_component,deck_construction_structural_dead,permanent_components/deck_construction_structural_dead/deck_construction_structural_dead.std,202,deck_construction,structural_dead,1.1499999999999999
bs_combination_3_uls_ha_hb__ha_hb_000832,bs_combination_3_uls_ha_hb,BS 5400:Part 2 / BD 37/01,ha_hb,permanent_component,superimposed_surfacing,permanent_components/superimposed_surfacing/superimposed_surfacing.std,203,superimposed,surfacing,1.75
bs_combination_3_uls_ha_hb__ha_hb_000832,bs_combination_3_uls_ha_hb,BS 5400:Part 2 / BD 37/01,ha_hb,permanent_component,superimposed_other_superimposed,permanent_components/superimposed_other_superimposed/superimposed_other_superimposed.std,204,superimposed,other_superimposed,1.2
bs_combination_3_uls_ha_hb__ha_hb_000832,bs_combination_3_uls_ha_hb,BS 5400:Part 2 / BD 37/01,ha_hb,traffic_case,ha_hb_000832,traffic/ha_hb/ha_hb_000832/ha_hb_000832.std,832,superimposed,,1.1000000000000001
bs_combination_3_sls_ha_hb__ha_hb_000630,bs_combination_3_sls_ha_hb,BS 5400:Part 2 / BD 37/01,ha_hb,permanent_component,precast_girder_structural_dead,permanent_components/precast_girder_structural_dead/precast_girder_structural_dead.std,201,precast_girder,structural_dead,1
bs_combination_3_sls_ha_hb__ha_hb_000630,bs_combination_3_sls_ha_hb,BS 5400:Part 2 / BD 37/01,ha_hb,permanent_component,deck_construction_structural_dead,permanent_components/deck_construction_structural_dead/deck_construction_structural_dead.std,202,deck_construction,structural_dead,1
bs_combination_3_sls_ha_hb__ha_hb_000630,bs_combination_3_sls_ha_hb,BS 5400:Part 2 / BD 37/01,ha_hb,permanent_component,superimposed_surfacing,permanent_components/superimposed_surfacing/superimposed_surfacing.std,203,superimposed,surfacing,1.2
bs_combination_3_sls_ha_hb__ha_hb_000630,bs_combination_3_sls_ha_hb,BS 5400:Part 2 / BD 37/01,ha_hb,permanent_component,superimposed_other_superimposed,permanent_components/superimposed_other_superimposed/superimposed_other_superimposed.std,204,superimposed,other_superimposed,1
bs_combination_3_sls_ha_hb__ha_hb_000630,bs_combination_3_sls_ha_hb,BS 5400:Part 2 / BD 37/01,ha_hb,traffic_case,ha_hb_000630,traffic/ha_hb/ha_hb_000630/ha_hb_000630.std,630,superimposed,,1
bs_combination_3_sls_ha_hb__ha_hb_000632,bs_combination_3_sls_ha_hb,BS 5400:Part 2 / BD 37/01,ha_hb,permanent_component,precast_girder_structural_dead,permanent_components/precast_girder_structural_dead/precast_girder_structural_dead.std,201,precast_girder,structural_dead,1
bs_combination_3_sls_ha_hb__ha_hb_000632,bs_combination_3_sls_ha_hb,BS 5400:Part 2 / BD 37/01,ha_hb,permanent_component,deck_construction_structural_dead,permanent_components/deck_construction_structural_dead/deck_construction_structural_dead.std,202,deck_construction,structural_dead,1
bs_combination_3_sls_ha_hb__ha_hb_000632,bs_combination_3_sls_ha_hb,BS 5400:Part 2 / BD 37/01,ha_hb,permanent_component,superimposed_surfacing,permanent_components/superimposed_surfacing/superimposed_surfacing.std,203,superimposed,surfacing,1.2
bs_combination_3_sls_ha_hb__ha_hb_000632,bs_combination_3_sls_ha_hb,BS 5400:Part 2 / BD 37/01,ha_hb,permanent_component,superimposed_other_superimposed,permanent_components/superimposed_other_superimposed/superimposed_other_superimposed.std,204,superimposed,other_superimposed,1
bs_combination_3_sls_ha_hb__ha_hb_000632,bs_combination_3_sls_ha_hb,BS 5400:Part 2 / BD 37/01,ha_hb,traffic_case,ha_hb_000632,traffic/ha_hb/ha_hb_000632/ha_hb_000632.std,632,superimposed,,1
bs_combination_3_sls_ha_hb__ha_hb_000657,bs_combination_3_sls_ha_hb,BS 5400:Part 2 / BD 37/01,ha_hb,permanent_component,precast_girder_structural_dead,permanent_components/precast_girder_structural_dead/precast_girder_structural_dead.std,201,precast_girder,structural_dead,1
bs_combination_3_sls_ha_hb__ha_hb_000657,bs_combination_3_sls_ha_hb,BS 5400:Part 2 / BD 37/01,ha_hb,permanent_component,deck_construction_structural_dead,permanent_components/deck_construction_structural_dead/deck_construction_structural_dead.std,202,deck_construction,structural_dead,1
bs_combination_3_sls_ha_hb__ha_hb_000657,bs_combination_3_sls_ha_hb,BS 5400:Part 2 / BD 37/01,ha_hb,permanent_component,superimposed_surfacing,permanent_components/superimposed_surfacing/superimposed_surfacing.std,203,superimposed,surfacing,1.2
bs_combination_3_sls_ha_hb__ha_hb_000657,bs_combination_3_sls_ha_hb,BS 5400:Part 2 / BD 37/01,ha_hb,permanent_component,superimposed_other_superimposed,permanent_components/superimposed_other_superimposed/superimposed_other_superimposed.std,204,superimposed,other_superimposed,1
bs_combination_3_sls_ha_hb__ha_hb_000657,bs_combination_3_sls_ha_hb,BS 5400:Part 2 / BD 37/01,ha_hb,traffic_case,ha_hb_000657,traffic/ha_hb/ha_hb_000657/ha_hb_000657.std,657,superimposed,,1
bs_combination_3_sls_ha_hb__ha_hb_000676,bs_combination_3_sls_ha_hb,BS 5400:Part 2 / BD 37/01,ha_hb,permanent_component,precast_girder_structural_dead,permanent_components/precast_girder_structural_dead/precast_girder_structural_dead.std,201,precast_girder,structural_dead,1
bs_combination_3_sls_ha_hb__ha_hb_000676,bs_combination_3_sls_ha_hb,BS 5400:Part 2 / BD 37/01,ha_hb,permanent_component,deck_construction_structural_dead,permanent_components/deck_construction_structural_dead/deck_construction_structural_dead.std,202,deck_construction,structural_dead,1
bs_combination_3_sls_ha_hb__ha_hb_000676,bs_combination_3_sls_ha_hb,BS 5400:Part 2 / BD 37/01,ha_hb,permanent_component,superimposed_surfacing,permanent_components/superimposed_surfacing/superimposed_surfacing.std,203,superimposed,surfacing,1.2
bs_combination_3_sls_ha_hb__ha_hb_000676,bs_combination_3_sls_ha_hb,BS 5400:Part 2 / BD 37/01,ha_hb,permanent_component,superimposed_other_superimposed,permanent_components/superimposed_other_superimposed/superimposed_other_superimposed.std,204,superimposed,other_superimposed,1
bs_combination_3_sls_ha_hb__ha_hb_000676,bs_combination_3_sls_ha_hb,BS 5400:Part 2 / BD 37/01,ha_hb,traffic_case,ha_hb_000676,traffic/ha_hb/ha_hb_000676/ha_hb_000676.std,676,superimposed,,1
bs_combination_3_sls_ha_hb__ha_hb_000678,bs_combination_3_sls_ha_hb,BS 5400:Part 2 / BD 37/01,ha_hb,permanent_component,precast_girder_structural_dead,permanent_components/precast_girder_structural_dead/precast_girder_structural_dead.std,201,precast_girder,structural_dead,1
bs_combination_3_sls_ha_hb__ha_hb_000678,bs_combination_3_sls_ha_hb,BS 5400:Part 2 / BD 37/01,ha_hb,permanent_component,deck_construction_structural_dead,permanent_components/deck_construction_structural_dead/deck_construction_structural_dead.std,202,deck_construction,structural_dead,1
bs_combination_3_sls_ha_hb__ha_hb_000678,bs_combination_3_sls_ha_hb,BS 5400:Part 2 / BD 37/01,ha_hb,permanent_component,superimposed_surfacing,permanent_components/superimposed_surfacing/superimposed_surfacing.std,203,superimposed,surfacing,1.2
bs_combination_3_sls_ha_hb__ha_hb_000678,bs_combination_3_sls_ha_hb,BS 5400:Part 2 / BD 37/01,ha_hb,permanent_component,superimposed_other_superimposed,permanent_components/superimposed_other_superimposed/superimposed_other_superimposed.std,204,superimposed,other_superimposed,1
bs_combination_3_sls_ha_hb__ha_hb_000678,bs_combination_3_sls_ha_hb,BS 5400:Part 2 / BD 37/01,ha_hb,traffic_case,ha_hb_000678,traffic/ha_hb/ha_hb_000678/ha_hb_000678.std,678,superimposed,,1
bs_combination_3_sls_ha_hb__ha_hb_000703,bs_combination_3_sls_ha_hb,BS 5400:Part 2 / BD 37/01,ha_hb,permanent_component,precast_girder_structural_dead,permanent_components/precast_girder_structural_dead/precast_girder_structural_dead.std,201,precast_girder,structural_dead,1
bs_combination_3_sls_ha_hb__ha_hb_000703,bs_combination_3_sls_ha_hb,BS 5400:Part 2 / BD 37/01,ha_hb,permanent_component,deck_construction_structural_dead,permanent_components/deck_construction_structural_dead/deck_construction_structural_dead.std,202,deck_construction,structural_dead,1
bs_combination_3_sls_ha_hb__ha_hb_000703,bs_combination_3_sls_ha_hb,BS 5400:Part 2 / BD 37/01,ha_hb,permanent_component,superimposed_surfacing,permanent_components/superimposed_surfacing/superimposed_surfacing.std,203,superimposed,surfacing,1.2
bs_combination_3_sls_ha_hb__ha_hb_000703,bs_combination_3_sls_ha_hb,BS 5400:Part 2 / BD 37/01,ha_hb,permanent_component,superimposed_other_superimposed,permanent_components/superimposed_other_superimposed/superimposed_other_superimposed.std,204,superimposed,other_superimposed,1
bs_combination_3_sls_ha_hb__ha_hb_000703,bs_combination_3_sls_ha_hb,BS 5400:Part 2 / BD 37/01,ha_hb,traffic_case,ha_hb_000703,traffic/ha_hb/ha_hb_000703/ha_hb_000703.std,703,superimposed,,1
bs_combination_3_sls_ha_hb__ha_hb_000708,bs_combination_3_sls_ha_hb,BS 5400:Part 2 / BD 37/01,ha_hb,permanent_component,precast_girder_structural_dead,permanent_components/precast_girder_structural_dead/precast_girder_structural_dead.std,201,precast_girder,structural_dead,1
bs_combination_3_sls_ha_hb__ha_hb_000708,bs_combination_3_sls_ha_hb,BS 5400:Part 2 / BD 37/01,ha_hb,permanent_component,deck_construction_structural_dead,permanent_components/deck_construction_structural_dead/deck_construction_structural_dead.std,202,deck_construction,structural_dead,1
bs_combination_3_sls_ha_hb__ha_hb_000708,bs_combination_3_sls_ha_hb,BS 5400:Part 2 / BD 37/01,ha_hb,permanent_component,superimposed_surfacing,permanent_components/superimposed_surfacing/superimposed_surfacing.std,203,superimposed,surfacing,1.2
bs_combination_3_sls_ha_hb__ha_hb_000708,bs_combination_3_sls_ha_hb,BS 5400:Part 2 / BD 37/01,ha_hb,permanent_component,superimposed_other_superimposed,permanent_components/superimposed_other_superimposed/superimposed_other_superimposed.std,204,superimposed,other_superimposed,1
bs_combination_3_sls_ha_hb__ha_hb_000708,bs_combination_3_sls_ha_hb,BS 5400:Part 2 / BD 37/01,ha_hb,traffic_case,ha_hb_000708,traffic/ha_hb/ha_hb_000708/ha_hb_000708.std,708,superimposed,,1
bs_combination_3_sls_ha_hb__ha_hb_000734,bs_combination_3_sls_ha_hb,BS 5400:Part 2 / BD 37/01,ha_hb,permanent_component,precast_girder_structural_dead,permanent_components/precast_girder_structural_dead/precast_girder_structural_dead.std,201,precast_girder,structural_dead,1
bs_combination_3_sls_ha_hb__ha_hb_000734,bs_combination_3_sls_ha_hb,BS 5400:Part 2 / BD 37/01,ha_hb,permanent_component,deck_construction_structural_dead,permanent_components/deck_construction_structural_dead/deck_construction_structural_dead.std,202,deck_construction,structural_dead,1
bs_combination_3_sls_ha_hb__ha_hb_000734,bs_combination_3_sls_ha_hb,BS 5400:Part 2 / BD 37/01,ha_hb,permanent_component,superimposed_surfacing,permanent_components/superimposed_surfacing/superimposed_surfacing.std,203,superimposed,surfacing,1.2
bs_combination_3_sls_ha_hb__ha_hb_000734,bs_combination_3_sls_ha_hb,BS 5400:Part 2 / BD 37/01,ha_hb,permanent_component,superimposed_other_superimposed,permanent_components/superimposed_other_superimposed/superimposed_other_superimposed.std,204,superimposed,other_superimposed,1
bs_combination_3_sls_ha_hb__ha_hb_000734,bs_combination_3_sls_ha_hb,BS 5400:Part 2 / BD 37/01,ha_hb,traffic_case,ha_hb_000734,traffic/ha_hb/ha_hb_000734/ha_hb_000734.std,734,superimposed,,1
bs_combination_3_sls_ha_hb__ha_hb_000742,bs_combination_3_sls_ha_hb,BS 5400:Part 2 / BD 37/01,ha_hb,permanent_component,precast_girder_structural_dead,permanent_components/precast_girder_structural_dead/precast_girder_structural_dead.std,201,precast_girder,structural_dead,1
bs_combination_3_sls_ha_hb__ha_hb_000742,bs_combination_3_sls_ha_hb,BS 5400:Part 2 / BD 37/01,ha_hb,permanent_component,deck_construction_structural_dead,permanent_components/deck_construction_structural_dead/deck_construction_structural_dead.std,202,deck_construction,structural_dead,1
bs_combination_3_sls_ha_hb__ha_hb_000742,bs_combination_3_sls_ha_hb,BS 5400:Part 2 / BD 37/01,ha_hb,permanent_component,superimposed_surfacing,permanent_components/superimposed_surfacing/superimposed_surfacing.std,203,superimposed,surfacing,1.2
bs_combination_3_sls_ha_hb__ha_hb_000742,bs_combination_3_sls_ha_hb,BS 5400:Part 2 / BD 37/01,ha_hb,permanent_component,superimposed_other_superimposed,permanent_components/superimposed_other_superimposed/superimposed_other_superimposed.std,204,superimposed,other_superimposed,1
bs_combination_3_sls_ha_hb__ha_hb_000742,bs_combination_3_sls_ha_hb,BS 5400:Part 2 / BD 37/01,ha_hb,traffic_case,ha_hb_000742,traffic/ha_hb/ha_hb_000742/ha_hb_000742.std,742,superimposed,,1
bs_combination_3_sls_ha_hb__ha_hb_000746,bs_combination_3_sls_ha_hb,BS 5400:Part 2 / BD 37/01,ha_hb,permanent_component,precast_girder_structural_dead,permanent_components/precast_girder_structural_dead/precast_girder_structural_dead.std,201,precast_girder,structural_dead,1
bs_combination_3_sls_ha_hb__ha_hb_000746,bs_combination_3_sls_ha_hb,BS 5400:Part 2 / BD 37/01,ha_hb,permanent_component,deck_construction_structural_dead,permanent_components/deck_construction_structural_dead/deck_construction_structural_dead.std,202,deck_construction,structural_dead,1
bs_combination_3_sls_ha_hb__ha_hb_000746,bs_combination_3_sls_ha_hb,BS 5400:Part 2 / BD 37/01,ha_hb,permanent_component,superimposed_surfacing,permanent_components/superimposed_surfacing/superimposed_surfacing.std,203,superimposed,surfacing,1.2
bs_combination_3_sls_ha_hb__ha_hb_000746,bs_combination_3_sls_ha_hb,BS 5400:Part 2 / BD 37/01,ha_hb,permanent_component,superimposed_other_superimposed,permanent_components/superimposed_other_superimposed/superimposed_other_superimposed.std,204,superimposed,other_superimposed,1
bs_combination_3_sls_ha_hb__ha_hb_000746,bs_combination_3_sls_ha_hb,BS 5400:Part 2 / BD 37/01,ha_hb,traffic_case,ha_hb_000746,traffic/ha_hb/ha_hb_000746/ha_hb_000746.std,746,superimposed,,1
bs_combination_3_sls_ha_hb__ha_hb_000754,bs_combination_3_sls_ha_hb,BS 5400:Part 2 / BD 37/01,ha_hb,permanent_component,precast_girder_structural_dead,permanent_components/precast_girder_structural_dead/precast_girder_structural_dead.std,201,precast_girder,structural_dead,1
bs_combination_3_sls_ha_hb__ha_hb_000754,bs_combination_3_sls_ha_hb,BS 5400:Part 2 / BD 37/01,ha_hb,permanent_component,deck_construction_structural_dead,permanent_components/deck_construction_structural_dead/deck_construction_structural_dead.std,202,deck_construction,structural_dead,1
bs_combination_3_sls_ha_hb__ha_hb_000754,bs_combination_3_sls_ha_hb,BS 5400:Part 2 / BD 37/01,ha_hb,permanent_component,superimposed_surfacing,permanent_components/superimposed_surfacing/superimposed_surfacing.std,203,superimposed,surfacing,1.2
bs_combination_3_sls_ha_hb__ha_hb_000754,bs_combination_3_sls_ha_hb,BS 5400:Part 2 / BD 37/01,ha_hb,permanent_component,superimposed_other_superimposed,permanent_components/superimposed_other_superimposed/superimposed_other_superimposed.std,204,superimposed,other_superimposed,1
bs_combination_3_sls_ha_hb__ha_hb_000754,bs_combination_3_sls_ha_hb,BS 5400:Part 2 / BD 37/01,ha_hb,traffic_case,ha_hb_000754,traffic/ha_hb/ha_hb_000754/ha_hb_000754.std,754,superimposed,,1
bs_combination_3_sls_ha_hb__ha_hb_000760,bs_combination_3_sls_ha_hb,BS 5400:Part 2 / BD 37/01,ha_hb,permanent_component,precast_girder_structural_dead,permanent_components/precast_girder_structural_dead/precast_girder_structural_dead.std,201,precast_girder,structural_dead,1
bs_combination_3_sls_ha_hb__ha_hb_000760,bs_combination_3_sls_ha_hb,BS 5400:Part 2 / BD 37/01,ha_hb,permanent_component,deck_construction_structural_dead,permanent_components/deck_construction_structural_dead/deck_construction_structural_dead.std,202,deck_construction,structural_dead,1
bs_combination_3_sls_ha_hb__ha_hb_000760,bs_combination_3_sls_ha_hb,BS 5400:Part 2 / BD 37/01,ha_hb,permanent_component,superimposed_surfacing,permanent_components/superimposed_surfacing/superimposed_surfacing.std,203,superimposed,surfacing,1.2
bs_combination_3_sls_ha_hb__ha_hb_000760,bs_combination_3_sls_ha_hb,BS 5400:Part 2 / BD 37/01,ha_hb,permanent_component,superimposed_other_superimposed,permanent_components/superimposed_other_superimposed/superimposed_other_superimposed.std,204,superimposed,other_superimposed,1
bs_combination_3_sls_ha_hb__ha_hb_000760,bs_combination_3_sls_ha_hb,BS 5400:Part 2 / BD 37/01,ha_hb,traffic_case,ha_hb_000760,traffic/ha_hb/ha_hb_000760/ha_hb_000760.std,760,superimposed,,1
bs_combination_3_sls_ha_hb__ha_hb_000785,bs_combination_3_sls_ha_hb,BS 5400:Part 2 / BD 37/01,ha_hb,permanent_component,precast_girder_structural_dead,permanent_components/precast_girder_structural_dead/precast_girder_structural_dead.std,201,precast_girder,structural_dead,1
bs_combination_3_sls_ha_hb__ha_hb_000785,bs_combination_3_sls_ha_hb,BS 5400:Part 2 / BD 37/01,ha_hb,permanent_component,deck_construction_structural_dead,permanent_components/deck_construction_structural_dead/deck_construction_structural_dead.std,202,deck_construction,structural_dead,1
bs_combination_3_sls_ha_hb__ha_hb_000785,bs_combination_3_sls_ha_hb,BS 5400:Part 2 / BD 37/01,ha_hb,permanent_component,superimposed_surfacing,permanent_components/superimposed_surfacing/superimposed_surfacing.std,203,superimposed,surfacing,1.2
bs_combination_3_sls_ha_hb__ha_hb_000785,bs_combination_3_sls_ha_hb,BS 5400:Part 2 / BD 37/01,ha_hb,permanent_component,superimposed_other_superimposed,permanent_components/superimposed_other_superimposed/superimposed_other_superimposed.std,204,superimposed,other_superimposed,1
bs_combination_3_sls_ha_hb__ha_hb_000785,bs_combination_3_sls_ha_hb,BS 5400:Part 2 / BD 37/01,ha_hb,traffic_case,ha_hb_000785,traffic/ha_hb/ha_hb_000785/ha_hb_000785.std,785,superimposed,,1
bs_combination_3_sls_ha_hb__ha_hb_000786,bs_combination_3_sls_ha_hb,BS 5400:Part 2 / BD 37/01,ha_hb,permanent_component,precast_girder_structural_dead,permanent_components/precast_girder_structural_dead/precast_girder_structural_dead.std,201,precast_girder,structural_dead,1
bs_combination_3_sls_ha_hb__ha_hb_000786,bs_combination_3_sls_ha_hb,BS 5400:Part 2 / BD 37/01,ha_hb,permanent_component,deck_construction_structural_dead,permanent_components/deck_construction_structural_dead/deck_construction_structural_dead.std,202,deck_construction,structural_dead,1
bs_combination_3_sls_ha_hb__ha_hb_000786,bs_combination_3_sls_ha_hb,BS 5400:Part 2 / BD 37/01,ha_hb,permanent_component,superimposed_surfacing,permanent_components/superimposed_surfacing/superimposed_surfacing.std,203,superimposed,surfacing,1.2
bs_combination_3_sls_ha_hb__ha_hb_000786,bs_combination_3_sls_ha_hb,BS 5400:Part 2 / BD 37/01,ha_hb,permanent_component,superimposed_other_superimposed,permanent_components/superimposed_other_superimposed/superimposed_other_superimposed.std,204,superimposed,other_superimposed,1
bs_combination_3_sls_ha_hb__ha_hb_000786,bs_combination_3_sls_ha_hb,BS 5400:Part 2 / BD 37/01,ha_hb,traffic_case,ha_hb_000786,traffic/ha_hb/ha_hb_000786/ha_hb_000786.std,786,superimposed,,1
bs_combination_3_sls_ha_hb__ha_hb_000832,bs_combination_3_sls_ha_hb,BS 5400:Part 2 / BD 37/01,ha_hb,permanent_component,precast_girder_structural_dead,permanent_components/precast_girder_structural_dead/precast_girder_structural_dead.std,201,precast_girder,structural_dead,1
bs_combination_3_sls_ha_hb__ha_hb_000832,bs_combination_3_sls_ha_hb,BS 5400:Part 2 / BD 37/01,ha_hb,permanent_component,deck_construction_structural_dead,permanent_components/deck_construction_structural_dead/deck_construction_structural_dead.std,202,deck_construction,structural_dead,1
bs_combination_3_sls_ha_hb__ha_hb_000832,bs_combination_3_sls_ha_hb,BS 5400:Part 2 / BD 37/01,ha_hb,permanent_component,superimposed_surfacing,permanent_components/superimposed_surfacing/superimposed_surfacing.std,203,superimposed,surfacing,1.2
bs_combination_3_sls_ha_hb__ha_hb_000832,bs_combination_3_sls_ha_hb,BS 5400:Part 2 / BD 37/01,ha_hb,permanent_component,superimposed_other_superimposed,permanent_components/superimposed_other_superimposed/superimposed_other_superimposed.std,204,superimposed,other_superimposed,1
bs_combination_3_sls_ha_hb__ha_hb_000832,bs_combination_3_sls_ha_hb,BS 5400:Part 2 / BD 37/01,ha_hb,traffic_case,ha_hb_000832,traffic/ha_hb/ha_hb_000832/ha_hb_000832.std,832,superimposed,,1
